{
"type": "FeatureCollection",
"name": "all_clean_substations",
"crs": { "type": "name", "properties": { "name": "urn:ogc:def:crs:OGC:1.3:CRS84" } },
"features": [
{ "type": "Feature", "properties": { "bus_id": 0, "symbol": "substation", "tag_substation": "transmission", "voltage": 161000, "lon": -1.2194743763071407, "lat": 6.6346598833959129, "dc": false, "under_construction": false, "station_id": null, "tag_area": null, "country": "GH" }, "geometry": { "type": "Point", "coordinates": [ -1.219474376307141, 6.634659883395913 ] } },
{ "type": "Feature", "properties": { "bus_id": 1, "symbol": "substation", "tag_substation": "transmission", "voltage": 161000, "lon": -2.3412222586271296, "lat": 7.0272768246351527, "dc": false, "under_construction": false, "station_id": null, "tag_area": null, "country": "GH" }, "geometry": { "type": "Point", "coordinates": [ -2.34122225862713, 7.027276824635153 ] } },
{ "type": "Feature", "properties": { "bus_id": 2, "symbol": "substation", "tag_substation": "transmission", "voltage": 161000, "lon": -1.4497446345699649, "lat": 8.7803092123993434, "dc": false, "under_construction": false, "station_id": null, "tag_area": null, "country": "GH" }, "geometry": { "type": "Point", "coordinates": [ -1.449744634569965, 8.780309212399343 ] } },
{ "type": "Feature", "properties": { "bus_id": 3, "symbol": "substation", "tag_substation": "transmission", "voltage": 161000, "lon": 0.056808751493233035, "lat": 6.2953872215929616, "dc": false, "under_construction": false, "station_id": null, "tag_area": null, "country": "GH" }, "geometry": { "type": "Point", "coordinates": [ 0.056808751493233, 6.295387221592962 ] } },
{ "type": "Feature", "properties": { "bus_id": 4, "symbol": "substation", "tag_substation": "transmission", "voltage": 161000, "lon": -1.9264294886957478, "lat": 7.5762526359864149, "dc": false, "under_construction": false, "station_id": null, "tag_area": null, "country": "GH" }, "geometry": { "type": "Point", "coordinates": [ -1.926429488695748, 7.576252635986415 ] } },
{ "type": "Feature", "properties": { "bus_id": 5, "symbol": "substation", "tag_substation": "transmission", "voltage": 330000, "lon": 0.00072628057663639135, "lat": 5.6947286935440538, "dc": false, "under_construction": false, "station_id": null, "tag_area": null, "country": "GH" }, "geometry": { "type": "Point", "coordinates": [ 0.000726280576636, 5.694728693544054 ] } },
{ "type": "Feature", "properties": { "bus_id": 6, "symbol": "substation", "tag_substation": "transmission", "voltage": 161000, "lon": 0.00266393364261044, "lat": 5.6953211213445307, "dc": false, "under_construction": false, "station_id": null, "tag_area": null, "country": "GH" }, "geometry": { "type": "Point", "coordinates": [ 0.00266393364261, 5.695321121344531 ] } },
{ "type": "Feature", "properties": { "bus_id": 7, "symbol": "substation", "tag_substation": "transmission", "voltage": 161000, "lon": -1.6883036086001713, "lat": 6.1647022147002302, "dc": false, "under_construction": false, "station_id": null, "tag_area": null, "country": "GH" }, "geometry": { "type": "Point", "coordinates": [ -1.688303608600171, 6.16470221470023 ] } },
{ "type": "Feature", "properties": { "bus_id": 8, "symbol": "substation", "tag_substation": "transmission", "voltage": 161000, "lon": -0.82347982106744111, "lat": 6.0135386170220189, "dc": false, "under_construction": false, "station_id": null, "tag_area": null, "country": "GH" }, "geometry": { "type": "Point", "coordinates": [ -0.823479821067441, 6.013538617022019 ] } },
{ "type": "Feature", "properties": { "bus_id": 9, "symbol": "substation", "tag_substation": "transmission", "voltage": 161000, "lon": -1.615709950734552, "lat": 6.6775650367975476, "dc": false, "under_construction": false, "station_id": null, "tag_area": null, "country": "GH" }, "geometry": { "type": "Point", "coordinates": [ -1.615709950734552, 6.677565036797548 ] } },
{ "type": "Feature", "properties": { "bus_id": 10, "symbol": "substation", "tag_substation": "transmission", "voltage": 161000, "lon": -2.4883008637766291, "lat": 10.070598288825497, "dc": false, "under_construction": false, "station_id": null, "tag_area": null, "country": "GH" }, "geometry": { "type": "Point", "coordinates": [ -2.488300863776629, 10.070598288825497 ] } },
{ "type": "Feature", "properties": { "bus_id": 11, "symbol": "substation", "tag_substation": "transmission", "voltage": 161000, "lon": -0.46019528191683362, "lat": 10.947834802739816, "dc": false, "under_construction": false, "station_id": null, "tag_area": null, "country": "GH" }, "geometry": { "type": "Point", "coordinates": [ -0.460195281916834, 10.947834802739816 ] } },
{ "type": "Feature", "properties": { "bus_id": 12, "symbol": "substation", "tag_substation": "transmission", "voltage": 161000, "lon": -0.87030048807784799, "lat": 10.794763987634566, "dc": false, "under_construction": false, "station_id": null, "tag_area": null, "country": "GH" }, "geometry": { "type": "Point", "coordinates": [ -0.870300488077848, 10.794763987634566 ] } },
{ "type": "Feature", "properties": { "bus_id": 13, "symbol": "substation", "tag_substation": "transmission", "voltage": 161000, "lon": -2.0004966006991056, "lat": 5.3134371338357651, "dc": false, "under_construction": false, "station_id": null, "tag_area": null, "country": "GH" }, "geometry": { "type": "Point", "coordinates": [ -2.000496600699106, 5.313437133835765 ] } },
{ "type": "Feature", "properties": { "bus_id": 14, "symbol": "substation", "tag_substation": "transmission", "voltage": 161000, "lon": -2.4233626451775852, "lat": 9.260274162063487, "dc": false, "under_construction": false, "station_id": null, "tag_area": null, "country": "GH" }, "geometry": { "type": "Point", "coordinates": [ -2.423362645177585, 9.260274162063487 ] } },
{ "type": "Feature", "properties": { "bus_id": 15, "symbol": "substation", "tag_substation": "transmission", "voltage": 161000, "lon": -0.85342653633491139, "lat": 9.4194817449750019, "dc": false, "under_construction": false, "station_id": null, "tag_area": null, "country": "GH" }, "geometry": { "type": "Point", "coordinates": [ -0.853426536334911, 9.419481744975002 ] } },
{ "type": "Feature", "properties": { "bus_id": 16, "symbol": "substation", "tag_substation": "transmission", "voltage": 161000, "lon": 1.17435565, "lat": 6.16711075, "dc": false, "under_construction": false, "station_id": null, "tag_area": null, "country": "GH" }, "geometry": { "type": "Point", "coordinates": [ 1.17435565, 6.16711075 ] } },
{ "type": "Feature", "properties": { "bus_id": 17, "symbol": "substation", "tag_substation": "transmission", "voltage": 161000, "lon": 0.55228102121579736, "lat": 6.2601644526016313, "dc": false, "under_construction": false, "station_id": null, "tag_area": null, "country": "GH" }, "geometry": { "type": "Point", "coordinates": [ 0.552281021215797, 6.260164452601631 ] } },
{ "type": "Feature", "properties": { "bus_id": 18, "symbol": "substation", "tag_substation": "transmission", "voltage": 161000, "lon": -0.015323468206981685, "lat": 9.4571701351333886, "dc": false, "under_construction": false, "station_id": null, "tag_area": null, "country": "GH" }, "geometry": { "type": "Point", "coordinates": [ -0.015323468206982, 9.457170135133389 ] } },
{ "type": "Feature", "properties": { "bus_id": 19, "symbol": "substation", "tag_substation": "transmission", "voltage": 161000, "lon": -0.64579683144932265, "lat": 5.388527403834801, "dc": false, "under_construction": false, "station_id": null, "tag_area": null, "country": "GH" }, "geometry": { "type": "Point", "coordinates": [ -0.645796831449323, 5.388527403834801 ] } },
{ "type": "Feature", "properties": { "bus_id": 20, "symbol": "substation", "tag_substation": "transmission", "voltage": 330000, "lon": -1.6600763296447534, "lat": 4.9731444319958698, "dc": false, "under_construction": false, "station_id": null, "tag_area": null, "country": "GH" }, "geometry": { "type": "Point", "coordinates": [ -1.660076329644753, 4.97314443199587 ] } },
{ "type": "Feature", "properties": { "bus_id": 21, "symbol": "substation", "tag_substation": "transmission", "voltage": 161000, "lon": -1.6600763296447534, "lat": 4.9731444319958698, "dc": false, "under_construction": false, "station_id": null, "tag_area": null, "country": "GH" }, "geometry": { "type": "Point", "coordinates": [ -1.660076329644753, 4.97314443199587 ] } },
{ "type": "Feature", "properties": { "bus_id": 22, "symbol": "substation", "tag_substation": "transmission", "voltage": 161000, "lon": -0.10852184348430642, "lat": 5.6518728694743992, "dc": false, "under_construction": false, "station_id": null, "tag_area": null, "country": "GH" }, "geometry": { "type": "Point", "coordinates": [ -0.108521843484306, 5.651872869474399 ] } },
{ "type": "Feature", "properties": { "bus_id": 23, "symbol": "substation", "tag_substation": "transmission", "voltage": 161000, "lon": 0.013514856507351673, "lat": 5.6754332576133999, "dc": false, "under_construction": false, "station_id": null, "tag_area": null, "country": "GH" }, "geometry": { "type": "Point", "coordinates": [ 0.013514856507352, 5.6754332576134 ] } },
{ "type": "Feature", "properties": { "bus_id": 24, "symbol": "substation", "tag_substation": "transmission", "voltage": 161000, "lon": -0.28297850498423022, "lat": 5.5800737415123143, "dc": false, "under_construction": false, "station_id": null, "tag_area": null, "country": "GH" }, "geometry": { "type": "Point", "coordinates": [ -0.28297850498423, 5.580073741512314 ] } },
{ "type": "Feature", "properties": { "bus_id": 25, "symbol": "substation", "tag_substation": "transmission", "voltage": 161000, "lon": -0.23346789720540234, "lat": 11.057346415773287, "dc": false, "under_construction": false, "station_id": null, "tag_area": null, "country": "GH" }, "geometry": { "type": "Point", "coordinates": [ -0.233467897205402, 11.057346415773287 ] } },
{ "type": "Feature", "properties": { "bus_id": 26, "symbol": "substation", "tag_substation": "transmission", "voltage": 161000, "lon": -0.77539035585736682, "lat": 6.5604606208852587, "dc": false, "under_construction": false, "station_id": null, "tag_area": null, "country": "GH" }, "geometry": { "type": "Point", "coordinates": [ -0.775390355857367, 6.560460620885259 ] } },
{ "type": "Feature", "properties": { "bus_id": 27, "symbol": "substation", "tag_substation": "transmission", "voltage": 161000, "lon": -2.0517276318082471, "lat": 5.5219000199037662, "dc": false, "under_construction": false, "station_id": null, "tag_area": null, "country": "GH" }, "geometry": { "type": "Point", "coordinates": [ -2.051727631808247, 5.521900019903766 ] } },
{ "type": "Feature", "properties": { "bus_id": 28, "symbol": "substation", "tag_substation": "transmission", "voltage": 161000, "lon": -2.02711325, "lat": 5.32805185, "dc": false, "under_construction": false, "station_id": null, "tag_area": null, "country": "GH" }, "geometry": { "type": "Point", "coordinates": [ -2.02711325, 5.32805185 ] } },
{ "type": "Feature", "properties": { "bus_id": 29, "symbol": "substation", "tag_substation": "transmission", "voltage": 161000, "lon": -1.2447695113877719, "lat": 5.1182341441006471, "dc": false, "under_construction": false, "station_id": null, "tag_area": null, "country": "GH" }, "geometry": { "type": "Point", "coordinates": [ -1.244769511387772, 5.118234144100647 ] } },
{ "type": "Feature", "properties": { "bus_id": 30, "symbol": "substation", "tag_substation": "transmission", "voltage": 225000, "lon": -2.7522360275958202, "lat": 5.288954281228091, "dc": false, "under_construction": false, "station_id": null, "tag_area": null, "country": "GH" }, "geometry": { "type": "Point", "coordinates": [ -2.75223602759582, 5.288954281228091 ] } },
{ "type": "Feature", "properties": { "bus_id": 31, "symbol": "substation", "tag_substation": "transmission", "voltage": 161000, "lon": -2.3443445, "lat": 4.9427483, "dc": false, "under_construction": false, "station_id": null, "tag_area": null, "country": "GH" }, "geometry": { "type": "Point", "coordinates": [ -2.3443445, 4.9427483 ] } },
{ "type": "Feature", "properties": { "bus_id": 32, "symbol": "substation", "tag_substation": "transmission", "voltage": 161000, "lon": 0.045447643834944901, "lat": 5.6815650855598987, "dc": false, "under_construction": false, "station_id": null, "tag_area": null, "country": "GH" }, "geometry": { "type": "Point", "coordinates": [ 0.045447643834945, 5.681565085559899 ] } },
{ "type": "Feature", "properties": { "bus_id": 33, "symbol": "substation", "tag_substation": "transmission", "voltage": 330000, "lon": -1.5194399864000427, "lat": 6.6936766181172649, "dc": false, "under_construction": false, "station_id": null, "tag_area": null, "country": "GH" }, "geometry": { "type": "Point", "coordinates": [ -1.519439986400043, 6.693676618117265 ] } },
{ "type": "Feature", "properties": { "bus_id": 34, "symbol": "substation", "tag_substation": "transmission", "voltage": 161000, "lon": -1.5194399864000427, "lat": 6.6936766181172649, "dc": false, "under_construction": false, "station_id": null, "tag_area": null, "country": "GH" }, "geometry": { "type": "Point", "coordinates": [ -1.519439986400043, 6.693676618117265 ] } },
{ "type": "Feature", "properties": { "bus_id": 35, "symbol": "substation", "tag_substation": "transmission", "voltage": 161000, "lon": -2.8323452966740366, "lat": 6.3527531227253506, "dc": false, "under_construction": false, "station_id": null, "tag_area": null, "country": "GH" }, "geometry": { "type": "Point", "coordinates": [ -2.832345296674037, 6.352753122725351 ] } },
{ "type": "Feature", "properties": { "bus_id": 37, "symbol": "substation", "tag_substation": "transmission", "voltage": 161000, "lon": -0.44224694564969852, "lat": 5.5310386028995939, "dc": false, "under_construction": false, "station_id": null, "tag_area": null, "country": "GH" }, "geometry": { "type": "Point", "coordinates": [ -0.442246945649699, 5.531038602899594 ] } },
{ "type": "Feature", "properties": { "bus_id": 38, "symbol": "substation", "tag_substation": "transmission", "voltage": 69000, "lon": 0.55222224142798859, "lat": 6.2601891255935227, "dc": false, "under_construction": false, "station_id": null, "tag_area": null, "country": "GH" }, "geometry": { "type": "Point", "coordinates": [ 0.552222241427989, 6.260189125593523 ] } },
{ "type": "Feature", "properties": { "bus_id": 39, "symbol": "substation", "tag_substation": "transmission", "voltage": 161000, "lon": 0.55222224142798859, "lat": 6.2601891255935227, "dc": false, "under_construction": false, "station_id": null, "tag_area": null, "country": "GH" }, "geometry": { "type": "Point", "coordinates": [ 0.552222241427989, 6.260189125593523 ] } },
{ "type": "Feature", "properties": { "bus_id": 40, "symbol": "substation", "tag_substation": "transmission", "voltage": 161000, "lon": 0.0019794, "lat": 5.6961349, "dc": false, "under_construction": false, "station_id": null, "tag_area": 0.0, "country": "GH" }, "geometry": { "type": "Point", "coordinates": [ 0.0019794, 5.696134899999977 ] } },
{ "type": "Feature", "properties": { "bus_id": 41, "symbol": "substation", "tag_substation": "transmission", "voltage": 161000, "lon": 0.0001835, "lat": 5.6962154, "dc": false, "under_construction": false, "station_id": null, "tag_area": 0.0, "country": "GH" }, "geometry": { "type": "Point", "coordinates": [ 0.0001835, 5.6962154 ] } },
{ "type": "Feature", "properties": { "bus_id": 42, "symbol": "substation", "tag_substation": "transmission", "voltage": 161000, "lon": 0.0155576, "lat": 5.8193462, "dc": false, "under_construction": false, "station_id": null, "tag_area": 0.0, "country": "GH" }, "geometry": { "type": "Point", "coordinates": [ 0.0155576, 5.8193462 ] } },
{ "type": "Feature", "properties": { "bus_id": 43, "symbol": "substation", "tag_substation": "transmission", "voltage": 161000, "lon": 0.0083397, "lat": 5.7348723, "dc": false, "under_construction": false, "station_id": null, "tag_area": 0.0, "country": "GH" }, "geometry": { "type": "Point", "coordinates": [ 0.0083397, 5.7348723 ] } },
{ "type": "Feature", "properties": { "bus_id": 44, "symbol": "substation", "tag_substation": "transmission", "voltage": 161000, "lon": 0.0276906, "lat": 5.9301117, "dc": false, "under_construction": false, "station_id": null, "tag_area": 0.0, "country": "GH" }, "geometry": { "type": "Point", "coordinates": [ 0.0276906, 5.9301117 ] } },
{ "type": "Feature", "properties": { "bus_id": 45, "symbol": "substation", "tag_substation": "transmission", "voltage": 161000, "lon": -2.0514098, "lat": 5.5218815, "dc": false, "under_construction": false, "station_id": null, "tag_area": 0.0, "country": "GH" }, "geometry": { "type": "Point", "coordinates": [ -2.05140980000001, 5.5218815 ] } },
{ "type": "Feature", "properties": { "bus_id": 46, "symbol": "substation", "tag_substation": "transmission", "voltage": 161000, "lon": -2.6442853, "lat": 5.1323658, "dc": false, "under_construction": false, "station_id": null, "tag_area": 0.0, "country": "GH" }, "geometry": { "type": "Point", "coordinates": [ -2.6442853, 5.132365800000039 ] } },
{ "type": "Feature", "properties": { "bus_id": 47, "symbol": "substation", "tag_substation": "transmission", "voltage": 161000, "lon": -2.3181888, "lat": 7.3334013, "dc": false, "under_construction": false, "station_id": null, "tag_area": 0.0, "country": "GH" }, "geometry": { "type": "Point", "coordinates": [ -2.3181888, 7.333401299999976 ] } },
{ "type": "Feature", "properties": { "bus_id": 48, "symbol": "substation", "tag_substation": "transmission", "voltage": 161000, "lon": -2.2883636, "lat": 6.905189, "dc": false, "under_construction": false, "station_id": null, "tag_area": 0.0, "country": "GH" }, "geometry": { "type": "Point", "coordinates": [ -2.2883636, 6.905189 ] } },
{ "type": "Feature", "properties": { "bus_id": 49, "symbol": "substation", "tag_substation": "transmission", "voltage": 161000, "lon": 0.058015, "lat": 6.294775, "dc": false, "under_construction": false, "station_id": null, "tag_area": 0.0, "country": "GH" }, "geometry": { "type": "Point", "coordinates": [ 0.058015, 6.294775 ] } },
{ "type": "Feature", "properties": { "bus_id": 50, "symbol": "substation", "tag_substation": "transmission", "voltage": 161000, "lon": -2.2324886, "lat": 8.276884, "dc": false, "under_construction": false, "station_id": null, "tag_area": 0.0, "country": "GH" }, "geometry": { "type": "Point", "coordinates": [ -2.2324886, 8.276884 ] } },
{ "type": "Feature", "properties": { "bus_id": 51, "symbol": "substation", "tag_substation": "transmission", "voltage": 161000, "lon": -2.2326943, "lat": 8.2766739, "dc": false, "under_construction": false, "station_id": null, "tag_area": 0.0, "country": "GH" }, "geometry": { "type": "Point", "coordinates": [ -2.2326943, 8.276673900000016 ] } },
{ "type": "Feature", "properties": { "bus_id": 52, "symbol": "substation", "tag_substation": "transmission", "voltage": 161000, "lon": -2.4239033, "lat": 9.2600334, "dc": false, "under_construction": false, "station_id": null, "tag_area": 0.0, "country": "GH" }, "geometry": { "type": "Point", "coordinates": [ -2.4239033, 9.260033399999982 ] } },
{ "type": "Feature", "properties": { "bus_id": 53, "symbol": "substation", "tag_substation": "transmission", "voltage": 161000, "lon": -1.926899, "lat": 7.5763662, "dc": false, "under_construction": false, "station_id": null, "tag_area": 0.0, "country": "GH" }, "geometry": { "type": "Point", "coordinates": [ -1.926899, 7.5763662 ] } },
{ "type": "Feature", "properties": { "bus_id": 54, "symbol": "substation", "tag_substation": "transmission", "voltage": 161000, "lon": 0.0629956, "lat": 6.1746296, "dc": false, "under_construction": false, "station_id": null, "tag_area": 0.0, "country": "GH" }, "geometry": { "type": "Point", "coordinates": [ 0.0629956, 6.1746296 ] } },
{ "type": "Feature", "properties": { "bus_id": 55, "symbol": "substation", "tag_substation": "transmission", "voltage": 161000, "lon": 0.0576196, "lat": 6.2942688, "dc": false, "under_construction": false, "station_id": null, "tag_area": 0.0, "country": "GH" }, "geometry": { "type": "Point", "coordinates": [ 0.0576196, 6.2942688 ] } },
{ "type": "Feature", "properties": { "bus_id": 56, "symbol": "substation", "tag_substation": "transmission", "voltage": 161000, "lon": 0.0624388, "lat": 6.1748718, "dc": false, "under_construction": false, "station_id": null, "tag_area": 0.0, "country": "GH" }, "geometry": { "type": "Point", "coordinates": [ 0.0624388, 6.1748718 ] } },
{ "type": "Feature", "properties": { "bus_id": 57, "symbol": "substation", "tag_substation": "transmission", "voltage": 161000, "lon": 0.0145902, "lat": 5.8070253, "dc": false, "under_construction": false, "station_id": null, "tag_area": 0.0, "country": "GH" }, "geometry": { "type": "Point", "coordinates": [ 0.0145902, 5.8070253 ] } },
{ "type": "Feature", "properties": { "bus_id": 58, "symbol": "substation", "tag_substation": "transmission", "voltage": 161000, "lon": -0.9452899, "lat": 9.3270796, "dc": false, "under_construction": false, "station_id": null, "tag_area": 0.0, "country": "GH" }, "geometry": { "type": "Point", "coordinates": [ -0.9452899, 9.3270796 ] } },
{ "type": "Feature", "properties": { "bus_id": 59, "symbol": "substation", "tag_substation": "transmission", "voltage": 161000, "lon": 0.0028192, "lat": 5.6942664, "dc": false, "under_construction": false, "station_id": null, "tag_area": 0.0, "country": "GH" }, "geometry": { "type": "Point", "coordinates": [ 0.0028192, 5.6942664 ] } },
{ "type": "Feature", "properties": { "bus_id": 60, "symbol": "substation", "tag_substation": "transmission", "voltage": 161000, "lon": 0.013212, "lat": 5.675707, "dc": false, "under_construction": false, "station_id": null, "tag_area": 0.0, "country": "GH" }, "geometry": { "type": "Point", "coordinates": [ 0.013212, 5.675707 ] } },
{ "type": "Feature", "properties": { "bus_id": 61, "symbol": "substation", "tag_substation": "transmission", "voltage": 161000, "lon": 0.013297, "lat": 5.6758038, "dc": false, "under_construction": false, "station_id": null, "tag_area": 0.0, "country": "GH" }, "geometry": { "type": "Point", "coordinates": [ 0.013297, 5.675803800000014 ] } },
{ "type": "Feature", "properties": { "bus_id": 62, "symbol": "substation", "tag_substation": "transmission", "voltage": 161000, "lon": 0.0459127, "lat": 5.682124, "dc": false, "under_construction": false, "station_id": null, "tag_area": 0.0, "country": "GH" }, "geometry": { "type": "Point", "coordinates": [ 0.0459127, 5.682124 ] } },
{ "type": "Feature", "properties": { "bus_id": 63, "symbol": "substation", "tag_substation": "transmission", "voltage": 161000, "lon": 0.0134675, "lat": 5.6759446, "dc": false, "under_construction": false, "station_id": null, "tag_area": 0.0, "country": "GH" }, "geometry": { "type": "Point", "coordinates": [ 0.0134675, 5.675944600000014 ] } },
{ "type": "Feature", "properties": { "bus_id": 64, "symbol": "substation", "tag_substation": "transmission", "voltage": 161000, "lon": -1.9833765, "lat": 7.4865753, "dc": false, "under_construction": false, "station_id": null, "tag_area": 0.0, "country": "GH" }, "geometry": { "type": "Point", "coordinates": [ -1.9833765, 7.4865753 ] } },
{ "type": "Feature", "properties": { "bus_id": 65, "symbol": "substation", "tag_substation": "transmission", "voltage": 161000, "lon": -1.4500818, "lat": 8.7793536, "dc": false, "under_construction": false, "station_id": null, "tag_area": 0.0, "country": "GH" }, "geometry": { "type": "Point", "coordinates": [ -1.4500818, 8.779353600000016 ] } },
{ "type": "Feature", "properties": { "bus_id": 66, "symbol": "substation", "tag_substation": "transmission", "voltage": 161000, "lon": -0.3637304, "lat": 6.2051471000001, "dc": false, "under_construction": false, "station_id": null, "tag_area": 0.0, "country": "GH" }, "geometry": { "type": "Point", "coordinates": [ -0.3637304, 6.20514710000008 ] } },
{ "type": "Feature", "properties": { "bus_id": 67, "symbol": "substation", "tag_substation": "transmission", "voltage": 161000, "lon": 0.0562272, "lat": 6.2961647, "dc": false, "under_construction": false, "station_id": null, "tag_area": 0.0, "country": "GH" }, "geometry": { "type": "Point", "coordinates": [ 0.0562272, 6.2961647 ] } },
{ "type": "Feature", "properties": { "bus_id": 68, "symbol": "substation", "tag_substation": "transmission", "voltage": 161000, "lon": -0.3669818, "lat": 6.208673, "dc": false, "under_construction": false, "station_id": null, "tag_area": 0.0, "country": "GH" }, "geometry": { "type": "Point", "coordinates": [ -0.3669818, 6.208673 ] } },
{ "type": "Feature", "properties": { "bus_id": 69, "symbol": "substation", "tag_substation": "transmission", "voltage": 161000, "lon": 0.0607074, "lat": 6.2938297, "dc": false, "under_construction": false, "station_id": null, "tag_area": 0.0, "country": "GH" }, "geometry": { "type": "Point", "coordinates": [ 0.0607074, 6.2938297 ] } },
{ "type": "Feature", "properties": { "bus_id": 70, "symbol": "substation", "tag_substation": "transmission", "voltage": 161000, "lon": 0.0133687, "lat": 5.6758578, "dc": false, "under_construction": false, "station_id": null, "tag_area": 0.0, "country": "GH" }, "geometry": { "type": "Point", "coordinates": [ 0.0133687, 5.675857800000014 ] } },
{ "type": "Feature", "properties": { "bus_id": 71, "symbol": "substation", "tag_substation": "transmission", "voltage": 161000, "lon": 0.0020518, "lat": 5.6963271, "dc": false, "under_construction": false, "station_id": null, "tag_area": 0.0, "country": "GH" }, "geometry": { "type": "Point", "coordinates": [ 0.0020518, 5.6963271 ] } },
{ "type": "Feature", "properties": { "bus_id": 72, "symbol": "substation", "tag_substation": "transmission", "voltage": 161000, "lon": -2.3181101, "lat": 7.3332079, "dc": false, "under_construction": false, "station_id": null, "tag_area": 0.0, "country": "GH" }, "geometry": { "type": "Point", "coordinates": [ -2.3181101, 7.333207899999977 ] } },
{ "type": "Feature", "properties": { "bus_id": 73, "symbol": "substation", "tag_substation": "transmission", "voltage": 161000, "lon": -1.6921038, "lat": 6.1853341, "dc": false, "under_construction": false, "station_id": null, "tag_area": 0.0, "country": "GH" }, "geometry": { "type": "Point", "coordinates": [ -1.6921038, 6.1853341 ] } },
{ "type": "Feature", "properties": { "bus_id": 74, "symbol": "substation", "tag_substation": "transmission", "voltage": 161000, "lon": -1.9306889, "lat": 5.959766, "dc": false, "under_construction": false, "station_id": null, "tag_area": 0.0, "country": "GH" }, "geometry": { "type": "Point", "coordinates": [ -1.9306889, 5.959766 ] } },
{ "type": "Feature", "properties": { "bus_id": 75, "symbol": "substation", "tag_substation": "transmission", "voltage": 161000, "lon": -1.7797449, "lat": 5.96307, "dc": false, "under_construction": false, "station_id": null, "tag_area": 0.0, "country": "GH" }, "geometry": { "type": "Point", "coordinates": [ -1.7797449, 5.96307 ] } },
{ "type": "Feature", "properties": { "bus_id": 76, "symbol": "substation", "tag_substation": "transmission", "voltage": 161000, "lon": -0.3698375, "lat": 6.2105597, "dc": false, "under_construction": false, "station_id": null, "tag_area": 0.0, "country": "GH" }, "geometry": { "type": "Point", "coordinates": [ -0.3698375, 6.21055969999996 ] } },
{ "type": "Feature", "properties": { "bus_id": 77, "symbol": "substation", "tag_substation": "transmission", "voltage": 161000, "lon": 0.0180469, "lat": 5.6728707, "dc": false, "under_construction": false, "station_id": null, "tag_area": 0.0, "country": "GH" }, "geometry": { "type": "Point", "coordinates": [ 0.0180469, 5.6728707 ] } },
{ "type": "Feature", "properties": { "bus_id": 78, "symbol": "substation", "tag_substation": "transmission", "voltage": 161000, "lon": -1.6879866, "lat": 6.1645396, "dc": false, "under_construction": false, "station_id": null, "tag_area": 0.0, "country": "GH" }, "geometry": { "type": "Point", "coordinates": [ -1.6879866, 6.164539600000021 ] } },
{ "type": "Feature", "properties": { "bus_id": 79, "symbol": "substation", "tag_substation": "transmission", "voltage": 161000, "lon": -2.133586, "lat": 7.8064508, "dc": false, "under_construction": false, "station_id": null, "tag_area": 0.0, "country": "GH" }, "geometry": { "type": "Point", "coordinates": [ -2.133586, 7.806450799999954 ] } },
{ "type": "Feature", "properties": { "bus_id": 80, "symbol": "substation", "tag_substation": "transmission", "voltage": 161000, "lon": -0.77568140000001096, "lat": 6.56064, "dc": false, "under_construction": false, "station_id": null, "tag_area": 0.0, "country": "GH" }, "geometry": { "type": "Point", "coordinates": [ -0.775681400000011, 6.56064 ] } },
{ "type": "Feature", "properties": { "bus_id": 81, "symbol": "substation", "tag_substation": "transmission", "voltage": 161000, "lon": -1.519204, "lat": 6.696387, "dc": false, "under_construction": false, "station_id": null, "tag_area": 0.0, "country": "GH" }, "geometry": { "type": "Point", "coordinates": [ -1.519204, 6.696387 ] } },
{ "type": "Feature", "properties": { "bus_id": 82, "symbol": "substation", "tag_substation": "transmission", "voltage": 161000, "lon": -0.8226298, "lat": 6.0136118, "dc": false, "under_construction": false, "station_id": null, "tag_area": 0.0, "country": "GH" }, "geometry": { "type": "Point", "coordinates": [ -0.8226298, 6.013611799999973 ] } },
{ "type": "Feature", "properties": { "bus_id": 83, "symbol": "substation", "tag_substation": "transmission", "voltage": 161000, "lon": -2.3182853, "lat": 7.3336371, "dc": false, "under_construction": false, "station_id": null, "tag_area": 0.0, "country": "GH" }, "geometry": { "type": "Point", "coordinates": [ -2.3182853, 7.333637099999976 ] } },
{ "type": "Feature", "properties": { "bus_id": 84, "symbol": "substation", "tag_substation": "transmission", "voltage": 161000, "lon": 0.0583163, "lat": 6.2952077, "dc": false, "under_construction": false, "station_id": null, "tag_area": 0.0, "country": "GH" }, "geometry": { "type": "Point", "coordinates": [ 0.0583163, 6.2952077 ] } },
{ "type": "Feature", "properties": { "bus_id": 85, "symbol": "substation", "tag_substation": "transmission", "voltage": 161000, "lon": -1.2196916, "lat": 6.634649, "dc": false, "under_construction": false, "station_id": null, "tag_area": 0.0, "country": "GH" }, "geometry": { "type": "Point", "coordinates": [ -1.219691600000011, 6.634649 ] } },
{ "type": "Feature", "properties": { "bus_id": 86, "symbol": "substation", "tag_substation": "transmission", "voltage": 161000, "lon": -2.0513883, "lat": 5.5216973, "dc": false, "under_construction": false, "station_id": null, "tag_area": 0.0, "country": "GH" }, "geometry": { "type": "Point", "coordinates": [ -2.05138830000001, 5.5216973 ] } },
{ "type": "Feature", "properties": { "bus_id": 87, "symbol": "substation", "tag_substation": "transmission", "voltage": 161000, "lon": -1.6921038, "lat": 6.1853341, "dc": false, "under_construction": false, "station_id": null, "tag_area": 0.0, "country": "GH" }, "geometry": { "type": "Point", "coordinates": [ -1.6921038, 6.1853341 ] } },
{ "type": "Feature", "properties": { "bus_id": 88, "symbol": "substation", "tag_substation": "transmission", "voltage": 161000, "lon": -3.0381724, "lat": 5.0796489, "dc": false, "under_construction": false, "station_id": null, "tag_area": 0.0, "country": "GH" }, "geometry": { "type": "Point", "coordinates": [ -3.0381724, 5.0796489 ] } },
{ "type": "Feature", "properties": { "bus_id": 89, "symbol": "substation", "tag_substation": "transmission", "voltage": 161000, "lon": -1.6583082, "lat": 4.9734093, "dc": false, "under_construction": false, "station_id": null, "tag_area": 0.0, "country": "GH" }, "geometry": { "type": "Point", "coordinates": [ -1.6583082, 4.9734093 ] } },
{ "type": "Feature", "properties": { "bus_id": 90, "symbol": "substation", "tag_substation": "transmission", "voltage": 161000, "lon": -0.8698798, "lat": 10.7943608, "dc": false, "under_construction": false, "station_id": null, "tag_area": 0.0, "country": "GH" }, "geometry": { "type": "Point", "coordinates": [ -0.8698798, 10.7943608 ] } },
{ "type": "Feature", "properties": { "bus_id": 91, "symbol": "substation", "tag_substation": "transmission", "voltage": 161000, "lon": -1.6590169, "lat": 4.9733704, "dc": false, "under_construction": false, "station_id": null, "tag_area": 0.0, "country": "GH" }, "geometry": { "type": "Point", "coordinates": [ -1.6590169, 4.9733704 ] } },
{ "type": "Feature", "properties": { "bus_id": 92, "symbol": "substation", "tag_substation": "transmission", "voltage": 161000, "lon": -2.4887474, "lat": 10.0704661, "dc": false, "under_construction": false, "station_id": null, "tag_area": 0.0, "country": "GH" }, "geometry": { "type": "Point", "coordinates": [ -2.4887474, 10.070466099999983 ] } },
{ "type": "Feature", "properties": { "bus_id": 93, "symbol": "substation", "tag_substation": "transmission", "voltage": 161000, "lon": -0.8703001, "lat": 10.7943527, "dc": false, "under_construction": false, "station_id": null, "tag_area": 0.0, "country": "GH" }, "geometry": { "type": "Point", "coordinates": [ -0.8703001, 10.7943527 ] } },
{ "type": "Feature", "properties": { "bus_id": 94, "symbol": "substation", "tag_substation": "transmission", "voltage": 161000, "lon": -0.0153905, "lat": 9.4571632, "dc": false, "under_construction": false, "station_id": null, "tag_area": 0.0, "country": "GH" }, "geometry": { "type": "Point", "coordinates": [ -0.0153905, 9.457163200000011 ] } },
{ "type": "Feature", "properties": { "bus_id": 95, "symbol": "substation", "tag_substation": "transmission", "voltage": 330000, "lon": 0.0007248, "lat": 5.6952084, "dc": false, "under_construction": false, "station_id": null, "tag_area": 0.0, "country": "GH" }, "geometry": { "type": "Point", "coordinates": [ 0.0007248, 5.6952084 ] } },
{ "type": "Feature", "properties": { "bus_id": 96, "symbol": "substation", "tag_substation": "transmission", "voltage": 161000, "lon": 1.1748961, "lat": 6.1673276, "dc": false, "under_construction": false, "station_id": null, "tag_area": 0.0, "country": "GH" }, "geometry": { "type": "Point", "coordinates": [ 1.1748961, 6.1673276 ] } },
{ "type": "Feature", "properties": { "bus_id": 97, "symbol": "substation", "tag_substation": "transmission", "voltage": 161000, "lon": 1.1992076, "lat": 6.1672756, "dc": false, "under_construction": false, "station_id": null, "tag_area": 0.0, "country": "GH" }, "geometry": { "type": "Point", "coordinates": [ 1.1992076, 6.167275600000016 ] } },
{ "type": "Feature", "properties": { "bus_id": 98, "symbol": "substation", "tag_substation": "transmission", "voltage": 161000, "lon": -0.0320296, "lat": 5.6831998, "dc": false, "under_construction": false, "station_id": null, "tag_area": 0.0, "country": "GH" }, "geometry": { "type": "Point", "coordinates": [ -0.0320296, 5.6831998 ] } },
{ "type": "Feature", "properties": { "bus_id": 99, "symbol": "substation", "tag_substation": "transmission", "voltage": 161000, "lon": -1.6888234, "lat": 6.167777, "dc": false, "under_construction": false, "station_id": null, "tag_area": 0.0, "country": "GH" }, "geometry": { "type": "Point", "coordinates": [ -1.6888234, 6.167777 ] } },
{ "type": "Feature", "properties": { "bus_id": 100, "symbol": "substation", "tag_substation": "transmission", "voltage": 161000, "lon": -1.6885434, "lat": 6.1649578, "dc": false, "under_construction": false, "station_id": null, "tag_area": 0.0, "country": "GH" }, "geometry": { "type": "Point", "coordinates": [ -1.6885434, 6.164957799999986 ] } },
{ "type": "Feature", "properties": { "bus_id": 101, "symbol": "substation", "tag_substation": "transmission", "voltage": 161000, "lon": -1.688278, "lat": 6.1649917, "dc": false, "under_construction": false, "station_id": null, "tag_area": 0.0, "country": "GH" }, "geometry": { "type": "Point", "coordinates": [ -1.688278, 6.164991699999986 ] } },
{ "type": "Feature", "properties": { "bus_id": 102, "symbol": "substation", "tag_substation": "transmission", "voltage": 161000, "lon": -1.6880398, "lat": 6.1650057, "dc": false, "under_construction": false, "station_id": null, "tag_area": 0.0, "country": "GH" }, "geometry": { "type": "Point", "coordinates": [ -1.6880398, 6.165005699999986 ] } },
{ "type": "Feature", "properties": { "bus_id": 103, "symbol": "substation", "tag_substation": "transmission", "voltage": 161000, "lon": -0.2829985, "lat": 5.5805734, "dc": false, "under_construction": false, "station_id": null, "tag_area": 0.0, "country": "GH" }, "geometry": { "type": "Point", "coordinates": [ -0.2829985, 5.580573400000015 ] } },
{ "type": "Feature", "properties": { "bus_id": 104, "symbol": "substation", "tag_substation": "transmission", "voltage": 161000, "lon": -1.7350848, "lat": 4.9611061, "dc": false, "under_construction": false, "station_id": null, "tag_area": 0.0, "country": "GH" }, "geometry": { "type": "Point", "coordinates": [ -1.735084799999987, 4.961106099999985 ] } },
{ "type": "Feature", "properties": { "bus_id": 105, "symbol": "substation", "tag_substation": "transmission", "voltage": 161000, "lon": -1.4500818, "lat": 8.7793536, "dc": false, "under_construction": false, "station_id": null, "tag_area": 0.0, "country": "GH" }, "geometry": { "type": "Point", "coordinates": [ -1.4500818, 8.779353600000016 ] } },
{ "type": "Feature", "properties": { "bus_id": 106, "symbol": "substation", "tag_substation": "transmission", "voltage": 161000, "lon": 1.1992076, "lat": 6.1672756, "dc": false, "under_construction": false, "station_id": null, "tag_area": 0.0, "country": "GH" }, "geometry": { "type": "Point", "coordinates": [ 1.1992076, 6.167275600000016 ] } },
{ "type": "Feature", "properties": { "bus_id": 107, "symbol": "substation", "tag_substation": "transmission", "voltage": 161000, "lon": 1.1745004, "lat": 6.167261, "dc": false, "under_construction": false, "station_id": null, "tag_area": 0.0, "country": "GH" }, "geometry": { "type": "Point", "coordinates": [ 1.1745004, 6.167261 ] } },
{ "type": "Feature", "properties": { "bus_id": 108, "symbol": "substation", "tag_substation": "transmission", "voltage": 161000, "lon": 1.1737809, "lat": 6.1673196, "dc": false, "under_construction": false, "station_id": null, "tag_area": 0.0, "country": "GH" }, "geometry": { "type": "Point", "coordinates": [ 1.1737809, 6.1673196 ] } },
{ "type": "Feature", "properties": { "bus_id": 109, "symbol": "substation", "tag_substation": "transmission", "voltage": 161000, "lon": 1.1737809, "lat": 6.1673196, "dc": false, "under_construction": false, "station_id": null, "tag_area": 0.0, "country": "GH" }, "geometry": { "type": "Point", "coordinates": [ 1.1737809, 6.1673196 ] } },
{ "type": "Feature", "properties": { "bus_id": 110, "symbol": "substation", "tag_substation": "transmission", "voltage": 161000, "lon": 0.0581905, "lat": 6.2949695, "dc": false, "under_construction": false, "station_id": null, "tag_area": 0.0, "country": "GH" }, "geometry": { "type": "Point", "coordinates": [ 0.0581905, 6.2949695 ] } },
{ "type": "Feature", "properties": { "bus_id": 111, "symbol": "substation", "tag_substation": "transmission", "voltage": 161000, "lon": 0.5526839, "lat": 6.2598415, "dc": false, "under_construction": false, "station_id": null, "tag_area": 0.0, "country": "GH" }, "geometry": { "type": "Point", "coordinates": [ 0.5526839, 6.2598415 ] } },
{ "type": "Feature", "properties": { "bus_id": 112, "symbol": "substation", "tag_substation": "transmission", "voltage": 330000, "lon": 0.5087614, "lat": 6.0292568, "dc": false, "under_construction": false, "station_id": null, "tag_area": 0.0, "country": "GH" }, "geometry": { "type": "Point", "coordinates": [ 0.5087614, 6.0292568 ] } },
{ "type": "Feature", "properties": { "bus_id": 113, "symbol": "substation", "tag_substation": "transmission", "voltage": 330000, "lon": 0.0017327, "lat": 5.6957134, "dc": false, "under_construction": false, "station_id": null, "tag_area": 0.0, "country": "GH" }, "geometry": { "type": "Point", "coordinates": [ 0.0017327, 5.6957134 ] } },
{ "type": "Feature", "properties": { "bus_id": 114, "symbol": "substation", "tag_substation": "transmission", "voltage": 161000, "lon": -0.0259011, "lat": 5.6856648, "dc": false, "under_construction": false, "station_id": null, "tag_area": 0.0, "country": "GH" }, "geometry": { "type": "Point", "coordinates": [ -0.0259011, 5.6856648 ] } },
{ "type": "Feature", "properties": { "bus_id": 115, "symbol": "substation", "tag_substation": "transmission", "voltage": 161000, "lon": -0.0259011, "lat": 5.6856648, "dc": false, "under_construction": false, "station_id": null, "tag_area": 0.0, "country": "GH" }, "geometry": { "type": "Point", "coordinates": [ -0.0259011, 5.6856648 ] } },
{ "type": "Feature", "properties": { "bus_id": 116, "symbol": "substation", "tag_substation": "transmission", "voltage": 161000, "lon": 0.0148909, "lat": 5.8132112, "dc": false, "under_construction": false, "station_id": null, "tag_area": 0.0, "country": "GH" }, "geometry": { "type": "Point", "coordinates": [ 0.0148909, 5.8132112 ] } },
{ "type": "Feature", "properties": { "bus_id": 117, "symbol": "substation", "tag_substation": "transmission", "voltage": 161000, "lon": 0.0148909, "lat": 5.8132112, "dc": false, "under_construction": false, "station_id": null, "tag_area": 0.0, "country": "GH" }, "geometry": { "type": "Point", "coordinates": [ 0.0148909, 5.8132112 ] } },
{ "type": "Feature", "properties": { "bus_id": 118, "symbol": "substation", "tag_substation": "transmission", "voltage": 161000, "lon": 0.0015234, "lat": 5.6982396, "dc": false, "under_construction": false, "station_id": null, "tag_area": 0.0, "country": "GH" }, "geometry": { "type": "Point", "coordinates": [ 0.0015234, 5.6982396 ] } },
{ "type": "Feature", "properties": { "bus_id": 119, "symbol": "substation", "tag_substation": "transmission", "voltage": 161000, "lon": 0.0139235, "lat": 5.8013513, "dc": false, "under_construction": false, "station_id": null, "tag_area": 0.0, "country": "GH" }, "geometry": { "type": "Point", "coordinates": [ 0.0139235, 5.8013513 ] } },
{ "type": "Feature", "properties": { "bus_id": 120, "symbol": "substation", "tag_substation": "transmission", "voltage": 161000, "lon": 0.0026641, "lat": 5.6965042, "dc": false, "under_construction": false, "station_id": null, "tag_area": 0.0, "country": "GH" }, "geometry": { "type": "Point", "coordinates": [ 0.0026641, 5.6965042 ] } },
{ "type": "Feature", "properties": { "bus_id": 121, "symbol": "substation", "tag_substation": "transmission", "voltage": 161000, "lon": 0.0139235, "lat": 5.8013513, "dc": false, "under_construction": false, "station_id": null, "tag_area": 0.0, "country": "GH" }, "geometry": { "type": "Point", "coordinates": [ 0.0139235, 5.8013513 ] } },
{ "type": "Feature", "properties": { "bus_id": 122, "symbol": "substation", "tag_substation": "transmission", "voltage": 161000, "lon": 0.0151339, "lat": 5.813204, "dc": false, "under_construction": false, "station_id": null, "tag_area": 0.0, "country": "GH" }, "geometry": { "type": "Point", "coordinates": [ 0.0151339, 5.813204 ] } },
{ "type": "Feature", "properties": { "bus_id": 123, "symbol": "substation", "tag_substation": "transmission", "voltage": 161000, "lon": 0.0151339, "lat": 5.813204, "dc": false, "under_construction": false, "station_id": null, "tag_area": 0.0, "country": "GH" }, "geometry": { "type": "Point", "coordinates": [ 0.0151339, 5.813204 ] } },
{ "type": "Feature", "properties": { "bus_id": 124, "symbol": "substation", "tag_substation": "transmission", "voltage": 161000, "lon": 0.0616831, "lat": 6.1720001, "dc": false, "under_construction": false, "station_id": null, "tag_area": 0.0, "country": "GH" }, "geometry": { "type": "Point", "coordinates": [ 0.0616831, 6.1720001 ] } },
{ "type": "Feature", "properties": { "bus_id": 125, "symbol": "substation", "tag_substation": "transmission", "voltage": 161000, "lon": 0.0626337, "lat": 6.1747818, "dc": false, "under_construction": false, "station_id": null, "tag_area": 0.0, "country": "GH" }, "geometry": { "type": "Point", "coordinates": [ 0.0626337, 6.1747818 ] } },
{ "type": "Feature", "properties": { "bus_id": 126, "symbol": "substation", "tag_substation": "transmission", "voltage": 161000, "lon": 0.0612849, "lat": 6.1721658, "dc": false, "under_construction": false, "station_id": null, "tag_area": 0.0, "country": "GH" }, "geometry": { "type": "Point", "coordinates": [ 0.0612849, 6.1721658 ] } },
{ "type": "Feature", "properties": { "bus_id": 127, "symbol": "substation", "tag_substation": "transmission", "voltage": 161000, "lon": 0.0600871, "lat": 6.169397, "dc": false, "under_construction": false, "station_id": null, "tag_area": 0.0, "country": "GH" }, "geometry": { "type": "Point", "coordinates": [ 0.0600871, 6.169397 ] } },
{ "type": "Feature", "properties": { "bus_id": 128, "symbol": "substation", "tag_substation": "transmission", "voltage": 161000, "lon": 0.0575385, "lat": 6.1634952, "dc": false, "under_construction": false, "station_id": null, "tag_area": 0.0, "country": "GH" }, "geometry": { "type": "Point", "coordinates": [ 0.0575385, 6.1634952 ] } },
{ "type": "Feature", "properties": { "bus_id": 129, "symbol": "substation", "tag_substation": "transmission", "voltage": 161000, "lon": 0.0575385, "lat": 6.1634952, "dc": false, "under_construction": false, "station_id": null, "tag_area": 0.0, "country": "GH" }, "geometry": { "type": "Point", "coordinates": [ 0.0575385, 6.1634952 ] } },
{ "type": "Feature", "properties": { "bus_id": 130, "symbol": "substation", "tag_substation": "transmission", "voltage": 161000, "lon": 0.0553068, "lat": 6.1578551, "dc": false, "under_construction": false, "station_id": null, "tag_area": 0.0, "country": "GH" }, "geometry": { "type": "Point", "coordinates": [ 0.0553068, 6.1578551 ] } },
{ "type": "Feature", "properties": { "bus_id": 131, "symbol": "substation", "tag_substation": "transmission", "voltage": 161000, "lon": 0.0614737, "lat": 6.1720837, "dc": false, "under_construction": false, "station_id": null, "tag_area": 0.0, "country": "GH" }, "geometry": { "type": "Point", "coordinates": [ 0.0614737, 6.1720837 ] } },
{ "type": "Feature", "properties": { "bus_id": 132, "symbol": "substation", "tag_substation": "transmission", "voltage": 161000, "lon": 0.0375461, "lat": 6.0568257, "dc": false, "under_construction": false, "station_id": null, "tag_area": 0.0, "country": "GH" }, "geometry": { "type": "Point", "coordinates": [ 0.0375461, 6.0568257 ] } },
{ "type": "Feature", "properties": { "bus_id": 133, "symbol": "substation", "tag_substation": "transmission", "voltage": 161000, "lon": 0.0553068, "lat": 6.1578551, "dc": false, "under_construction": false, "station_id": null, "tag_area": 0.0, "country": "GH" }, "geometry": { "type": "Point", "coordinates": [ 0.0553068, 6.1578551 ] } },
{ "type": "Feature", "properties": { "bus_id": 134, "symbol": "substation", "tag_substation": "transmission", "voltage": 161000, "lon": 0.0282675, "lat": 5.936491, "dc": false, "under_construction": false, "station_id": null, "tag_area": 0.0, "country": "GH" }, "geometry": { "type": "Point", "coordinates": [ 0.0282675, 5.936491 ] } },
{ "type": "Feature", "properties": { "bus_id": 135, "symbol": "substation", "tag_substation": "transmission", "voltage": 161000, "lon": 0.0370176, "lat": 6.0443909, "dc": false, "under_construction": false, "station_id": null, "tag_area": 0.0, "country": "GH" }, "geometry": { "type": "Point", "coordinates": [ 0.0370176, 6.044390900000016 ] } },
{ "type": "Feature", "properties": { "bus_id": 136, "symbol": "substation", "tag_substation": "transmission", "voltage": 161000, "lon": 0.0282675, "lat": 5.936491, "dc": false, "under_construction": false, "station_id": null, "tag_area": 0.0, "country": "GH" }, "geometry": { "type": "Point", "coordinates": [ 0.0282675, 5.936491 ] } },
{ "type": "Feature", "properties": { "bus_id": 137, "symbol": "substation", "tag_substation": "transmission", "voltage": 161000, "lon": 0.0279075, "lat": 5.9300755, "dc": false, "under_construction": false, "station_id": null, "tag_area": 0.0, "country": "GH" }, "geometry": { "type": "Point", "coordinates": [ 0.0279075, 5.9300755 ] } },
{ "type": "Feature", "properties": { "bus_id": 138, "symbol": "substation", "tag_substation": "transmission", "voltage": 161000, "lon": 0.0273608, "lat": 5.9237072, "dc": false, "under_construction": false, "station_id": null, "tag_area": 0.0, "country": "GH" }, "geometry": { "type": "Point", "coordinates": [ 0.0273608, 5.923707200000016 ] } },
{ "type": "Feature", "properties": { "bus_id": 139, "symbol": "substation", "tag_substation": "transmission", "voltage": 161000, "lon": 0.0273608, "lat": 5.9237072, "dc": false, "under_construction": false, "station_id": null, "tag_area": 0.0, "country": "GH" }, "geometry": { "type": "Point", "coordinates": [ 0.0273608, 5.923707200000016 ] } },
{ "type": "Feature", "properties": { "bus_id": 140, "symbol": "substation", "tag_substation": "transmission", "voltage": 161000, "lon": 0.0143839, "lat": 5.8070638, "dc": false, "under_construction": false, "station_id": null, "tag_area": 0.0, "country": "GH" }, "geometry": { "type": "Point", "coordinates": [ 0.0143839, 5.8070638 ] } },
{ "type": "Feature", "properties": { "bus_id": 141, "symbol": "substation", "tag_substation": "transmission", "voltage": 161000, "lon": 0.0372614, "lat": 6.0443697, "dc": false, "under_construction": false, "station_id": null, "tag_area": 0.0, "country": "GH" }, "geometry": { "type": "Point", "coordinates": [ 0.0372614, 6.044369700000016 ] } },
{ "type": "Feature", "properties": { "bus_id": 142, "symbol": "substation", "tag_substation": "transmission", "voltage": 161000, "lon": 0.0369101, "lat": 6.0379565, "dc": false, "under_construction": false, "station_id": null, "tag_area": 0.0, "country": "GH" }, "geometry": { "type": "Point", "coordinates": [ 0.0369101, 6.0379565 ] } },
{ "type": "Feature", "properties": { "bus_id": 143, "symbol": "substation", "tag_substation": "transmission", "voltage": 161000, "lon": 0.0369101, "lat": 6.0379565, "dc": false, "under_construction": false, "station_id": null, "tag_area": 0.0, "country": "GH" }, "geometry": { "type": "Point", "coordinates": [ 0.0369101, 6.0379565 ] } },
{ "type": "Feature", "properties": { "bus_id": 144, "symbol": "substation", "tag_substation": "transmission", "voltage": 161000, "lon": 0.0373795, "lat": 6.050559, "dc": false, "under_construction": false, "station_id": null, "tag_area": 0.0, "country": "GH" }, "geometry": { "type": "Point", "coordinates": [ 0.0373795, 6.050559 ] } },
{ "type": "Feature", "properties": { "bus_id": 145, "symbol": "substation", "tag_substation": "transmission", "voltage": 161000, "lon": 0.0373795, "lat": 6.050559, "dc": false, "under_construction": false, "station_id": null, "tag_area": 0.0, "country": "GH" }, "geometry": { "type": "Point", "coordinates": [ 0.0373795, 6.050559 ] } },
{ "type": "Feature", "properties": { "bus_id": 146, "symbol": "substation", "tag_substation": "transmission", "voltage": 161000, "lon": 0.0523492, "lat": 6.1507268, "dc": false, "under_construction": false, "station_id": null, "tag_area": 0.0, "country": "GH" }, "geometry": { "type": "Point", "coordinates": [ 0.0523492, 6.150726800000016 ] } },
{ "type": "Feature", "properties": { "bus_id": 147, "symbol": "substation", "tag_substation": "transmission", "voltage": 161000, "lon": 0.0372019, "lat": 6.0505827, "dc": false, "under_construction": false, "station_id": null, "tag_area": 0.0, "country": "GH" }, "geometry": { "type": "Point", "coordinates": [ 0.0372019, 6.0505827 ] } },
{ "type": "Feature", "properties": { "bus_id": 148, "symbol": "substation", "tag_substation": "transmission", "voltage": 161000, "lon": 0.0372019, "lat": 6.0505827, "dc": false, "under_construction": false, "station_id": null, "tag_area": 0.0, "country": "GH" }, "geometry": { "type": "Point", "coordinates": [ 0.0372019, 6.0505827 ] } },
{ "type": "Feature", "properties": { "bus_id": 149, "symbol": "substation", "tag_substation": "transmission", "voltage": 161000, "lon": 0.0022556, "lat": 5.6963291, "dc": false, "under_construction": false, "station_id": null, "tag_area": 0.0, "country": "GH" }, "geometry": { "type": "Point", "coordinates": [ 0.0022556, 5.6963291 ] } },
{ "type": "Feature", "properties": { "bus_id": 150, "symbol": "substation", "tag_substation": "transmission", "voltage": 161000, "lon": 0.0015097, "lat": 5.6968617, "dc": false, "under_construction": false, "station_id": null, "tag_area": 0.0, "country": "GH" }, "geometry": { "type": "Point", "coordinates": [ 0.0015097, 5.6968617 ] } },
{ "type": "Feature", "properties": { "bus_id": 151, "symbol": "substation", "tag_substation": "transmission", "voltage": 161000, "lon": -0.20329, "lat": 5.6089134, "dc": false, "under_construction": false, "station_id": null, "tag_area": 0.0, "country": "GH" }, "geometry": { "type": "Point", "coordinates": [ -0.20329, 5.608913400000014 ] } },
{ "type": "Feature", "properties": { "bus_id": 152, "symbol": "substation", "tag_substation": "transmission", "voltage": 161000, "lon": -0.20329, "lat": 5.6089134, "dc": false, "under_construction": false, "station_id": null, "tag_area": 0.0, "country": "GH" }, "geometry": { "type": "Point", "coordinates": [ -0.20329, 5.608913400000014 ] } },
{ "type": "Feature", "properties": { "bus_id": 153, "symbol": "substation", "tag_substation": "transmission", "voltage": 161000, "lon": -0.1960909, "lat": 5.6160058, "dc": false, "under_construction": false, "station_id": null, "tag_area": 0.0, "country": "GH" }, "geometry": { "type": "Point", "coordinates": [ -0.1960909, 5.616005800000014 ] } },
{ "type": "Feature", "properties": { "bus_id": 154, "symbol": "substation", "tag_substation": "transmission", "voltage": 161000, "lon": -0.1964825, "lat": 5.6165063, "dc": false, "under_construction": false, "station_id": null, "tag_area": 0.0, "country": "GH" }, "geometry": { "type": "Point", "coordinates": [ -0.1964825, 5.616506300000014 ] } },
{ "type": "Feature", "properties": { "bus_id": 155, "symbol": "substation", "tag_substation": "transmission", "voltage": 161000, "lon": -0.107364, "lat": 5.6519396, "dc": false, "under_construction": false, "station_id": null, "tag_area": 0.0, "country": "GH" }, "geometry": { "type": "Point", "coordinates": [ -0.107364, 5.651939600000014 ] } },
{ "type": "Feature", "properties": { "bus_id": 156, "symbol": "substation", "tag_substation": "transmission", "voltage": 161000, "lon": -0.1087193, "lat": 5.6514148, "dc": false, "under_construction": false, "station_id": null, "tag_area": 0.0, "country": "GH" }, "geometry": { "type": "Point", "coordinates": [ -0.1087193, 5.651414800000013 ] } },
{ "type": "Feature", "properties": { "bus_id": 157, "symbol": "substation", "tag_substation": "transmission", "voltage": 161000, "lon": -0.1084632, "lat": 5.651998, "dc": false, "under_construction": false, "station_id": null, "tag_area": 0.0, "country": "GH" }, "geometry": { "type": "Point", "coordinates": [ -0.1084632, 5.651998 ] } },
{ "type": "Feature", "properties": { "bus_id": 158, "symbol": "substation", "tag_substation": "transmission", "voltage": 161000, "lon": -0.1069638, "lat": 5.6529776, "dc": false, "under_construction": false, "station_id": null, "tag_area": 0.0, "country": "GH" }, "geometry": { "type": "Point", "coordinates": [ -0.1069638, 5.652977600000015 ] } },
{ "type": "Feature", "properties": { "bus_id": 159, "symbol": "substation", "tag_substation": "transmission", "voltage": 161000, "lon": -0.1017818, "lat": 5.6550596, "dc": false, "under_construction": false, "station_id": null, "tag_area": 0.0, "country": "GH" }, "geometry": { "type": "Point", "coordinates": [ -0.1017818, 5.6550596 ] } },
{ "type": "Feature", "properties": { "bus_id": 160, "symbol": "substation", "tag_substation": "transmission", "voltage": 161000, "lon": -0.1017818, "lat": 5.6550596, "dc": false, "under_construction": false, "station_id": null, "tag_area": 0.0, "country": "GH" }, "geometry": { "type": "Point", "coordinates": [ -0.1017818, 5.6550596 ] } },
{ "type": "Feature", "properties": { "bus_id": 161, "symbol": "substation", "tag_substation": "transmission", "voltage": 330000, "lon": 0.0464223, "lat": 5.6809886, "dc": false, "under_construction": false, "station_id": null, "tag_area": 0.0, "country": "GH" }, "geometry": { "type": "Point", "coordinates": [ 0.0464223, 5.6809886 ] } },
{ "type": "Feature", "properties": { "bus_id": 162, "symbol": "substation", "tag_substation": "transmission", "voltage": 330000, "lon": 0.0022718, "lat": 5.6946084, "dc": false, "under_construction": false, "station_id": null, "tag_area": 0.0, "country": "GH" }, "geometry": { "type": "Point", "coordinates": [ 0.0022718, 5.694608400000015 ] } },
{ "type": "Feature", "properties": { "bus_id": 163, "symbol": "substation", "tag_substation": "transmission", "voltage": 330000, "lon": 0.0461565, "lat": 5.6807829, "dc": false, "under_construction": false, "station_id": null, "tag_area": 0.0, "country": "GH" }, "geometry": { "type": "Point", "coordinates": [ 0.0461565, 5.6807829 ] } },
{ "type": "Feature", "properties": { "bus_id": 164, "symbol": "substation", "tag_substation": "transmission", "voltage": 161000, "lon": 0.0098794, "lat": 5.6768276, "dc": false, "under_construction": false, "station_id": null, "tag_area": 0.0, "country": "GH" }, "geometry": { "type": "Point", "coordinates": [ 0.0098794, 5.6768276 ] } },
{ "type": "Feature", "properties": { "bus_id": 165, "symbol": "substation", "tag_substation": "transmission", "voltage": 161000, "lon": 0.0098794, "lat": 5.6768276, "dc": false, "under_construction": false, "station_id": null, "tag_area": 0.0, "country": "GH" }, "geometry": { "type": "Point", "coordinates": [ 0.0098794, 5.6768276 ] } },
{ "type": "Feature", "properties": { "bus_id": 166, "symbol": "substation", "tag_substation": "transmission", "voltage": 161000, "lon": 0.020314, "lat": 5.6692358, "dc": false, "under_construction": false, "station_id": null, "tag_area": 0.0, "country": "GH" }, "geometry": { "type": "Point", "coordinates": [ 0.020314, 5.6692358 ] } },
{ "type": "Feature", "properties": { "bus_id": 167, "symbol": "substation", "tag_substation": "transmission", "voltage": 161000, "lon": 0.0208288, "lat": 5.6694317, "dc": false, "under_construction": false, "station_id": null, "tag_area": 0.0, "country": "GH" }, "geometry": { "type": "Point", "coordinates": [ 0.0208288, 5.6694317 ] } },
{ "type": "Feature", "properties": { "bus_id": 168, "symbol": "substation", "tag_substation": "transmission", "voltage": 161000, "lon": 0.0180469, "lat": 5.6728707, "dc": false, "under_construction": false, "station_id": null, "tag_area": 0.0, "country": "GH" }, "geometry": { "type": "Point", "coordinates": [ 0.0180469, 5.6728707 ] } },
{ "type": "Feature", "properties": { "bus_id": 169, "symbol": "substation", "tag_substation": "transmission", "voltage": 161000, "lon": 0.0228044, "lat": 5.67023, "dc": false, "under_construction": false, "station_id": null, "tag_area": 0.0, "country": "GH" }, "geometry": { "type": "Point", "coordinates": [ 0.0228044, 5.67023 ] } },
{ "type": "Feature", "properties": { "bus_id": 170, "symbol": "substation", "tag_substation": "transmission", "voltage": 161000, "lon": 0.0221307, "lat": 5.6699853, "dc": false, "under_construction": false, "station_id": null, "tag_area": 0.0, "country": "GH" }, "geometry": { "type": "Point", "coordinates": [ 0.0221307, 5.6699853 ] } },
{ "type": "Feature", "properties": { "bus_id": 171, "symbol": "substation", "tag_substation": "transmission", "voltage": 161000, "lon": 0.01353, "lat": 5.6760294, "dc": false, "under_construction": false, "station_id": null, "tag_area": 0.0, "country": "GH" }, "geometry": { "type": "Point", "coordinates": [ 0.01353, 5.676029400000014 ] } },
{ "type": "Feature", "properties": { "bus_id": 172, "symbol": "substation", "tag_substation": "transmission", "voltage": 161000, "lon": 0.0256198, "lat": 5.6734755, "dc": false, "under_construction": false, "station_id": null, "tag_area": 0.0, "country": "GH" }, "geometry": { "type": "Point", "coordinates": [ 0.0256198, 5.6734755 ] } },
{ "type": "Feature", "properties": { "bus_id": 173, "symbol": "substation", "tag_substation": "transmission", "voltage": 161000, "lon": 0.0256198, "lat": 5.6734755, "dc": false, "under_construction": false, "station_id": null, "tag_area": 0.0, "country": "GH" }, "geometry": { "type": "Point", "coordinates": [ 0.0256198, 5.6734755 ] } },
{ "type": "Feature", "properties": { "bus_id": 174, "symbol": "substation", "tag_substation": "transmission", "voltage": 161000, "lon": -0.077017, "lat": 6.2074717, "dc": false, "under_construction": false, "station_id": null, "tag_area": 0.0, "country": "GH" }, "geometry": { "type": "Point", "coordinates": [ -0.077017, 6.207471700000011 ] } },
{ "type": "Feature", "properties": { "bus_id": 175, "symbol": "substation", "tag_substation": "transmission", "voltage": 161000, "lon": -0.8233255, "lat": 6.0135765, "dc": false, "under_construction": false, "station_id": null, "tag_area": 0.0, "country": "GH" }, "geometry": { "type": "Point", "coordinates": [ -0.8233255, 6.013576500000013 ] } },
{ "type": "Feature", "properties": { "bus_id": 176, "symbol": "substation", "tag_substation": "transmission", "voltage": 161000, "lon": -0.8243023, "lat": 6.0137942, "dc": false, "under_construction": false, "station_id": null, "tag_area": 0.0, "country": "GH" }, "geometry": { "type": "Point", "coordinates": [ -0.8243023, 6.013794199999973 ] } },
{ "type": "Feature", "properties": { "bus_id": 177, "symbol": "substation", "tag_substation": "transmission", "voltage": 161000, "lon": -2.4879158, "lat": 10.0704205, "dc": false, "under_construction": false, "station_id": null, "tag_area": 0.0, "country": "GH" }, "geometry": { "type": "Point", "coordinates": [ -2.4879158, 10.070420500000019 ] } },
{ "type": "Feature", "properties": { "bus_id": 178, "symbol": "substation", "tag_substation": "transmission", "voltage": 161000, "lon": -1.7070571, "lat": 8.0883698, "dc": false, "under_construction": false, "station_id": null, "tag_area": 0.0, "country": "GH" }, "geometry": { "type": "Point", "coordinates": [ -1.7070571, 8.0883698 ] } },
{ "type": "Feature", "properties": { "bus_id": 179, "symbol": "substation", "tag_substation": "transmission", "voltage": 161000, "lon": -1.4500554, "lat": 8.7805068, "dc": false, "under_construction": false, "station_id": null, "tag_area": 0.0, "country": "GH" }, "geometry": { "type": "Point", "coordinates": [ -1.4500554, 8.780506800000012 ] } },
{ "type": "Feature", "properties": { "bus_id": 180, "symbol": "substation", "tag_substation": "transmission", "voltage": 161000, "lon": -0.2338538, "lat": 11.0568041, "dc": false, "under_construction": false, "station_id": null, "tag_area": 0.0, "country": "GH" }, "geometry": { "type": "Point", "coordinates": [ -0.2338538, 11.0568041 ] } },
{ "type": "Feature", "properties": { "bus_id": 181, "symbol": "substation", "tag_substation": "transmission", "voltage": 161000, "lon": -0.9953061, "lat": 6.3777629, "dc": false, "under_construction": false, "station_id": null, "tag_area": 0.0, "country": "GH" }, "geometry": { "type": "Point", "coordinates": [ -0.9953061, 6.3777629 ] } },
{ "type": "Feature", "properties": { "bus_id": 182, "symbol": "substation", "tag_substation": "transmission", "voltage": 161000, "lon": -0.7917915, "lat": 6.5692701, "dc": false, "under_construction": false, "station_id": null, "tag_area": 0.0, "country": "GH" }, "geometry": { "type": "Point", "coordinates": [ -0.7917915, 6.569270100000019 ] } },
{ "type": "Feature", "properties": { "bus_id": 183, "symbol": "substation", "tag_substation": "transmission", "voltage": 161000, "lon": -0.7917915, "lat": 6.5692701, "dc": false, "under_construction": false, "station_id": null, "tag_area": 0.0, "country": "GH" }, "geometry": { "type": "Point", "coordinates": [ -0.7917915, 6.569270100000019 ] } },
{ "type": "Feature", "properties": { "bus_id": 184, "symbol": "substation", "tag_substation": "transmission", "voltage": 161000, "lon": -1.6596839, "lat": 6.2749867, "dc": false, "under_construction": false, "station_id": null, "tag_area": 0.0, "country": "GH" }, "geometry": { "type": "Point", "coordinates": [ -1.6596839, 6.2749867 ] } },
{ "type": "Feature", "properties": { "bus_id": 185, "symbol": "substation", "tag_substation": "transmission", "voltage": 161000, "lon": -1.6341908, "lat": 6.3788505, "dc": false, "under_construction": false, "station_id": null, "tag_area": 0.0, "country": "GH" }, "geometry": { "type": "Point", "coordinates": [ -1.6341908, 6.3788505 ] } },
{ "type": "Feature", "properties": { "bus_id": 186, "symbol": "substation", "tag_substation": "transmission", "voltage": 161000, "lon": -1.6552864, "lat": 6.2862244, "dc": false, "under_construction": false, "station_id": null, "tag_area": 0.0, "country": "GH" }, "geometry": { "type": "Point", "coordinates": [ -1.6552864, 6.2862244 ] } },
{ "type": "Feature", "properties": { "bus_id": 187, "symbol": "substation", "tag_substation": "transmission", "voltage": 161000, "lon": -1.6367309, "lat": 6.4607965, "dc": false, "under_construction": false, "station_id": null, "tag_area": 0.0, "country": "GH" }, "geometry": { "type": "Point", "coordinates": [ -1.6367309, 6.46079650000001 ] } },
{ "type": "Feature", "properties": { "bus_id": 188, "symbol": "substation", "tag_substation": "transmission", "voltage": 161000, "lon": -1.6349097, "lat": 6.3846681, "dc": false, "under_construction": false, "station_id": null, "tag_area": 0.0, "country": "GH" }, "geometry": { "type": "Point", "coordinates": [ -1.6349097, 6.3846681 ] } },
{ "type": "Feature", "properties": { "bus_id": 189, "symbol": "substation", "tag_substation": "transmission", "voltage": 161000, "lon": -1.6387627, "lat": 6.4158557, "dc": false, "under_construction": false, "station_id": null, "tag_area": 0.0, "country": "GH" }, "geometry": { "type": "Point", "coordinates": [ -1.6387627, 6.41585570000001 ] } },
{ "type": "Feature", "properties": { "bus_id": 190, "symbol": "substation", "tag_substation": "transmission", "voltage": 161000, "lon": -1.6386373, "lat": 6.4269637, "dc": false, "under_construction": false, "station_id": null, "tag_area": 0.0, "country": "GH" }, "geometry": { "type": "Point", "coordinates": [ -1.6386373, 6.42696370000001 ] } },
{ "type": "Feature", "properties": { "bus_id": 191, "symbol": "substation", "tag_substation": "transmission", "voltage": 161000, "lon": -1.6376804, "lat": 6.4835539, "dc": false, "under_construction": false, "station_id": null, "tag_area": 0.0, "country": "GH" }, "geometry": { "type": "Point", "coordinates": [ -1.6376804, 6.48355390000001 ] } },
{ "type": "Feature", "properties": { "bus_id": 192, "symbol": "substation", "tag_substation": "transmission", "voltage": 161000, "lon": -1.6282813, "lat": 6.5846468, "dc": false, "under_construction": false, "station_id": null, "tag_area": 0.0, "country": "GH" }, "geometry": { "type": "Point", "coordinates": [ -1.6282813, 6.584646799999959 ] } },
{ "type": "Feature", "properties": { "bus_id": 193, "symbol": "substation", "tag_substation": "transmission", "voltage": 161000, "lon": -1.6150975, "lat": 6.676761, "dc": false, "under_construction": false, "station_id": null, "tag_area": 0.0, "country": "GH" }, "geometry": { "type": "Point", "coordinates": [ -1.6150975, 6.676761 ] } },
{ "type": "Feature", "properties": { "bus_id": 194, "symbol": "substation", "tag_substation": "transmission", "voltage": 161000, "lon": -1.615921, "lat": 6.6766571, "dc": false, "under_construction": false, "station_id": null, "tag_area": 0.0, "country": "GH" }, "geometry": { "type": "Point", "coordinates": [ -1.615921, 6.6766571 ] } },
{ "type": "Feature", "properties": { "bus_id": 195, "symbol": "substation", "tag_substation": "transmission", "voltage": 161000, "lon": -2.3412968, "lat": 7.0280942000001, "dc": false, "under_construction": false, "station_id": null, "tag_area": 0.0, "country": "GH" }, "geometry": { "type": "Point", "coordinates": [ -2.3412968, 7.028094200000052 ] } },
{ "type": "Feature", "properties": { "bus_id": 196, "symbol": "substation", "tag_substation": "transmission", "voltage": 161000, "lon": -2.3409006, "lat": 7.0275108, "dc": false, "under_construction": false, "station_id": null, "tag_area": 0.0, "country": "GH" }, "geometry": { "type": "Point", "coordinates": [ -2.3409006, 7.027510800000011 ] } },
{ "type": "Feature", "properties": { "bus_id": 197, "symbol": "substation", "tag_substation": "transmission", "voltage": 161000, "lon": -1.7795364, "lat": 5.9635828, "dc": false, "under_construction": false, "station_id": null, "tag_area": 0.0, "country": "GH" }, "geometry": { "type": "Point", "coordinates": [ -1.7795364, 5.963582799999977 ] } },
{ "type": "Feature", "properties": { "bus_id": 198, "symbol": "substation", "tag_substation": "transmission", "voltage": 161000, "lon": -2.1373451, "lat": 5.4381759, "dc": false, "under_construction": false, "station_id": null, "tag_area": 0.0, "country": "GH" }, "geometry": { "type": "Point", "coordinates": [ -2.1373451, 5.4381759 ] } },
{ "type": "Feature", "properties": { "bus_id": 199, "symbol": "substation", "tag_substation": "transmission", "voltage": 161000, "lon": -1.9817609, "lat": 5.3489134, "dc": false, "under_construction": false, "station_id": null, "tag_area": 0.0, "country": "GH" }, "geometry": { "type": "Point", "coordinates": [ -1.9817609, 5.3489134 ] } },
{ "type": "Feature", "properties": { "bus_id": 200, "symbol": "substation", "tag_substation": "transmission", "voltage": 161000, "lon": -2.0001246, "lat": 5.3133169, "dc": false, "under_construction": false, "station_id": null, "tag_area": 0.0, "country": "GH" }, "geometry": { "type": "Point", "coordinates": [ -2.000124599999988, 5.313316899999989 ] } },
{ "type": "Feature", "properties": { "bus_id": 201, "symbol": "substation", "tag_substation": "transmission", "voltage": 161000, "lon": -1.9834399, "lat": 5.3429581, "dc": false, "under_construction": false, "station_id": null, "tag_area": 0.0, "country": "GH" }, "geometry": { "type": "Point", "coordinates": [ -1.983439899999989, 5.3429581 ] } },
{ "type": "Feature", "properties": { "bus_id": 202, "symbol": "substation", "tag_substation": "transmission", "voltage": 161000, "lon": -1.2453859, "lat": 5.1188073, "dc": false, "under_construction": false, "station_id": null, "tag_area": 0.0, "country": "GH" }, "geometry": { "type": "Point", "coordinates": [ -1.245385899999986, 5.118807299999982 ] } },
{ "type": "Feature", "properties": { "bus_id": 203, "symbol": "substation", "tag_substation": "transmission", "voltage": 161000, "lon": -1.4046541, "lat": 5.1030552, "dc": false, "under_construction": false, "station_id": null, "tag_area": 0.0, "country": "GH" }, "geometry": { "type": "Point", "coordinates": [ -1.404654099999986, 5.103055199999982 ] } },
{ "type": "Feature", "properties": { "bus_id": 204, "symbol": "substation", "tag_substation": "transmission", "voltage": 161000, "lon": -1.4841038, "lat": 5.0885397, "dc": false, "under_construction": false, "station_id": null, "tag_area": 0.0, "country": "GH" }, "geometry": { "type": "Point", "coordinates": [ -1.484103799999987, 5.088539699999981 ] } },
{ "type": "Feature", "properties": { "bus_id": 205, "symbol": "substation", "tag_substation": "transmission", "voltage": 161000, "lon": -1.4046541, "lat": 5.1030552, "dc": false, "under_construction": false, "station_id": null, "tag_area": 0.0, "country": "GH" }, "geometry": { "type": "Point", "coordinates": [ -1.404654099999986, 5.103055199999982 ] } },
{ "type": "Feature", "properties": { "bus_id": 206, "symbol": "substation", "tag_substation": "transmission", "voltage": 161000, "lon": -1.4903218, "lat": 5.0885658, "dc": false, "under_construction": false, "station_id": null, "tag_area": 0.0, "country": "GH" }, "geometry": { "type": "Point", "coordinates": [ -1.490321799999987, 5.088565799999982 ] } },
{ "type": "Feature", "properties": { "bus_id": 207, "symbol": "substation", "tag_substation": "transmission", "voltage": 161000, "lon": -1.3977689, "lat": 5.1051598, "dc": false, "under_construction": false, "station_id": null, "tag_area": 0.0, "country": "GH" }, "geometry": { "type": "Point", "coordinates": [ -1.397768899999987, 5.105159799999983 ] } },
{ "type": "Feature", "properties": { "bus_id": 208, "symbol": "substation", "tag_substation": "transmission", "voltage": 161000, "lon": -1.4903218, "lat": 5.0885658, "dc": false, "under_construction": false, "station_id": null, "tag_area": 0.0, "country": "GH" }, "geometry": { "type": "Point", "coordinates": [ -1.490321799999987, 5.088565799999982 ] } },
{ "type": "Feature", "properties": { "bus_id": 209, "symbol": "substation", "tag_substation": "transmission", "voltage": 161000, "lon": -1.2453859, "lat": 5.1188073, "dc": false, "under_construction": false, "station_id": null, "tag_area": 0.0, "country": "GH" }, "geometry": { "type": "Point", "coordinates": [ -1.245385899999986, 5.118807299999982 ] } },
{ "type": "Feature", "properties": { "bus_id": 210, "symbol": "substation", "tag_substation": "transmission", "voltage": 161000, "lon": -1.2445772, "lat": 5.1183919, "dc": false, "under_construction": false, "station_id": null, "tag_area": 0.0, "country": "GH" }, "geometry": { "type": "Point", "coordinates": [ -1.2445772, 5.118391899999983 ] } },
{ "type": "Feature", "properties": { "bus_id": 211, "symbol": "substation", "tag_substation": "transmission", "voltage": 161000, "lon": -0.6463587, "lat": 5.3883131, "dc": false, "under_construction": false, "station_id": null, "tag_area": 0.0, "country": "GH" }, "geometry": { "type": "Point", "coordinates": [ -0.6463587, 5.388313099999984 ] } },
{ "type": "Feature", "properties": { "bus_id": 212, "symbol": "substation", "tag_substation": "transmission", "voltage": 161000, "lon": -0.6758899, "lat": 5.3716258, "dc": false, "under_construction": false, "station_id": null, "tag_area": 0.0, "country": "GH" }, "geometry": { "type": "Point", "coordinates": [ -0.6758899, 5.371625799999983 ] } },
{ "type": "Feature", "properties": { "bus_id": 213, "symbol": "substation", "tag_substation": "transmission", "voltage": 161000, "lon": -0.682708, "lat": 5.3678244, "dc": false, "under_construction": false, "station_id": null, "tag_area": 0.0, "country": "GH" }, "geometry": { "type": "Point", "coordinates": [ -0.682708, 5.367824399999984 ] } },
{ "type": "Feature", "properties": { "bus_id": 214, "symbol": "substation", "tag_substation": "transmission", "voltage": 161000, "lon": -0.682708, "lat": 5.3678244, "dc": false, "under_construction": false, "station_id": null, "tag_area": 0.0, "country": "GH" }, "geometry": { "type": "Point", "coordinates": [ -0.682708, 5.367824399999984 ] } },
{ "type": "Feature", "properties": { "bus_id": 215, "symbol": "substation", "tag_substation": "transmission", "voltage": 161000, "lon": -0.7518668, "lat": 5.3347634, "dc": false, "under_construction": false, "station_id": null, "tag_area": 0.0, "country": "GH" }, "geometry": { "type": "Point", "coordinates": [ -0.7518668, 5.334763399999986 ] } },
{ "type": "Feature", "properties": { "bus_id": 216, "symbol": "substation", "tag_substation": "transmission", "voltage": 161000, "lon": -0.7452102, "lat": 5.3367063, "dc": false, "under_construction": false, "station_id": null, "tag_area": 0.0, "country": "GH" }, "geometry": { "type": "Point", "coordinates": [ -0.7452102, 5.336706299999985 ] } },
{ "type": "Feature", "properties": { "bus_id": 217, "symbol": "substation", "tag_substation": "transmission", "voltage": 161000, "lon": -0.7518668, "lat": 5.3347634, "dc": false, "under_construction": false, "station_id": null, "tag_area": 0.0, "country": "GH" }, "geometry": { "type": "Point", "coordinates": [ -0.7518668, 5.334763399999986 ] } },
{ "type": "Feature", "properties": { "bus_id": 218, "symbol": "substation", "tag_substation": "transmission", "voltage": 161000, "lon": -0.8152185, "lat": 5.3230995, "dc": false, "under_construction": false, "station_id": null, "tag_area": 0.0, "country": "GH" }, "geometry": { "type": "Point", "coordinates": [ -0.8152185, 5.323099499999986 ] } },
{ "type": "Feature", "properties": { "bus_id": 219, "symbol": "substation", "tag_substation": "transmission", "voltage": 161000, "lon": -0.8258535, "lat": 5.3215358, "dc": false, "under_construction": false, "station_id": null, "tag_area": 0.0, "country": "GH" }, "geometry": { "type": "Point", "coordinates": [ -0.8258535, 5.321535799999986 ] } },
{ "type": "Feature", "properties": { "bus_id": 220, "symbol": "substation", "tag_substation": "transmission", "voltage": 161000, "lon": -0.8258535, "lat": 5.3215358, "dc": false, "under_construction": false, "station_id": null, "tag_area": 0.0, "country": "GH" }, "geometry": { "type": "Point", "coordinates": [ -0.8258535, 5.321535799999986 ] } },
{ "type": "Feature", "properties": { "bus_id": 221, "symbol": "substation", "tag_substation": "transmission", "voltage": 161000, "lon": -0.8939937, "lat": 5.3033645, "dc": false, "under_construction": false, "station_id": null, "tag_area": 0.0, "country": "GH" }, "geometry": { "type": "Point", "coordinates": [ -0.8939937, 5.303364499999986 ] } },
{ "type": "Feature", "properties": { "bus_id": 222, "symbol": "substation", "tag_substation": "transmission", "voltage": 161000, "lon": -0.886163, "lat": 5.3071689, "dc": false, "under_construction": false, "station_id": null, "tag_area": 0.0, "country": "GH" }, "geometry": { "type": "Point", "coordinates": [ -0.886163, 5.307168899999986 ] } },
{ "type": "Feature", "properties": { "bus_id": 223, "symbol": "substation", "tag_substation": "transmission", "voltage": 161000, "lon": -0.8939937, "lat": 5.3033645, "dc": false, "under_construction": false, "station_id": null, "tag_area": 0.0, "country": "GH" }, "geometry": { "type": "Point", "coordinates": [ -0.8939937, 5.303364499999986 ] } },
{ "type": "Feature", "properties": { "bus_id": 224, "symbol": "substation", "tag_substation": "transmission", "voltage": 161000, "lon": -0.9618489, "lat": 5.2723873, "dc": false, "under_construction": false, "station_id": null, "tag_area": 0.0, "country": "GH" }, "geometry": { "type": "Point", "coordinates": [ -0.9618489, 5.272387299999986 ] } },
{ "type": "Feature", "properties": { "bus_id": 225, "symbol": "substation", "tag_substation": "transmission", "voltage": 161000, "lon": -0.9545271, "lat": 5.2740285, "dc": false, "under_construction": false, "station_id": null, "tag_area": 0.0, "country": "GH" }, "geometry": { "type": "Point", "coordinates": [ -0.9545271, 5.274028499999986 ] } },
{ "type": "Feature", "properties": { "bus_id": 226, "symbol": "substation", "tag_substation": "transmission", "voltage": 161000, "lon": -0.9618489, "lat": 5.2723873, "dc": false, "under_construction": false, "station_id": null, "tag_area": 0.0, "country": "GH" }, "geometry": { "type": "Point", "coordinates": [ -0.9618489, 5.272387299999986 ] } },
{ "type": "Feature", "properties": { "bus_id": 227, "symbol": "substation", "tag_substation": "transmission", "voltage": 161000, "lon": -1.0987186, "lat": 5.2168469, "dc": false, "under_construction": false, "station_id": null, "tag_area": 0.0, "country": "GH" }, "geometry": { "type": "Point", "coordinates": [ -1.0987186, 5.216846899999987 ] } },
{ "type": "Feature", "properties": { "bus_id": 228, "symbol": "substation", "tag_substation": "transmission", "voltage": 161000, "lon": -1.0887811, "lat": 5.2214559, "dc": false, "under_construction": false, "station_id": null, "tag_area": 0.0, "country": "GH" }, "geometry": { "type": "Point", "coordinates": [ -1.0887811, 5.221455899999987 ] } },
{ "type": "Feature", "properties": { "bus_id": 229, "symbol": "substation", "tag_substation": "transmission", "voltage": 161000, "lon": -1.0987186, "lat": 5.2168469, "dc": false, "under_construction": false, "station_id": null, "tag_area": 0.0, "country": "GH" }, "geometry": { "type": "Point", "coordinates": [ -1.0987186, 5.216846899999987 ] } },
{ "type": "Feature", "properties": { "bus_id": 230, "symbol": "substation", "tag_substation": "transmission", "voltage": 161000, "lon": -1.1575268, "lat": 5.1885528, "dc": false, "under_construction": false, "station_id": null, "tag_area": 0.0, "country": "GH" }, "geometry": { "type": "Point", "coordinates": [ -1.1575268, 5.188552799999987 ] } },
{ "type": "Feature", "properties": { "bus_id": 231, "symbol": "substation", "tag_substation": "transmission", "voltage": 161000, "lon": -1.1632224, "lat": 5.1857966, "dc": false, "under_construction": false, "station_id": null, "tag_area": 0.0, "country": "GH" }, "geometry": { "type": "Point", "coordinates": [ -1.1632224, 5.185796599999988 ] } },
{ "type": "Feature", "properties": { "bus_id": 232, "symbol": "substation", "tag_substation": "transmission", "voltage": 161000, "lon": -1.1632224, "lat": 5.1857966, "dc": false, "under_construction": false, "station_id": null, "tag_area": 0.0, "country": "GH" }, "geometry": { "type": "Point", "coordinates": [ -1.1632224, 5.185796599999988 ] } },
{ "type": "Feature", "properties": { "bus_id": 233, "symbol": "substation", "tag_substation": "transmission", "voltage": 161000, "lon": -1.2436438, "lat": 5.1184961, "dc": false, "under_construction": false, "station_id": null, "tag_area": 0.0, "country": "GH" }, "geometry": { "type": "Point", "coordinates": [ -1.2436438, 5.1184961 ] } },
{ "type": "Feature", "properties": { "bus_id": 234, "symbol": "substation", "tag_substation": "transmission", "voltage": 161000, "lon": -0.2839078, "lat": 5.579882, "dc": false, "under_construction": false, "station_id": null, "tag_area": 0.0, "country": "GH" }, "geometry": { "type": "Point", "coordinates": [ -0.2839078, 5.579882 ] } },
{ "type": "Feature", "properties": { "bus_id": 235, "symbol": "substation", "tag_substation": "transmission", "voltage": 161000, "lon": -0.2839078, "lat": 5.579882, "dc": false, "under_construction": false, "station_id": null, "tag_area": 0.0, "country": "GH" }, "geometry": { "type": "Point", "coordinates": [ -0.2839078, 5.579882 ] } },
{ "type": "Feature", "properties": { "bus_id": 236, "symbol": "substation", "tag_substation": "transmission", "voltage": 161000, "lon": -0.3138466, "lat": 5.563814, "dc": false, "under_construction": false, "station_id": null, "tag_area": 0.0, "country": "GH" }, "geometry": { "type": "Point", "coordinates": [ -0.3138466, 5.563814 ] } },
{ "type": "Feature", "properties": { "bus_id": 237, "symbol": "substation", "tag_substation": "transmission", "voltage": 161000, "lon": -0.3138466, "lat": 5.563814, "dc": false, "under_construction": false, "station_id": null, "tag_area": 0.0, "country": "GH" }, "geometry": { "type": "Point", "coordinates": [ -0.3138466, 5.563814 ] } },
{ "type": "Feature", "properties": { "bus_id": 238, "symbol": "substation", "tag_substation": "transmission", "voltage": 161000, "lon": -0.3070875, "lat": 5.5674286, "dc": false, "under_construction": false, "station_id": null, "tag_area": 0.0, "country": "GH" }, "geometry": { "type": "Point", "coordinates": [ -0.3070875, 5.5674286 ] } },
{ "type": "Feature", "properties": { "bus_id": 239, "symbol": "substation", "tag_substation": "transmission", "voltage": 161000, "lon": -0.6449814, "lat": 5.3889326, "dc": false, "under_construction": false, "station_id": null, "tag_area": 0.0, "country": "GH" }, "geometry": { "type": "Point", "coordinates": [ -0.6449814, 5.3889326 ] } },
{ "type": "Feature", "properties": { "bus_id": 240, "symbol": "substation", "tag_substation": "transmission", "voltage": 161000, "lon": -0.6455916, "lat": 5.3886295, "dc": false, "under_construction": false, "station_id": null, "tag_area": 0.0, "country": "GH" }, "geometry": { "type": "Point", "coordinates": [ -0.6455916, 5.388629499999984 ] } },
{ "type": "Feature", "properties": { "bus_id": 241, "symbol": "substation", "tag_substation": "transmission", "voltage": 225000, "lon": -2.7515602, "lat": 5.2889878, "dc": false, "under_construction": false, "station_id": null, "tag_area": 0.0, "country": "GH" }, "geometry": { "type": "Point", "coordinates": [ -2.7515602, 5.2889878 ] } },
{ "type": "Feature", "properties": { "bus_id": 242, "symbol": "substation", "tag_substation": "transmission", "voltage": 161000, "lon": -2.6442853, "lat": 5.1323658, "dc": false, "under_construction": false, "station_id": null, "tag_area": 0.0, "country": "GH" }, "geometry": { "type": "Point", "coordinates": [ -2.6442853, 5.132365800000039 ] } },
{ "type": "Feature", "properties": { "bus_id": 243, "symbol": "substation", "tag_substation": "transmission", "voltage": 161000, "lon": -2.3442066, "lat": 4.9428481, "dc": false, "under_construction": false, "station_id": null, "tag_area": 0.0, "country": "GH" }, "geometry": { "type": "Point", "coordinates": [ -2.3442066, 4.9428481 ] } },
{ "type": "Feature", "properties": { "bus_id": 244, "symbol": "substation", "tag_substation": "transmission", "voltage": 161000, "lon": -1.702854, "lat": 6.5897583, "dc": false, "under_construction": false, "station_id": null, "tag_area": 0.0, "country": "GH" }, "geometry": { "type": "Point", "coordinates": [ -1.702854, 6.589758299999985 ] } },
{ "type": "Feature", "properties": { "bus_id": 245, "symbol": "substation", "tag_substation": "transmission", "voltage": 161000, "lon": -1.702854, "lat": 6.5897583, "dc": false, "under_construction": false, "station_id": null, "tag_area": 0.0, "country": "GH" }, "geometry": { "type": "Point", "coordinates": [ -1.702854, 6.589758299999985 ] } },
{ "type": "Feature", "properties": { "bus_id": 246, "symbol": "substation", "tag_substation": "transmission", "voltage": 161000, "lon": -1.7100865, "lat": 6.5903567, "dc": false, "under_construction": false, "station_id": null, "tag_area": 0.0, "country": "GH" }, "geometry": { "type": "Point", "coordinates": [ -1.7100865, 6.590356699999985 ] } },
{ "type": "Feature", "properties": { "bus_id": 247, "symbol": "substation", "tag_substation": "transmission", "voltage": 161000, "lon": -2.2930068, "lat": 6.9095542, "dc": false, "under_construction": false, "station_id": null, "tag_area": 0.0, "country": "GH" }, "geometry": { "type": "Point", "coordinates": [ -2.2930068, 6.90955419999998 ] } },
{ "type": "Feature", "properties": { "bus_id": 248, "symbol": "substation", "tag_substation": "transmission", "voltage": 161000, "lon": -2.340786, "lat": 7.0279294000001, "dc": false, "under_construction": false, "station_id": null, "tag_area": 0.0, "country": "GH" }, "geometry": { "type": "Point", "coordinates": [ -2.340786, 7.027929400000052 ] } },
{ "type": "Feature", "properties": { "bus_id": 249, "symbol": "substation", "tag_substation": "transmission", "voltage": 161000, "lon": -2.2883636, "lat": 6.905189, "dc": false, "under_construction": false, "station_id": null, "tag_area": 0.0, "country": "GH" }, "geometry": { "type": "Point", "coordinates": [ -2.2883636, 6.905189 ] } },
{ "type": "Feature", "properties": { "bus_id": 250, "symbol": "substation", "tag_substation": "transmission", "voltage": 161000, "lon": -2.0255683, "lat": 6.709433, "dc": false, "under_construction": false, "station_id": null, "tag_area": 0.0, "country": "GH" }, "geometry": { "type": "Point", "coordinates": [ -2.0255683, 6.709433 ] } },
{ "type": "Feature", "properties": { "bus_id": 251, "symbol": "substation", "tag_substation": "transmission", "voltage": 161000, "lon": -2.0192306, "lat": 6.7061559, "dc": false, "under_construction": false, "station_id": null, "tag_area": 0.0, "country": "GH" }, "geometry": { "type": "Point", "coordinates": [ -2.0192306, 6.706155899999983 ] } },
{ "type": "Feature", "properties": { "bus_id": 252, "symbol": "substation", "tag_substation": "transmission", "voltage": 161000, "lon": -2.0255683, "lat": 6.709433, "dc": false, "under_construction": false, "station_id": null, "tag_area": 0.0, "country": "GH" }, "geometry": { "type": "Point", "coordinates": [ -2.0255683, 6.709433 ] } },
{ "type": "Feature", "properties": { "bus_id": 253, "symbol": "substation", "tag_substation": "transmission", "voltage": 330000, "lon": 0.0017446, "lat": 5.6943628, "dc": false, "under_construction": false, "station_id": null, "tag_area": 0.0, "country": "GH" }, "geometry": { "type": "Point", "coordinates": [ 0.0017446, 5.694362800000015 ] } },
{ "type": "Feature", "properties": { "bus_id": 254, "symbol": "substation", "tag_substation": "transmission", "voltage": 330000, "lon": 0.0017446, "lat": 5.6943628, "dc": false, "under_construction": false, "station_id": null, "tag_area": 0.0, "country": "GH" }, "geometry": { "type": "Point", "coordinates": [ 0.0017446, 5.694362800000015 ] } },
{ "type": "Feature", "properties": { "bus_id": 255, "symbol": "substation", "tag_substation": "transmission", "voltage": 161000, "lon": 0.0457259, "lat": 5.6818561, "dc": false, "under_construction": false, "station_id": null, "tag_area": 0.0, "country": "GH" }, "geometry": { "type": "Point", "coordinates": [ 0.0457259, 5.681856100000019 ] } },
{ "type": "Feature", "properties": { "bus_id": 256, "symbol": "substation", "tag_substation": "transmission", "voltage": 161000, "lon": 0.0452432, "lat": 5.6813683, "dc": false, "under_construction": false, "station_id": null, "tag_area": 0.0, "country": "GH" }, "geometry": { "type": "Point", "coordinates": [ 0.0452432, 5.681368300000019 ] } },
{ "type": "Feature", "properties": { "bus_id": 257, "symbol": "substation", "tag_substation": "transmission", "voltage": 161000, "lon": 0.0468622, "lat": 5.6813742, "dc": false, "under_construction": false, "station_id": null, "tag_area": 0.0, "country": "GH" }, "geometry": { "type": "Point", "coordinates": [ 0.0468622, 5.6813742 ] } },
{ "type": "Feature", "properties": { "bus_id": 258, "symbol": "substation", "tag_substation": "transmission", "voltage": 161000, "lon": 0.0417137, "lat": 5.6808097, "dc": false, "under_construction": false, "station_id": null, "tag_area": 0.0, "country": "GH" }, "geometry": { "type": "Point", "coordinates": [ 0.0417137, 5.680809700000019 ] } },
{ "type": "Feature", "properties": { "bus_id": 259, "symbol": "substation", "tag_substation": "transmission", "voltage": 161000, "lon": 0.0419457, "lat": 5.6802211, "dc": false, "under_construction": false, "station_id": null, "tag_area": 0.0, "country": "GH" }, "geometry": { "type": "Point", "coordinates": [ 0.0419457, 5.680221100000018 ] } },
{ "type": "Feature", "properties": { "bus_id": 260, "symbol": "substation", "tag_substation": "transmission", "voltage": 161000, "lon": 0.0420651, "lat": 5.6799129, "dc": false, "under_construction": false, "station_id": null, "tag_area": 0.0, "country": "GH" }, "geometry": { "type": "Point", "coordinates": [ 0.0420651, 5.679912900000017 ] } },
{ "type": "Feature", "properties": { "bus_id": 261, "symbol": "substation", "tag_substation": "transmission", "voltage": 330000, "lon": 0.5087614, "lat": 6.0292568, "dc": false, "under_construction": false, "station_id": null, "tag_area": 0.0, "country": "GH" }, "geometry": { "type": "Point", "coordinates": [ 0.5087614, 6.0292568 ] } },
{ "type": "Feature", "properties": { "bus_id": 262, "symbol": "substation", "tag_substation": "transmission", "voltage": 161000, "lon": -1.9817609, "lat": 5.3489134, "dc": false, "under_construction": false, "station_id": null, "tag_area": 0.0, "country": "GH" }, "geometry": { "type": "Point", "coordinates": [ -1.9817609, 5.3489134 ] } },
{ "type": "Feature", "properties": { "bus_id": 263, "symbol": "substation", "tag_substation": "transmission", "voltage": 161000, "lon": -0.2048175, "lat": 5.6061199, "dc": false, "under_construction": false, "station_id": null, "tag_area": 0.0, "country": "GH" }, "geometry": { "type": "Point", "coordinates": [ -0.2048175, 5.606119900000015 ] } },
{ "type": "Feature", "properties": { "bus_id": 264, "symbol": "substation", "tag_substation": "transmission", "voltage": 330000, "lon": -1.6610487, "lat": 4.9734053, "dc": false, "under_construction": false, "station_id": null, "tag_area": 0.0, "country": "GH" }, "geometry": { "type": "Point", "coordinates": [ -1.6610487, 4.9734053 ] } },
{ "type": "Feature", "properties": { "bus_id": 265, "symbol": "substation", "tag_substation": "transmission", "voltage": 161000, "lon": -1.6617921, "lat": 10.8369023, "dc": false, "under_construction": false, "station_id": null, "tag_area": 0.0, "country": "GH" }, "geometry": { "type": "Point", "coordinates": [ -1.6617921, 10.8369023 ] } },
{ "type": "Feature", "properties": { "bus_id": 266, "symbol": "substation", "tag_substation": "transmission", "voltage": 330000, "lon": -1.0612554, "lat": 10.8755583, "dc": false, "under_construction": false, "station_id": null, "tag_area": 0.0, "country": "GH" }, "geometry": { "type": "Point", "coordinates": [ -1.0612554, 10.8755583 ] } },
{ "type": "Feature", "properties": { "bus_id": 267, "symbol": "substation", "tag_substation": "transmission", "voltage": 330000, "lon": -1.1462259, "lat": 9.1586099, "dc": false, "under_construction": false, "station_id": null, "tag_area": 0.0, "country": "GH" }, "geometry": { "type": "Point", "coordinates": [ -1.1462259, 9.158609899999979 ] } },
{ "type": "Feature", "properties": { "bus_id": 268, "symbol": "substation", "tag_substation": "transmission", "voltage": 161000, "lon": -0.4426543, "lat": 5.5311789, "dc": false, "under_construction": false, "station_id": null, "tag_area": 0.0, "country": "GH" }, "geometry": { "type": "Point", "coordinates": [ -0.4426543, 5.531178900000017 ] } },
{ "type": "Feature", "properties": { "bus_id": 269, "symbol": "substation", "tag_substation": "transmission", "voltage": 330000, "lon": -0.9467983, "lat": 9.3271211, "dc": false, "under_construction": false, "station_id": null, "tag_area": 0.0, "country": "GH" }, "geometry": { "type": "Point", "coordinates": [ -0.9467983, 9.327121099999973 ] } },
{ "type": "Feature", "properties": { "bus_id": 270, "symbol": "substation", "tag_substation": "transmission", "voltage": 161000, "lon": -1.0612724, "lat": 10.8776722, "dc": false, "under_construction": false, "station_id": null, "tag_area": 0.0, "country": "GH" }, "geometry": { "type": "Point", "coordinates": [ -1.0612724, 10.8776722 ] } },
{ "type": "Feature", "properties": { "bus_id": 271, "symbol": "substation", "tag_substation": "transmission", "voltage": 161000, "lon": -1.0614306, "lat": 10.8776951, "dc": false, "under_construction": false, "station_id": null, "tag_area": 0.0, "country": "GH" }, "geometry": { "type": "Point", "coordinates": [ -1.0614306, 10.8776951 ] } },
{ "type": "Feature", "properties": { "bus_id": 272, "symbol": "substation", "tag_substation": "transmission", "voltage": 330000, "lon": -1.0614213, "lat": 10.876789, "dc": false, "under_construction": false, "station_id": null, "tag_area": 0.0, "country": "GH" }, "geometry": { "type": "Point", "coordinates": [ -1.0614213, 10.876789 ] } },
{ "type": "Feature", "properties": { "bus_id": 273, "symbol": "substation", "tag_substation": "transmission", "voltage": 330000, "lon": -1.0612349, "lat": 10.8767889, "dc": false, "under_construction": false, "station_id": null, "tag_area": 0.0, "country": "GH" }, "geometry": { "type": "Point", "coordinates": [ -1.0612349, 10.8767889 ] } },
{ "type": "Feature", "properties": { "bus_id": 274, "symbol": "substation", "tag_substation": "transmission", "voltage": 330000, "lon": -1.0628923, "lat": 10.8760075, "dc": false, "under_construction": false, "station_id": null, "tag_area": 0.0, "country": "GH" }, "geometry": { "type": "Point", "coordinates": [ -1.0628923, 10.8760075 ] } },
{ "type": "Feature", "properties": { "bus_id": 275, "symbol": "substation", "tag_substation": "transmission", "voltage": 330000, "lon": -1.0630532, "lat": 10.876007, "dc": false, "under_construction": false, "station_id": null, "tag_area": 0.0, "country": "GH" }, "geometry": { "type": "Point", "coordinates": [ -1.0630532, 10.876007 ] } },
{ "type": "Feature", "properties": { "bus_id": 276, "symbol": "substation", "tag_substation": "transmission", "voltage": 330000, "lon": -1.0631499, "lat": 10.8760067, "dc": false, "under_construction": false, "station_id": null, "tag_area": 0.0, "country": "GH" }, "geometry": { "type": "Point", "coordinates": [ -1.0631499, 10.8760067 ] } },
{ "type": "Feature", "properties": { "bus_id": 277, "symbol": "substation", "tag_substation": "transmission", "voltage": 330000, "lon": -1.0631338, "lat": 10.8765914, "dc": false, "under_construction": false, "station_id": null, "tag_area": 0.0, "country": "GH" }, "geometry": { "type": "Point", "coordinates": [ -1.0631338, 10.8765914 ] } },
{ "type": "Feature", "properties": { "bus_id": 278, "symbol": "substation", "tag_substation": "transmission", "voltage": 225000, "lon": -1.0630117, "lat": 10.8775792, "dc": false, "under_construction": false, "station_id": null, "tag_area": 0.0, "country": "GH" }, "geometry": { "type": "Point", "coordinates": [ -1.0630117, 10.8775792 ] } },
{ "type": "Feature", "properties": { "bus_id": 279, "symbol": "substation", "tag_substation": "transmission", "voltage": 225000, "lon": -1.0628897, "lat": 10.8767916, "dc": false, "under_construction": false, "station_id": null, "tag_area": 0.0, "country": "GH" }, "geometry": { "type": "Point", "coordinates": [ -1.0628897, 10.8767916 ] } },
{ "type": "Feature", "properties": { "bus_id": 280, "symbol": "substation", "tag_substation": "transmission", "voltage": 161000, "lon": -1.0610246, "lat": 10.8770576, "dc": false, "under_construction": false, "station_id": null, "tag_area": 0.0, "country": "GH" }, "geometry": { "type": "Point", "coordinates": [ -1.0610246, 10.8770576 ] } },
{ "type": "Feature", "properties": { "bus_id": 281, "symbol": "substation", "tag_substation": "transmission", "voltage": 161000, "lon": -1.0609338, "lat": 10.8784355, "dc": false, "under_construction": false, "station_id": null, "tag_area": 0.0, "country": "GH" }, "geometry": { "type": "Point", "coordinates": [ -1.0609338, 10.8784355 ] } },
{ "type": "Feature", "properties": { "bus_id": 282, "symbol": "substation", "tag_substation": "transmission", "voltage": 161000, "lon": -1.0615016, "lat": 10.8776051, "dc": false, "under_construction": false, "station_id": null, "tag_area": 0.0, "country": "GH" }, "geometry": { "type": "Point", "coordinates": [ -1.0615016, 10.8776051 ] } },
{ "type": "Feature", "properties": { "bus_id": 283, "symbol": "substation", "tag_substation": "transmission", "voltage": 330000, "lon": -1.6611457, "lat": 4.9721527, "dc": false, "under_construction": false, "station_id": null, "tag_area": 0.0, "country": "GH" }, "geometry": { "type": "Point", "coordinates": [ -1.6611457, 4.9721527 ] } },
{ "type": "Feature", "properties": { "bus_id": 284, "symbol": "substation", "tag_substation": "transmission", "voltage": 330000, "lon": -1.5152146, "lat": 6.6974215, "dc": false, "under_construction": false, "station_id": null, "tag_area": 0.0, "country": "GH" }, "geometry": { "type": "Point", "coordinates": [ -1.5152146, 6.697421500000014 ] } },
{ "type": "Feature", "properties": { "bus_id": 285, "symbol": "substation", "tag_substation": "transmission", "voltage": 330000, "lon": -1.5152146, "lat": 6.6974215, "dc": false, "under_construction": false, "station_id": null, "tag_area": 0.0, "country": "GH" }, "geometry": { "type": "Point", "coordinates": [ -1.5152146, 6.697421500000014 ] } },
{ "type": "Feature", "properties": { "bus_id": 286, "symbol": "substation", "tag_substation": "transmission", "voltage": 161000, "lon": -1.5200937, "lat": 6.6940928, "dc": false, "under_construction": false, "station_id": null, "tag_area": 0.0, "country": "GH" }, "geometry": { "type": "Point", "coordinates": [ -1.5200937, 6.6940928 ] } },
{ "type": "Feature", "properties": { "bus_id": 287, "symbol": "substation", "tag_substation": "transmission", "voltage": 330000, "lon": -1.7055148, "lat": 8.0862693, "dc": false, "under_construction": false, "station_id": null, "tag_area": 0.0, "country": "GH" }, "geometry": { "type": "Point", "coordinates": [ -1.7055148, 8.0862693 ] } },
{ "type": "Feature", "properties": { "bus_id": 288, "symbol": "substation", "tag_substation": "transmission", "voltage": 330000, "lon": -1.7046699, "lat": 8.0887309, "dc": false, "under_construction": false, "station_id": null, "tag_area": 0.0, "country": "GH" }, "geometry": { "type": "Point", "coordinates": [ -1.7046699, 8.0887309 ] } },
{ "type": "Feature", "properties": { "bus_id": 289, "symbol": "substation", "tag_substation": "transmission", "voltage": 330000, "lon": 0.0011471, "lat": 5.6946706, "dc": false, "under_construction": false, "station_id": null, "tag_area": 0.0, "country": "GH" }, "geometry": { "type": "Point", "coordinates": [ 0.0011471, 5.6946706 ] } },
{ "type": "Feature", "properties": { "bus_id": 290, "symbol": "substation", "tag_substation": "transmission", "voltage": 330000, "lon": 0.0009746, "lat": 5.6950887, "dc": false, "under_construction": false, "station_id": null, "tag_area": 0.0, "country": "GH" }, "geometry": { "type": "Point", "coordinates": [ 0.0009746, 5.6950887 ] } },
{ "type": "Feature", "properties": { "bus_id": 291, "symbol": "substation", "tag_substation": "transmission", "voltage": 330000, "lon": -0.9458067, "lat": 9.3271265, "dc": false, "under_construction": false, "station_id": null, "tag_area": 0.0, "country": "GH" }, "geometry": { "type": "Point", "coordinates": [ -0.9458067, 9.3271265 ] } },
{ "type": "Feature", "properties": { "bus_id": 292, "symbol": "substation", "tag_substation": "transmission", "voltage": 330000, "lon": -0.9463477, "lat": 9.3286774, "dc": false, "under_construction": false, "station_id": null, "tag_area": 0.0, "country": "GH" }, "geometry": { "type": "Point", "coordinates": [ -0.9463477, 9.328677399999973 ] } },
{ "type": "Feature", "properties": { "bus_id": 293, "symbol": "substation", "tag_substation": "transmission", "voltage": 330000, "lon": -0.8218794, "lat": 10.1946749, "dc": false, "under_construction": false, "station_id": null, "tag_area": 0.0, "country": "GH" }, "geometry": { "type": "Point", "coordinates": [ -0.8218794, 10.1946749 ] } },
{ "type": "Feature", "properties": { "bus_id": 294, "symbol": "substation", "tag_substation": "transmission", "voltage": 161000, "lon": -0.9450381, "lat": 9.3280189, "dc": false, "under_construction": false, "station_id": null, "tag_area": 0.0, "country": "GH" }, "geometry": { "type": "Point", "coordinates": [ -0.9450381, 9.3280189 ] } },
{ "type": "Feature", "properties": { "bus_id": 295, "symbol": "substation", "tag_substation": "transmission", "voltage": 161000, "lon": -0.8538778, "lat": 9.4193407, "dc": false, "under_construction": false, "station_id": null, "tag_area": 0.0, "country": "GH" }, "geometry": { "type": "Point", "coordinates": [ -0.8538778, 9.4193407 ] } },
{ "type": "Feature", "properties": { "bus_id": 296, "symbol": "substation", "tag_substation": "transmission", "voltage": 161000, "lon": -0.9452133, "lat": 9.3273653, "dc": false, "under_construction": false, "station_id": null, "tag_area": 0.0, "country": "GH" }, "geometry": { "type": "Point", "coordinates": [ -0.9452133, 9.3273653 ] } },
{ "type": "Feature", "properties": { "bus_id": 297, "symbol": "substation", "tag_substation": "transmission", "voltage": 330000, "lon": -0.9457084, "lat": 9.3274895, "dc": false, "under_construction": false, "station_id": null, "tag_area": 0.0, "country": "GH" }, "geometry": { "type": "Point", "coordinates": [ -0.9457084, 9.3274895 ] } },
{ "type": "Feature", "properties": { "bus_id": 298, "symbol": "substation", "tag_substation": "transmission", "voltage": 161000, "lon": -0.9451182, "lat": 9.3277203, "dc": false, "under_construction": false, "station_id": null, "tag_area": 0.0, "country": "GH" }, "geometry": { "type": "Point", "coordinates": [ -0.9451182, 9.32772030000001 ] } },
{ "type": "Feature", "properties": { "bus_id": 299, "symbol": "substation", "tag_substation": "transmission", "voltage": 330000, "lon": -0.9457964, "lat": 9.3279081, "dc": false, "under_construction": false, "station_id": null, "tag_area": 0.0, "country": "GH" }, "geometry": { "type": "Point", "coordinates": [ -0.9457964, 9.3279081 ] } },
{ "type": "Feature", "properties": { "bus_id": 300, "symbol": "substation", "tag_substation": "transmission", "voltage": 330000, "lon": -0.9454968, "lat": 9.3282706, "dc": false, "under_construction": false, "station_id": null, "tag_area": 0.0, "country": "GH" }, "geometry": { "type": "Point", "coordinates": [ -0.9454968, 9.3282706 ] } },
{ "type": "Feature", "properties": { "bus_id": 301, "symbol": "substation", "tag_substation": "transmission", "voltage": 330000, "lon": -0.9456815, "lat": 9.3283306, "dc": false, "under_construction": false, "station_id": null, "tag_area": 0.0, "country": "GH" }, "geometry": { "type": "Point", "coordinates": [ -0.9456815, 9.3283306 ] } },
{ "type": "Feature", "properties": { "bus_id": 302, "symbol": "substation", "tag_substation": "transmission", "voltage": 161000, "lon": -2.48874, "lat": 10.0709523, "dc": false, "under_construction": false, "station_id": null, "tag_area": 0.0, "country": "GH" }, "geometry": { "type": "Point", "coordinates": [ -2.48874, 10.0709523 ] } },
{ "type": "Feature", "properties": { "bus_id": 303, "symbol": "substation", "tag_substation": "transmission", "voltage": 161000, "lon": -2.7197844, "lat": 10.4193615, "dc": false, "under_construction": false, "station_id": null, "tag_area": 0.0, "country": "GH" }, "geometry": { "type": "Point", "coordinates": [ -2.7197844, 10.4193615 ] } },
{ "type": "Feature", "properties": { "bus_id": 304, "symbol": "substation", "tag_substation": "transmission", "voltage": 161000, "lon": -1.990533, "lat": 10.8638069, "dc": false, "under_construction": false, "station_id": null, "tag_area": 0.0, "country": "GH" }, "geometry": { "type": "Point", "coordinates": [ -1.990533, 10.8638069 ] } },
{ "type": "Feature", "properties": { "bus_id": 305, "symbol": "substation", "tag_substation": "transmission", "voltage": 161000, "lon": -1.6594881, "lat": 4.9733445, "dc": false, "under_construction": false, "station_id": null, "tag_area": 0.0, "country": "GH" }, "geometry": { "type": "Point", "coordinates": [ -1.6594881, 4.9733445 ] } },
{ "type": "Feature", "properties": { "bus_id": 306, "symbol": "substation", "tag_substation": "transmission", "voltage": 161000, "lon": -1.6594452, "lat": 4.9727513, "dc": false, "under_construction": false, "station_id": null, "tag_area": 0.0, "country": "GH" }, "geometry": { "type": "Point", "coordinates": [ -1.6594452, 4.9727513 ] } },
{ "type": "Feature", "properties": { "bus_id": 307, "symbol": "substation", "tag_substation": "transmission", "voltage": 330000, "lon": -1.6618565, "lat": 4.9733685, "dc": false, "under_construction": false, "station_id": null, "tag_area": 0.0, "country": "GH" }, "geometry": { "type": "Point", "coordinates": [ -1.6618565, 4.9733685 ] } },
{ "type": "Feature", "properties": { "bus_id": 308, "symbol": "substation", "tag_substation": "transmission", "voltage": 330000, "lon": -1.6618055, "lat": 4.9724841, "dc": false, "under_construction": false, "station_id": null, "tag_area": 0.0, "country": "GH" }, "geometry": { "type": "Point", "coordinates": [ -1.6618055, 4.9724841 ] } },
{ "type": "Feature", "properties": { "bus_id": 309, "symbol": "substation", "tag_substation": "transmission", "voltage": 330000, "lon": -1.6655016, "lat": 4.9678132, "dc": false, "under_construction": false, "station_id": null, "tag_area": 0.0, "country": "GH" }, "geometry": { "type": "Point", "coordinates": [ -1.6655016, 4.9678132 ] } },
{ "type": "Feature", "properties": { "bus_id": 310, "symbol": "substation", "tag_substation": "transmission", "voltage": 330000, "lon": -1.6655982, "lat": 4.9683476, "dc": false, "under_construction": false, "station_id": null, "tag_area": 0.0, "country": "GH" }, "geometry": { "type": "Point", "coordinates": [ -1.6655982, 4.9683476 ] } },
{ "type": "Feature", "properties": { "bus_id": 311, "symbol": "substation", "tag_substation": "transmission", "voltage": 161000, "lon": 0.013442, "lat": 5.6765235, "dc": false, "under_construction": false, "station_id": null, "tag_area": 0.0, "country": "GH" }, "geometry": { "type": "Point", "coordinates": [ 0.013442, 5.6765235 ] } },
{ "type": "Feature", "properties": { "bus_id": 312, "symbol": "substation", "tag_substation": "transmission", "voltage": 161000, "lon": 0.0137625, "lat": 5.6762565, "dc": false, "under_construction": false, "station_id": null, "tag_area": 0.0, "country": "GH" }, "geometry": { "type": "Point", "coordinates": [ 0.0137625, 5.6762565 ] } },
{ "type": "Feature", "properties": { "bus_id": 313, "symbol": "substation", "tag_substation": "transmission", "voltage": 161000, "lon": 0.0177804, "lat": 5.6781916, "dc": false, "under_construction": false, "station_id": null, "tag_area": 0.0, "country": "GH" }, "geometry": { "type": "Point", "coordinates": [ 0.0177804, 5.6781916 ] } },
{ "type": "Feature", "properties": { "bus_id": 314, "symbol": "substation", "tag_substation": "transmission", "voltage": 161000, "lon": 0.013442, "lat": 5.6765235, "dc": false, "under_construction": false, "station_id": null, "tag_area": 0.0, "country": "GH" }, "geometry": { "type": "Point", "coordinates": [ 0.013442, 5.6765235 ] } },
{ "type": "Feature", "properties": { "bus_id": 315, "symbol": "substation", "tag_substation": "transmission", "voltage": 161000, "lon": 0.0134871, "lat": 5.6752013, "dc": false, "under_construction": false, "station_id": null, "tag_area": 0.0, "country": "GH" }, "geometry": { "type": "Point", "coordinates": [ 0.0134871, 5.6752013 ] } },
{ "type": "Feature", "properties": { "bus_id": 316, "symbol": "substation", "tag_substation": "transmission", "voltage": 161000, "lon": 0.0134077, "lat": 5.6752791, "dc": false, "under_construction": false, "station_id": null, "tag_area": 0.0, "country": "GH" }, "geometry": { "type": "Point", "coordinates": [ 0.0134077, 5.6752791 ] } },
{ "type": "Feature", "properties": { "bus_id": 317, "symbol": "substation", "tag_substation": "transmission", "voltage": 161000, "lon": 0.0133276, "lat": 5.6751948, "dc": false, "under_construction": false, "station_id": null, "tag_area": 0.0, "country": "GH" }, "geometry": { "type": "Point", "coordinates": [ 0.0133276, 5.6751948 ] } },
{ "type": "Feature", "properties": { "bus_id": 318, "symbol": "substation", "tag_substation": "transmission", "voltage": 161000, "lon": 0.0244912, "lat": 5.6716682, "dc": false, "under_construction": false, "station_id": null, "tag_area": 0.0, "country": "GH" }, "geometry": { "type": "Point", "coordinates": [ 0.0244912, 5.6716682 ] } },
{ "type": "Feature", "properties": { "bus_id": 319, "symbol": "substation", "tag_substation": "transmission", "voltage": 161000, "lon": 0.0188665, "lat": 5.6740369, "dc": false, "under_construction": false, "station_id": null, "tag_area": 0.0, "country": "GH" }, "geometry": { "type": "Point", "coordinates": [ 0.0188665, 5.6740369 ] } },
{ "type": "Feature", "properties": { "bus_id": 320, "symbol": "substation", "tag_substation": "transmission", "voltage": 161000, "lon": 0.0247036, "lat": 5.6949394, "dc": false, "under_construction": false, "station_id": null, "tag_area": 0.0, "country": "GH" }, "geometry": { "type": "Point", "coordinates": [ 0.0247036, 5.6949394 ] } },
{ "type": "Feature", "properties": { "bus_id": 321, "symbol": "substation", "tag_substation": "transmission", "voltage": 161000, "lon": 0.0106441, "lat": 5.6781515, "dc": false, "under_construction": false, "station_id": null, "tag_area": 0.0, "country": "GH" }, "geometry": { "type": "Point", "coordinates": [ 0.0106441, 5.6781515 ] } },
{ "type": "Feature", "properties": { "bus_id": 322, "symbol": "substation", "tag_substation": "transmission", "voltage": 161000, "lon": 0.0459127, "lat": 5.682124, "dc": false, "under_construction": false, "station_id": null, "tag_area": 0.0, "country": "GH" }, "geometry": { "type": "Point", "coordinates": [ 0.0459127, 5.682124 ] } },
{ "type": "Feature", "properties": { "bus_id": 323, "symbol": "substation", "tag_substation": "transmission", "voltage": 161000, "lon": 0.0466071, "lat": 5.681185, "dc": false, "under_construction": false, "station_id": null, "tag_area": 0.0, "country": "GH" }, "geometry": { "type": "Point", "coordinates": [ 0.0466071, 5.681185 ] } },
{ "type": "Feature", "properties": { "bus_id": 324, "symbol": "substation", "tag_substation": "transmission", "voltage": 161000, "lon": 0.0459127, "lat": 5.682124, "dc": false, "under_construction": false, "station_id": null, "tag_area": 0.0, "country": "GH" }, "geometry": { "type": "Point", "coordinates": [ 0.0459127, 5.682124 ] } },
{ "type": "Feature", "properties": { "bus_id": 325, "symbol": "substation", "tag_substation": "transmission", "voltage": 161000, "lon": 0.0455054, "lat": 5.681962, "dc": false, "under_construction": false, "station_id": null, "tag_area": 0.0, "country": "GH" }, "geometry": { "type": "Point", "coordinates": [ 0.0455054, 5.681962 ] } },
{ "type": "Feature", "properties": { "bus_id": 326, "symbol": "substation", "tag_substation": "transmission", "voltage": 161000, "lon": 0.0459127, "lat": 5.682124, "dc": false, "under_construction": false, "station_id": null, "tag_area": 0.0, "country": "GH" }, "geometry": { "type": "Point", "coordinates": [ 0.0459127, 5.682124 ] } },
{ "type": "Feature", "properties": { "bus_id": 327, "symbol": "substation", "tag_substation": "transmission", "voltage": 161000, "lon": 0.0453602, "lat": 5.6813203, "dc": false, "under_construction": false, "station_id": null, "tag_area": 0.0, "country": "GH" }, "geometry": { "type": "Point", "coordinates": [ 0.0453602, 5.681320300000018 ] } },
{ "type": "Feature", "properties": { "bus_id": 328, "symbol": "substation", "tag_substation": "transmission", "voltage": 161000, "lon": 0.0451356, "lat": 5.6814236, "dc": false, "under_construction": false, "station_id": null, "tag_area": 0.0, "country": "GH" }, "geometry": { "type": "Point", "coordinates": [ 0.0451356, 5.681423600000019 ] } },
{ "type": "Feature", "properties": { "bus_id": 329, "symbol": "substation", "tag_substation": "transmission", "voltage": 161000, "lon": 0.045158, "lat": 5.6814744, "dc": false, "under_construction": false, "station_id": null, "tag_area": 0.0, "country": "GH" }, "geometry": { "type": "Point", "coordinates": [ 0.045158, 5.681474399999989 ] } },
{ "type": "Feature", "properties": { "bus_id": 330, "symbol": "substation", "tag_substation": "transmission", "voltage": 161000, "lon": 0.0453705, "lat": 5.6819554, "dc": false, "under_construction": false, "station_id": null, "tag_area": 0.0, "country": "GH" }, "geometry": { "type": "Point", "coordinates": [ 0.0453705, 5.681955399999989 ] } },
{ "type": "Feature", "properties": { "bus_id": 331, "symbol": "substation", "tag_substation": "transmission", "voltage": 161000, "lon": 0.0458199, "lat": 5.6818193, "dc": false, "under_construction": false, "station_id": null, "tag_area": 0.0, "country": "GH" }, "geometry": { "type": "Point", "coordinates": [ 0.0458199, 5.681819299999989 ] } },
{ "type": "Feature", "properties": { "bus_id": 332, "symbol": "substation", "tag_substation": "transmission", "voltage": 161000, "lon": 0.0128582, "lat": 5.6755878, "dc": false, "under_construction": false, "station_id": null, "tag_area": 0.0, "country": "GH" }, "geometry": { "type": "Point", "coordinates": [ 0.0128582, 5.6755878 ] } },
{ "type": "Feature", "properties": { "bus_id": 333, "symbol": "substation", "tag_substation": "transmission", "voltage": 161000, "lon": 0.0134077, "lat": 5.6752791, "dc": false, "under_construction": false, "station_id": null, "tag_area": 0.0, "country": "GH" }, "geometry": { "type": "Point", "coordinates": [ 0.0134077, 5.6752791 ] } },
{ "type": "Feature", "properties": { "bus_id": 334, "symbol": "substation", "tag_substation": "transmission", "voltage": 161000, "lon": 0.0023255, "lat": 5.6947605, "dc": false, "under_construction": false, "station_id": null, "tag_area": 0.0, "country": "GH" }, "geometry": { "type": "Point", "coordinates": [ 0.0023255, 5.6947605 ] } },
{ "type": "Feature", "properties": { "bus_id": 335, "symbol": "substation", "tag_substation": "transmission", "voltage": 161000, "lon": 0.0019526, "lat": 5.6956346, "dc": false, "under_construction": false, "station_id": null, "tag_area": 0.0, "country": "GH" }, "geometry": { "type": "Point", "coordinates": [ 0.0019526, 5.6956346 ] } },
{ "type": "Feature", "properties": { "bus_id": 336, "symbol": "substation", "tag_substation": "transmission", "voltage": 161000, "lon": 0.0030942, "lat": 5.6959638, "dc": false, "under_construction": false, "station_id": null, "tag_area": 0.0, "country": "GH" }, "geometry": { "type": "Point", "coordinates": [ 0.0030942, 5.6959638 ] } },
{ "type": "Feature", "properties": { "bus_id": 337, "symbol": "substation", "tag_substation": "transmission", "voltage": 161000, "lon": 0.0029747, "lat": 5.695914, "dc": false, "under_construction": false, "station_id": null, "tag_area": 0.0, "country": "GH" }, "geometry": { "type": "Point", "coordinates": [ 0.0029747, 5.695914 ] } },
{ "type": "Feature", "properties": { "bus_id": 338, "symbol": "substation", "tag_substation": "transmission", "voltage": 161000, "lon": 0.0028525, "lat": 5.6958631, "dc": false, "under_construction": false, "station_id": null, "tag_area": 0.0, "country": "GH" }, "geometry": { "type": "Point", "coordinates": [ 0.0028525, 5.6958631 ] } },
{ "type": "Feature", "properties": { "bus_id": 339, "symbol": "substation", "tag_substation": "transmission", "voltage": 161000, "lon": 0.0027576, "lat": 5.6958235, "dc": false, "under_construction": false, "station_id": null, "tag_area": 0.0, "country": "GH" }, "geometry": { "type": "Point", "coordinates": [ 0.0027576, 5.6958235 ] } },
{ "type": "Feature", "properties": { "bus_id": 340, "symbol": "substation", "tag_substation": "transmission", "voltage": 161000, "lon": 0.0026491, "lat": 5.6957783, "dc": false, "under_construction": false, "station_id": null, "tag_area": 0.0, "country": "GH" }, "geometry": { "type": "Point", "coordinates": [ 0.0026491, 5.6957783 ] } },
{ "type": "Feature", "properties": { "bus_id": 341, "symbol": "substation", "tag_substation": "transmission", "voltage": 161000, "lon": 0.0025265, "lat": 5.6957272, "dc": false, "under_construction": false, "station_id": null, "tag_area": 0.0, "country": "GH" }, "geometry": { "type": "Point", "coordinates": [ 0.0025265, 5.6957272 ] } },
{ "type": "Feature", "properties": { "bus_id": 342, "symbol": "substation", "tag_substation": "transmission", "voltage": 161000, "lon": 0.0024292, "lat": 5.6956867, "dc": false, "under_construction": false, "station_id": null, "tag_area": 0.0, "country": "GH" }, "geometry": { "type": "Point", "coordinates": [ 0.0024292, 5.6956867 ] } },
{ "type": "Feature", "properties": { "bus_id": 343, "symbol": "substation", "tag_substation": "transmission", "voltage": 161000, "lon": 0.0023194, "lat": 5.6956409, "dc": false, "under_construction": false, "station_id": null, "tag_area": 0.0, "country": "GH" }, "geometry": { "type": "Point", "coordinates": [ 0.0023194, 5.6956409 ] } },
{ "type": "Feature", "properties": { "bus_id": 344, "symbol": "substation", "tag_substation": "transmission", "voltage": 161000, "lon": 0.0022152, "lat": 5.6955975, "dc": false, "under_construction": false, "station_id": null, "tag_area": 0.0, "country": "GH" }, "geometry": { "type": "Point", "coordinates": [ 0.0022152, 5.6955975 ] } },
{ "type": "Feature", "properties": { "bus_id": 345, "symbol": "substation", "tag_substation": "transmission", "voltage": 161000, "lon": 0.0023577, "lat": 5.6949638, "dc": false, "under_construction": false, "station_id": null, "tag_area": 0.0, "country": "GH" }, "geometry": { "type": "Point", "coordinates": [ 0.0023577, 5.6949638 ] } },
{ "type": "Feature", "properties": { "bus_id": 346, "symbol": "substation", "tag_substation": "transmission", "voltage": 330000, "lon": 0.0008958, "lat": 5.6952795, "dc": false, "under_construction": false, "station_id": null, "tag_area": 0.0, "country": "GH" }, "geometry": { "type": "Point", "coordinates": [ 0.0008958, 5.6952795 ] } },
{ "type": "Feature", "properties": { "bus_id": 347, "symbol": "substation", "tag_substation": "transmission", "voltage": 330000, "lon": 0.0005867, "lat": 5.6951532, "dc": false, "under_construction": false, "station_id": null, "tag_area": 0.0, "country": "GH" }, "geometry": { "type": "Point", "coordinates": [ 0.0005867, 5.6951532 ] } },
{ "type": "Feature", "properties": { "bus_id": 348, "symbol": "substation", "tag_substation": "transmission", "voltage": 330000, "lon": 0.0007248, "lat": 5.6952084, "dc": false, "under_construction": false, "station_id": null, "tag_area": 0.0, "country": "GH" }, "geometry": { "type": "Point", "coordinates": [ 0.0007248, 5.6952084 ] } },
{ "type": "Feature", "properties": { "bus_id": 349, "symbol": "substation", "tag_substation": "transmission", "voltage": 330000, "lon": 0.0012702, "lat": 5.6945392, "dc": false, "under_construction": false, "station_id": null, "tag_area": 0.0, "country": "GH" }, "geometry": { "type": "Point", "coordinates": [ 0.0012702, 5.6945392 ] } },
{ "type": "Feature", "properties": { "bus_id": 350, "symbol": "substation", "tag_substation": "transmission", "voltage": 330000, "lon": 0.0009456, "lat": 5.6952999, "dc": false, "under_construction": false, "station_id": null, "tag_area": 0.0, "country": "GH" }, "geometry": { "type": "Point", "coordinates": [ 0.0009456, 5.6952999 ] } },
{ "type": "Feature", "properties": { "bus_id": 351, "symbol": "substation", "tag_substation": "transmission", "voltage": 161000, "lon": 0.0020085, "lat": 5.6955114, "dc": false, "under_construction": false, "station_id": null, "tag_area": 0.0, "country": "GH" }, "geometry": { "type": "Point", "coordinates": [ 0.0020085, 5.6955114 ] } },
{ "type": "Feature", "properties": { "bus_id": 352, "symbol": "substation", "tag_substation": "transmission", "voltage": 161000, "lon": 0.0022567, "lat": 5.6949217, "dc": false, "under_construction": false, "station_id": null, "tag_area": 0.0, "country": "GH" }, "geometry": { "type": "Point", "coordinates": [ 0.0022567, 5.6949217 ] } },
{ "type": "Feature", "properties": { "bus_id": 353, "symbol": "substation", "tag_substation": "transmission", "voltage": 161000, "lon": 0.0033424, "lat": 5.6953741, "dc": false, "under_construction": false, "station_id": null, "tag_area": 0.0, "country": "GH" }, "geometry": { "type": "Point", "coordinates": [ 0.0033424, 5.6953741 ] } },
{ "type": "Feature", "properties": { "bus_id": 354, "symbol": "substation", "tag_substation": "transmission", "voltage": 161000, "lon": -2.22295, "lat": 6.2471201, "dc": false, "under_construction": false, "station_id": null, "tag_area": 0.0, "country": "GH" }, "geometry": { "type": "Point", "coordinates": [ -2.22295, 6.2471201 ] } },
{ "type": "Feature", "properties": { "bus_id": 355, "symbol": "substation", "tag_substation": "transmission", "voltage": 161000, "lon": -2.8326869, "lat": 6.3527158, "dc": false, "under_construction": false, "station_id": null, "tag_area": 0.0, "country": "GH" }, "geometry": { "type": "Point", "coordinates": [ -2.8326869, 6.3527158 ] } },
{ "type": "Feature", "properties": { "bus_id": 356, "symbol": "substation", "tag_substation": "transmission", "voltage": 161000, "lon": 0.0028796, "lat": 5.6965922, "dc": false, "under_construction": false, "station_id": null, "tag_area": 0.0, "country": "GH" }, "geometry": { "type": "Point", "coordinates": [ 0.0028796, 5.6965922 ] } },
{ "type": "Feature", "properties": { "bus_id": 357, "symbol": "substation", "tag_substation": "transmission", "voltage": 161000, "lon": -1.6633518, "lat": 6.6722433, "dc": false, "under_construction": false, "station_id": null, "tag_area": 0.0, "country": "GH" }, "geometry": { "type": "Point", "coordinates": [ -1.6633518, 6.6722433 ] } },
{ "type": "Feature", "properties": { "bus_id": 358, "symbol": "substation", "tag_substation": "transmission", "voltage": 161000, "lon": -1.9027246, "lat": 7.5293876, "dc": false, "under_construction": false, "station_id": null, "tag_area": 0.0, "country": "GH" }, "geometry": { "type": "Point", "coordinates": [ -1.9027246, 7.5293876 ] } },
{ "type": "Feature", "properties": { "bus_id": 359, "symbol": "substation", "tag_substation": "transmission", "voltage": 69000, "lon": 0.5522266, "lat": 6.2606241, "dc": false, "under_construction": false, "station_id": null, "tag_area": 0.0, "country": "GH" }, "geometry": { "type": "Point", "coordinates": [ 0.5522266, 6.260624100000029 ] } },
{ "type": "Feature", "properties": { "bus_id": 360, "symbol": "substation", "tag_substation": "transmission", "voltage": 69000, "lon": 0.4671925, "lat": 7.5070406, "dc": false, "under_construction": false, "station_id": null, "tag_area": 0.0, "country": "GH" }, "geometry": { "type": "Point", "coordinates": [ 0.4671925, 7.507040599999984 ] } },
{ "type": "Feature", "properties": { "bus_id": 361, "symbol": "substation", "tag_substation": "transmission", "voltage": 225000, "lon": -1.0628517, "lat": 10.8786803, "dc": false, "under_construction": false, "station_id": null, "tag_area": 0.0, "country": "GH" }, "geometry": { "type": "Point", "coordinates": [ -1.0628517, 10.8786803 ] } },
{ "type": "Feature", "properties": { "bus_id": 362, "symbol": "substation", "tag_substation": "transmission", "voltage": 225000, "lon": -1.062878, "lat": 10.8775815, "dc": false, "under_construction": false, "station_id": null, "tag_area": 0.0, "country": "GH" }, "geometry": { "type": "Point", "coordinates": [ -1.062878, 10.8775815 ] } },
{ "type": "Feature", "properties": { "bus_id": 363, "symbol": "substation", "tag_substation": "transmission", "voltage": 161000, "lon": -1.0637786, "lat": 10.8792871, "dc": false, "under_construction": false, "station_id": null, "tag_area": 0.0, "country": "GH" }, "geometry": { "type": "Point", "coordinates": [ -1.0637786, 10.8792871 ] } },
{ "type": "Feature", "properties": { "bus_id": 364, "symbol": "substation", "tag_substation": "transmission", "voltage": 161000, "lon": -1.0615405, "lat": 10.8785006, "dc": false, "under_construction": false, "station_id": null, "tag_area": 0.0, "country": "GH" }, "geometry": { "type": "Point", "coordinates": [ -1.0615405, 10.8785006 ] } },
{ "type": "Feature", "properties": { "bus_id": 365, "symbol": "substation", "tag_substation": "transmission", "voltage": 161000, "lon": -1.0615405, "lat": 10.8785006, "dc": false, "under_construction": false, "station_id": null, "tag_area": 0.0, "country": "GH" }, "geometry": { "type": "Point", "coordinates": [ -1.0615405, 10.8785006 ] } },
{ "type": "Feature", "properties": { "bus_id": 366, "symbol": "substation", "tag_substation": "transmission", "voltage": 161000, "lon": -2.7214581, "lat": 10.4187563, "dc": false, "under_construction": false, "station_id": null, "tag_area": 0.0, "country": "GH" }, "geometry": { "type": "Point", "coordinates": [ -2.7214581, 10.4187563 ] } },
{ "type": "Feature", "properties": { "bus_id": 367, "symbol": "substation", "tag_substation": "transmission", "voltage": 161000, "lon": -1.0609338, "lat": 10.8784355, "dc": false, "under_construction": false, "station_id": null, "tag_area": 0.0, "country": "GH" }, "geometry": { "type": "Point", "coordinates": [ -1.0609338, 10.8784355 ] } },
{ "type": "Feature", "properties": { "bus_id": 368, "symbol": "substation", "tag_substation": "transmission", "voltage": 161000, "lon": -1.0611452, "lat": 10.8776841, "dc": false, "under_construction": false, "station_id": null, "tag_area": 0.0, "country": "GH" }, "geometry": { "type": "Point", "coordinates": [ -1.0611452, 10.8776841 ] } },
{ "type": "Feature", "properties": { "bus_id": 369, "symbol": "substation", "tag_substation": "transmission", "voltage": 161000, "lon": -1.0610177, "lat": 10.8776825, "dc": false, "under_construction": false, "station_id": null, "tag_area": 0.0, "country": "GH" }, "geometry": { "type": "Point", "coordinates": [ -1.0610177, 10.8776825 ] } },
{ "type": "Feature", "properties": { "bus_id": 370, "symbol": "substation", "tag_substation": "transmission", "voltage": 69000, "lon": 0.53145510000000995, "lat": 6.0780324, "dc": false, "under_construction": false, "station_id": null, "tag_area": 0.0, "country": "GH" }, "geometry": { "type": "Point", "coordinates": [ 0.53145510000001, 6.078032400000019 ] } },
{ "type": "Feature", "properties": { "bus_id": 371, "symbol": "substation", "tag_substation": "transmission", "voltage": 69000, "lon": 0.3338251, "lat": 6.692883, "dc": false, "under_construction": false, "station_id": null, "tag_area": 0.0, "country": "GH" }, "geometry": { "type": "Point", "coordinates": [ 0.3338251, 6.692883 ] } },
{ "type": "Feature", "properties": { "bus_id": 372, "symbol": "substation", "tag_substation": "transmission", "voltage": 161000, "lon": -2.3510495, "lat": 7.2747953, "dc": false, "under_construction": false, "station_id": null, "tag_area": 0.0, "country": "GH" }, "geometry": { "type": "Point", "coordinates": [ -2.3510495, 7.274795299999981 ] } },
{ "type": "Feature", "properties": { "bus_id": 373, "symbol": "substation", "tag_substation": "transmission", "voltage": 161000, "lon": -2.3532966, "lat": 7.2693821, "dc": false, "under_construction": false, "station_id": null, "tag_area": 0.0, "country": "GH" }, "geometry": { "type": "Point", "coordinates": [ -2.3532966, 7.269382099999982 ] } },
{ "type": "Feature", "properties": { "bus_id": 374, "symbol": "substation", "tag_substation": "transmission", "voltage": 330000, "lon": 0.0460904, "lat": 5.6807545, "dc": false, "under_construction": false, "station_id": null, "tag_area": 0.0, "country": "GH" }, "geometry": { "type": "Point", "coordinates": [ 0.0460904, 5.6807545 ] } },
{ "type": "Feature", "properties": { "bus_id": 375, "symbol": "substation", "tag_substation": "transmission", "voltage": 161000, "lon": 0.0459369, "lat": 5.6819453, "dc": false, "under_construction": false, "station_id": null, "tag_area": 0.0, "country": "GH" }, "geometry": { "type": "Point", "coordinates": [ 0.0459369, 5.681945299999989 ] } },
{ "type": "Feature", "properties": { "bus_id": 376, "symbol": "substation", "tag_substation": "transmission", "voltage": 161000, "lon": -0.107364, "lat": 5.6519396, "dc": false, "under_construction": false, "station_id": null, "tag_area": 0.0, "country": "GH" }, "geometry": { "type": "Point", "coordinates": [ -0.107364, 5.651939600000014 ] } },
{ "type": "Feature", "properties": { "bus_id": 377, "symbol": "substation", "tag_substation": "transmission", "voltage": 161000, "lon": -0.0259011, "lat": 5.6856648, "dc": false, "under_construction": false, "station_id": null, "tag_area": 0.0, "country": "GH" }, "geometry": { "type": "Point", "coordinates": [ -0.0259011, 5.6856648 ] } },
{ "type": "Feature", "properties": { "bus_id": 378, "symbol": "substation", "tag_substation": "transmission", "voltage": 161000, "lon": 0.0372019, "lat": 6.0505827, "dc": false, "under_construction": false, "station_id": null, "tag_area": 0.0, "country": "GH" }, "geometry": { "type": "Point", "coordinates": [ 0.0372019, 6.0505827 ] } },
{ "type": "Feature", "properties": { "bus_id": 379, "symbol": "substation", "tag_substation": "transmission", "voltage": 161000, "lon": 0.1248492, "lat": 6.1165062, "dc": false, "under_construction": false, "station_id": null, "tag_area": 0.0, "country": "GH" }, "geometry": { "type": "Point", "coordinates": [ 0.1248492, 6.1165062 ] } },
{ "type": "Feature", "properties": { "bus_id": 380, "symbol": "substation", "tag_substation": "transmission", "voltage": 161000, "lon": 0.0151339, "lat": 5.813204, "dc": false, "under_construction": false, "station_id": null, "tag_area": 0.0, "country": "GH" }, "geometry": { "type": "Point", "coordinates": [ 0.0151339, 5.813204 ] } },
{ "type": "Feature", "properties": { "bus_id": 381, "symbol": "substation", "tag_substation": "transmission", "voltage": 161000, "lon": -1.7796671, "lat": 5.9627845, "dc": false, "under_construction": false, "station_id": null, "tag_area": 0.0, "country": "GH" }, "geometry": { "type": "Point", "coordinates": [ -1.7796671, 5.9627845 ] } },
{ "type": "Feature", "properties": { "bus_id": 382, "symbol": "substation", "tag_substation": "transmission", "voltage": 161000, "lon": -2.7510425, "lat": 5.282465, "dc": false, "under_construction": false, "station_id": null, "tag_area": 0.0, "country": "GH" }, "geometry": { "type": "Point", "coordinates": [ -2.7510425, 5.282465 ] } },
{ "type": "Feature", "properties": { "bus_id": 383, "symbol": "substation", "tag_substation": "transmission", "voltage": 161000, "lon": -2.3412968, "lat": 7.0280942000001, "dc": false, "under_construction": false, "station_id": null, "tag_area": 0.0, "country": "GH" }, "geometry": { "type": "Point", "coordinates": [ -2.3412968, 7.028094200000052 ] } },
{ "type": "Feature", "properties": { "bus_id": 384, "symbol": "substation", "tag_substation": "transmission", "voltage": 161000, "lon": -2.0255683, "lat": 6.709433, "dc": false, "under_construction": false, "station_id": null, "tag_area": 0.0, "country": "GH" }, "geometry": { "type": "Point", "coordinates": [ -2.0255683, 6.709433 ] } },
{ "type": "Feature", "properties": { "bus_id": 385, "symbol": "substation", "tag_substation": "transmission", "voltage": 161000, "lon": 0.125022, "lat": 6.1165715, "dc": false, "under_construction": false, "station_id": null, "tag_area": 0.0, "country": "GH" }, "geometry": { "type": "Point", "coordinates": [ 0.125022, 6.116571499999972 ] } },
{ "type": "Feature", "properties": { "bus_id": 386, "symbol": "substation", "tag_substation": "transmission", "voltage": 161000, "lon": -1.7069364, "lat": 8.0885132, "dc": false, "under_construction": false, "station_id": null, "tag_area": 0.0, "country": "GH" }, "geometry": { "type": "Point", "coordinates": [ -1.7069364, 8.0885132 ] } },
{ "type": "Feature", "properties": { "bus_id": 387, "symbol": "substation", "tag_substation": "transmission", "voltage": 161000, "lon": -2.133586, "lat": 7.8064508, "dc": false, "under_construction": false, "station_id": null, "tag_area": 0.0, "country": "GH" }, "geometry": { "type": "Point", "coordinates": [ -2.133586, 7.806450799999954 ] } },
{ "type": "Feature", "properties": { "bus_id": 388, "symbol": "substation", "tag_substation": "transmission", "voltage": 161000, "lon": -2.232383, "lat": 8.2769919, "dc": false, "under_construction": false, "station_id": null, "tag_area": 0.0, "country": "GH" }, "geometry": { "type": "Point", "coordinates": [ -2.232383, 8.276991900000016 ] } },
{ "type": "Feature", "properties": { "bus_id": 389, "symbol": "substation", "tag_substation": "transmission", "voltage": 161000, "lon": -2.2325757, "lat": 8.2767951, "dc": false, "under_construction": false, "station_id": null, "tag_area": 0.0, "country": "GH" }, "geometry": { "type": "Point", "coordinates": [ -2.2325757, 8.276795100000017 ] } },
{ "type": "Feature", "properties": { "bus_id": 390, "symbol": "substation", "tag_substation": "transmission", "voltage": 161000, "lon": 0.0578109, "lat": 6.2945336, "dc": false, "under_construction": false, "station_id": null, "tag_area": 0.0, "country": "GH" }, "geometry": { "type": "Point", "coordinates": [ 0.0578109, 6.2945336 ] } },
{ "type": "Feature", "properties": { "bus_id": 391, "symbol": "substation", "tag_substation": "transmission", "voltage": 161000, "lon": 0.0626337, "lat": 6.1747818, "dc": false, "under_construction": false, "station_id": null, "tag_area": 0.0, "country": "GH" }, "geometry": { "type": "Point", "coordinates": [ 0.0626337, 6.1747818 ] } },
{ "type": "Feature", "properties": { "bus_id": 392, "symbol": "substation", "tag_substation": "transmission", "voltage": 161000, "lon": 0.0574416, "lat": 6.2941317, "dc": false, "under_construction": false, "station_id": null, "tag_area": 0.0, "country": "GH" }, "geometry": { "type": "Point", "coordinates": [ 0.0574416, 6.2941317 ] } },
{ "type": "Feature", "properties": { "bus_id": 393, "symbol": "substation", "tag_substation": "transmission", "voltage": 161000, "lon": 0.0273608, "lat": 5.9237072, "dc": false, "under_construction": false, "station_id": null, "tag_area": 0.0, "country": "GH" }, "geometry": { "type": "Point", "coordinates": [ 0.0273608, 5.923707200000016 ] } },
{ "type": "Feature", "properties": { "bus_id": 394, "symbol": "substation", "tag_substation": "transmission", "voltage": 161000, "lon": -1.4500452, "lat": 8.7809516, "dc": false, "under_construction": false, "station_id": null, "tag_area": 0.0, "country": "GH" }, "geometry": { "type": "Point", "coordinates": [ -1.4500452, 8.780951600000016 ] } },
{ "type": "Feature", "properties": { "bus_id": 395, "symbol": "substation", "tag_substation": "transmission", "voltage": 161000, "lon": 0.0098794, "lat": 5.6768276, "dc": false, "under_construction": false, "station_id": null, "tag_area": 0.0, "country": "GH" }, "geometry": { "type": "Point", "coordinates": [ 0.0098794, 5.6768276 ] } },
{ "type": "Feature", "properties": { "bus_id": 396, "symbol": "substation", "tag_substation": "transmission", "voltage": 161000, "lon": 0.0030428, "lat": 5.6943803, "dc": false, "under_construction": false, "station_id": null, "tag_area": 0.0, "country": "GH" }, "geometry": { "type": "Point", "coordinates": [ 0.0030428, 5.6943803 ] } },
{ "type": "Feature", "properties": { "bus_id": 397, "symbol": "substation", "tag_substation": "transmission", "voltage": 161000, "lon": 0.0032474, "lat": 5.6944639, "dc": false, "under_construction": false, "station_id": null, "tag_area": 0.0, "country": "GH" }, "geometry": { "type": "Point", "coordinates": [ 0.0032474, 5.6944639 ] } },
{ "type": "Feature", "properties": { "bus_id": 398, "symbol": "substation", "tag_substation": "transmission", "voltage": 161000, "lon": 0.0256198, "lat": 5.6734755, "dc": false, "under_construction": false, "station_id": null, "tag_area": 0.0, "country": "GH" }, "geometry": { "type": "Point", "coordinates": [ 0.0256198, 5.6734755 ] } },
{ "type": "Feature", "properties": { "bus_id": 399, "symbol": "substation", "tag_substation": "transmission", "voltage": 161000, "lon": 0.0036846, "lat": 5.6946396, "dc": false, "under_construction": false, "station_id": null, "tag_area": 0.0, "country": "GH" }, "geometry": { "type": "Point", "coordinates": [ 0.0036846, 5.6946396 ] } },
{ "type": "Feature", "properties": { "bus_id": 400, "symbol": "substation", "tag_substation": "transmission", "voltage": 161000, "lon": -1.6600385, "lat": 6.6740052, "dc": false, "under_construction": false, "station_id": null, "tag_area": 0.0, "country": "GH" }, "geometry": { "type": "Point", "coordinates": [ -1.6600385, 6.6740052 ] } },
{ "type": "Feature", "properties": { "bus_id": 401, "symbol": "substation", "tag_substation": "transmission", "voltage": 161000, "lon": -1.7067271, "lat": 8.0884468, "dc": false, "under_construction": false, "station_id": null, "tag_area": 0.0, "country": "GH" }, "geometry": { "type": "Point", "coordinates": [ -1.7067271, 8.0884468 ] } },
{ "type": "Feature", "properties": { "bus_id": 402, "symbol": "substation", "tag_substation": "transmission", "voltage": 161000, "lon": 0.0557226, "lat": 6.2965886, "dc": false, "under_construction": false, "station_id": null, "tag_area": 0.0, "country": "GH" }, "geometry": { "type": "Point", "coordinates": [ 0.0557226, 6.2965886 ] } },
{ "type": "Feature", "properties": { "bus_id": 403, "symbol": "substation", "tag_substation": "transmission", "voltage": 161000, "lon": -0.0719409, "lat": 6.2176389, "dc": false, "under_construction": false, "station_id": null, "tag_area": 0.0, "country": "GH" }, "geometry": { "type": "Point", "coordinates": [ -0.0719409, 6.21763890000001 ] } },
{ "type": "Feature", "properties": { "bus_id": 404, "symbol": "substation", "tag_substation": "transmission", "voltage": 161000, "lon": 0.0558849, "lat": 6.296768, "dc": false, "under_construction": false, "station_id": null, "tag_area": 0.0, "country": "GH" }, "geometry": { "type": "Point", "coordinates": [ 0.0558849, 6.296768 ] } },
{ "type": "Feature", "properties": { "bus_id": 405, "symbol": "substation", "tag_substation": "transmission", "voltage": 161000, "lon": 0.551831, "lat": 6.2598655, "dc": false, "under_construction": false, "station_id": null, "tag_area": 0.0, "country": "GH" }, "geometry": { "type": "Point", "coordinates": [ 0.551831, 6.2598655 ] } },
{ "type": "Feature", "properties": { "bus_id": 406, "symbol": "substation", "tag_substation": "transmission", "voltage": 161000, "lon": 0.0034716, "lat": 5.6945448, "dc": false, "under_construction": false, "station_id": null, "tag_area": 0.0, "country": "GH" }, "geometry": { "type": "Point", "coordinates": [ 0.0034716, 5.6945448 ] } },
{ "type": "Feature", "properties": { "bus_id": 407, "symbol": "substation", "tag_substation": "transmission", "voltage": 161000, "lon": -0.1081981, "lat": 5.6520891, "dc": false, "under_construction": false, "station_id": null, "tag_area": 0.0, "country": "GH" }, "geometry": { "type": "Point", "coordinates": [ -0.1081981, 5.6520891 ] } },
{ "type": "Feature", "properties": { "bus_id": 408, "symbol": "substation", "tag_substation": "transmission", "voltage": 161000, "lon": -2.5600663, "lat": 6.9161381, "dc": false, "under_construction": false, "station_id": null, "tag_area": 0.0, "country": "GH" }, "geometry": { "type": "Point", "coordinates": [ -2.5600663, 6.916138100000014 ] } },
{ "type": "Feature", "properties": { "bus_id": 409, "symbol": "substation", "tag_substation": "transmission", "voltage": 161000, "lon": -1.7803015, "lat": 5.9823883, "dc": false, "under_construction": false, "station_id": null, "tag_area": 0.0, "country": "GH" }, "geometry": { "type": "Point", "coordinates": [ -1.7803015, 5.982388299999974 ] } },
{ "type": "Feature", "properties": { "bus_id": 410, "symbol": "substation", "tag_substation": "transmission", "voltage": 161000, "lon": -1.8988604, "lat": 5.9765282, "dc": false, "under_construction": false, "station_id": null, "tag_area": 0.0, "country": "GH" }, "geometry": { "type": "Point", "coordinates": [ -1.8988604, 5.976528199999975 ] } },
{ "type": "Feature", "properties": { "bus_id": 411, "symbol": "substation", "tag_substation": "transmission", "voltage": 161000, "lon": -2.183299, "lat": 6.2139977, "dc": false, "under_construction": false, "station_id": null, "tag_area": 0.0, "country": "GH" }, "geometry": { "type": "Point", "coordinates": [ -2.183299, 6.21399769999996 ] } },
{ "type": "Feature", "properties": { "bus_id": 412, "symbol": "substation", "tag_substation": "transmission", "voltage": 161000, "lon": -0.77544, "lat": 6.5604762, "dc": false, "under_construction": false, "station_id": null, "tag_area": 0.0, "country": "GH" }, "geometry": { "type": "Point", "coordinates": [ -0.77544, 6.560476200000019 ] } },
{ "type": "Feature", "properties": { "bus_id": 413, "symbol": "substation", "tag_substation": "transmission", "voltage": 161000, "lon": 0.0214873, "lat": 5.6696916, "dc": false, "under_construction": false, "station_id": null, "tag_area": 0.0, "country": "GH" }, "geometry": { "type": "Point", "coordinates": [ 0.0214873, 5.6696916 ] } },
{ "type": "Feature", "properties": { "bus_id": 414, "symbol": "substation", "tag_substation": "transmission", "voltage": 161000, "lon": -0.8243023, "lat": 6.0137942, "dc": false, "under_construction": false, "station_id": null, "tag_area": 0.0, "country": "GH" }, "geometry": { "type": "Point", "coordinates": [ -0.8243023, 6.013794199999973 ] } },
{ "type": "Feature", "properties": { "bus_id": 415, "symbol": "substation", "tag_substation": "transmission", "voltage": 161000, "lon": -2.2502934, "lat": 7.2845638, "dc": false, "under_construction": false, "station_id": null, "tag_area": 0.0, "country": "GH" }, "geometry": { "type": "Point", "coordinates": [ -2.2502934, 7.284563799999981 ] } },
{ "type": "Feature", "properties": { "bus_id": 416, "symbol": "substation", "tag_substation": "transmission", "voltage": 161000, "lon": -1.4488978, "lat": 6.7266452, "dc": false, "under_construction": false, "station_id": null, "tag_area": 0.0, "country": "GH" }, "geometry": { "type": "Point", "coordinates": [ -1.4488978, 6.726645199999957 ] } },
{ "type": "Feature", "properties": { "bus_id": 417, "symbol": "substation", "tag_substation": "transmission", "voltage": 161000, "lon": -1.4781792, "lat": 6.7086912, "dc": false, "under_construction": false, "station_id": null, "tag_area": 0.0, "country": "GH" }, "geometry": { "type": "Point", "coordinates": [ -1.4781792, 6.708691199999958 ] } },
{ "type": "Feature", "properties": { "bus_id": 418, "symbol": "substation", "tag_substation": "transmission", "voltage": 161000, "lon": -0.370038, "lat": 6.2103597, "dc": false, "under_construction": false, "station_id": null, "tag_area": 0.0, "country": "GH" }, "geometry": { "type": "Point", "coordinates": [ -0.370038, 6.21035969999996 ] } },
{ "type": "Feature", "properties": { "bus_id": 419, "symbol": "substation", "tag_substation": "transmission", "voltage": 161000, "lon": -1.9272276, "lat": 7.5754162, "dc": false, "under_construction": false, "station_id": null, "tag_area": 0.0, "country": "GH" }, "geometry": { "type": "Point", "coordinates": [ -1.9272276, 7.575416199999951 ] } },
{ "type": "Feature", "properties": { "bus_id": 420, "symbol": "substation", "tag_substation": "transmission", "voltage": 161000, "lon": 0.068667, "lat": 6.2970342, "dc": false, "under_construction": false, "station_id": null, "tag_area": 0.0, "country": "GH" }, "geometry": { "type": "Point", "coordinates": [ 0.068667, 6.29703419999996 ] } },
{ "type": "Feature", "properties": { "bus_id": 421, "symbol": "substation", "tag_substation": "transmission", "voltage": 161000, "lon": -1.5192018, "lat": 6.6950345, "dc": false, "under_construction": false, "station_id": null, "tag_area": 0.0, "country": "GH" }, "geometry": { "type": "Point", "coordinates": [ -1.519201800000011, 6.695034499999988 ] } },
{ "type": "Feature", "properties": { "bus_id": 422, "symbol": "substation", "tag_substation": "transmission", "voltage": 161000, "lon": -1.7610955, "lat": 5.5412023, "dc": false, "under_construction": false, "station_id": null, "tag_area": 0.0, "country": "GH" }, "geometry": { "type": "Point", "coordinates": [ -1.7610955, 5.541202299999981 ] } },
{ "type": "Feature", "properties": { "bus_id": 423, "symbol": "substation", "tag_substation": "transmission", "voltage": 161000, "lon": -2.1373773, "lat": 5.4384937, "dc": false, "under_construction": false, "station_id": null, "tag_area": 0.0, "country": "GH" }, "geometry": { "type": "Point", "coordinates": [ -2.1373773, 5.4384937 ] } },
{ "type": "Feature", "properties": { "bus_id": 424, "symbol": "substation", "tag_substation": "transmission", "voltage": 161000, "lon": -2.6442853, "lat": 5.1323658, "dc": false, "under_construction": false, "station_id": null, "tag_area": 0.0, "country": "GH" }, "geometry": { "type": "Point", "coordinates": [ -2.6442853, 5.132365800000039 ] } },
{ "type": "Feature", "properties": { "bus_id": 425, "symbol": "substation", "tag_substation": "transmission", "voltage": 161000, "lon": -1.4903218, "lat": 5.0885658, "dc": false, "under_construction": false, "station_id": null, "tag_area": 0.0, "country": "GH" }, "geometry": { "type": "Point", "coordinates": [ -1.490321799999987, 5.088565799999982 ] } },
{ "type": "Feature", "properties": { "bus_id": 426, "symbol": "substation", "tag_substation": "transmission", "voltage": 161000, "lon": -0.4605762, "lat": 10.9477196, "dc": false, "under_construction": false, "station_id": null, "tag_area": 0.0, "country": "GH" }, "geometry": { "type": "Point", "coordinates": [ -0.4605762, 10.9477196 ] } },
{ "type": "Feature", "properties": { "bus_id": 427, "symbol": "substation", "tag_substation": "transmission", "voltage": 161000, "lon": -1.7350566, "lat": 4.96072, "dc": false, "under_construction": false, "station_id": null, "tag_area": 0.0, "country": "GH" }, "geometry": { "type": "Point", "coordinates": [ -1.7350566, 4.96072 ] } },
{ "type": "Feature", "properties": { "bus_id": 428, "symbol": "substation", "tag_substation": "transmission", "voltage": 161000, "lon": -2.423278, "lat": 9.2606679, "dc": false, "under_construction": false, "station_id": null, "tag_area": 0.0, "country": "GH" }, "geometry": { "type": "Point", "coordinates": [ -2.423278, 9.260667899999982 ] } },
{ "type": "Feature", "properties": { "bus_id": 429, "symbol": "substation", "tag_substation": "transmission", "voltage": 161000, "lon": -0.853613, "lat": 9.4197899, "dc": false, "under_construction": false, "station_id": null, "tag_area": 0.0, "country": "GH" }, "geometry": { "type": "Point", "coordinates": [ -0.853613, 9.4197899 ] } },
{ "type": "Feature", "properties": { "bus_id": 430, "symbol": "substation", "tag_substation": "transmission", "voltage": 161000, "lon": -0.8538213, "lat": 9.4192636, "dc": false, "under_construction": false, "station_id": null, "tag_area": 0.0, "country": "GH" }, "geometry": { "type": "Point", "coordinates": [ -0.8538213, 9.4192636 ] } },
{ "type": "Feature", "properties": { "bus_id": 431, "symbol": "substation", "tag_substation": "transmission", "voltage": 330000, "lon": -1.6605281, "lat": 4.9724954, "dc": false, "under_construction": false, "station_id": null, "tag_area": 0.0, "country": "GH" }, "geometry": { "type": "Point", "coordinates": [ -1.6605281, 4.9724954 ] } },
{ "type": "Feature", "properties": { "bus_id": 432, "symbol": "substation", "tag_substation": "transmission", "voltage": 161000, "lon": 1.1992076, "lat": 6.1672756, "dc": false, "under_construction": false, "station_id": null, "tag_area": 0.0, "country": "GH" }, "geometry": { "type": "Point", "coordinates": [ 1.1992076, 6.167275600000016 ] } },
{ "type": "Feature", "properties": { "bus_id": 433, "symbol": "substation", "tag_substation": "transmission", "voltage": 161000, "lon": 1.2001786, "lat": 6.1666703, "dc": false, "under_construction": false, "station_id": null, "tag_area": 0.0, "country": "GH" }, "geometry": { "type": "Point", "coordinates": [ 1.2001786, 6.166670300000016 ] } },
{ "type": "Feature", "properties": { "bus_id": 434, "symbol": "substation", "tag_substation": "transmission", "voltage": 161000, "lon": -0.1017818, "lat": 5.6550596, "dc": false, "under_construction": false, "station_id": null, "tag_area": 0.0, "country": "GH" }, "geometry": { "type": "Point", "coordinates": [ -0.1017818, 5.6550596 ] } },
{ "type": "Feature", "properties": { "bus_id": 435, "symbol": "substation", "tag_substation": "transmission", "voltage": 161000, "lon": -1.6921038, "lat": 6.1853341, "dc": false, "under_construction": false, "station_id": null, "tag_area": 0.0, "country": "GH" }, "geometry": { "type": "Point", "coordinates": [ -1.6921038, 6.1853341 ] } },
{ "type": "Feature", "properties": { "bus_id": 436, "symbol": "substation", "tag_substation": "transmission", "voltage": 161000, "lon": -1.6888234, "lat": 6.167777, "dc": false, "under_construction": false, "station_id": null, "tag_area": 0.0, "country": "GH" }, "geometry": { "type": "Point", "coordinates": [ -1.6888234, 6.167777 ] } },
{ "type": "Feature", "properties": { "bus_id": 437, "symbol": "substation", "tag_substation": "transmission", "voltage": 161000, "lon": -1.6888234, "lat": 6.167777, "dc": false, "under_construction": false, "station_id": null, "tag_area": 0.0, "country": "GH" }, "geometry": { "type": "Point", "coordinates": [ -1.6888234, 6.167777 ] } },
{ "type": "Feature", "properties": { "bus_id": 438, "symbol": "substation", "tag_substation": "transmission", "voltage": 161000, "lon": -1.6596839, "lat": 6.2749867, "dc": false, "under_construction": false, "station_id": null, "tag_area": 0.0, "country": "GH" }, "geometry": { "type": "Point", "coordinates": [ -1.6596839, 6.2749867 ] } },
{ "type": "Feature", "properties": { "bus_id": 439, "symbol": "substation", "tag_substation": "transmission", "voltage": 161000, "lon": -0.2048175, "lat": 5.6061199, "dc": false, "under_construction": false, "station_id": null, "tag_area": 0.0, "country": "GH" }, "geometry": { "type": "Point", "coordinates": [ -0.2048175, 5.606119900000015 ] } },
{ "type": "Feature", "properties": { "bus_id": 440, "symbol": "substation", "tag_substation": "transmission", "voltage": 161000, "lon": -2.0001984, "lat": 5.3132087, "dc": false, "under_construction": false, "station_id": null, "tag_area": 0.0, "country": "GH" }, "geometry": { "type": "Point", "coordinates": [ -2.000198399999988, 5.313208699999989 ] } },
{ "type": "Feature", "properties": { "bus_id": 441, "symbol": "substation", "tag_substation": "transmission", "voltage": 161000, "lon": -1.4500596, "lat": 8.780324, "dc": false, "under_construction": false, "station_id": null, "tag_area": 0.0, "country": "GH" }, "geometry": { "type": "Point", "coordinates": [ -1.4500596, 8.780324 ] } },
{ "type": "Feature", "properties": { "bus_id": 442, "symbol": "substation", "tag_substation": "transmission", "voltage": 161000, "lon": 1.1999398, "lat": 6.1666596, "dc": false, "under_construction": false, "station_id": null, "tag_area": 0.0, "country": "GH" }, "geometry": { "type": "Point", "coordinates": [ 1.1999398, 6.166659600000016 ] } },
{ "type": "Feature", "properties": { "bus_id": 443, "symbol": "substation", "tag_substation": "transmission", "voltage": 161000, "lon": 1.1748961, "lat": 6.1673276, "dc": false, "under_construction": false, "station_id": null, "tag_area": 0.0, "country": "GH" }, "geometry": { "type": "Point", "coordinates": [ 1.1748961, 6.1673276 ] } },
{ "type": "Feature", "properties": { "bus_id": 444, "symbol": "substation", "tag_substation": "transmission", "voltage": 161000, "lon": 1.1748961, "lat": 6.1673276, "dc": false, "under_construction": false, "station_id": null, "tag_area": 0.0, "country": "GH" }, "geometry": { "type": "Point", "coordinates": [ 1.1748961, 6.1673276 ] } },
{ "type": "Feature", "properties": { "bus_id": 445, "symbol": "substation", "tag_substation": "transmission", "voltage": 161000, "lon": 1.1741222, "lat": 6.1672676, "dc": false, "under_construction": false, "station_id": null, "tag_area": 0.0, "country": "GH" }, "geometry": { "type": "Point", "coordinates": [ 1.1741222, 6.1672676 ] } },
{ "type": "Feature", "properties": { "bus_id": 446, "symbol": "substation", "tag_substation": "transmission", "voltage": 161000, "lon": 0.0607074, "lat": 6.2938297, "dc": false, "under_construction": false, "station_id": null, "tag_area": 0.0, "country": "GH" }, "geometry": { "type": "Point", "coordinates": [ 0.0607074, 6.2938297 ] } },
{ "type": "Feature", "properties": { "bus_id": 447, "symbol": "substation", "tag_substation": "transmission", "voltage": 161000, "lon": 1.1737809, "lat": 6.1673196, "dc": false, "under_construction": false, "station_id": null, "tag_area": 0.0, "country": "GH" }, "geometry": { "type": "Point", "coordinates": [ 1.1737809, 6.1673196 ] } },
{ "type": "Feature", "properties": { "bus_id": 448, "symbol": "substation", "tag_substation": "transmission", "voltage": 330000, "lon": 1.005646, "lat": 6.2755986, "dc": false, "under_construction": false, "station_id": null, "tag_area": 0.0, "country": "GH" }, "geometry": { "type": "Point", "coordinates": [ 1.005646, 6.2755986 ] } },
{ "type": "Feature", "properties": { "bus_id": 449, "symbol": "substation", "tag_substation": "transmission", "voltage": 330000, "lon": 0.0019526, "lat": 5.6956346, "dc": false, "under_construction": false, "station_id": null, "tag_area": 0.0, "country": "GH" }, "geometry": { "type": "Point", "coordinates": [ 0.0019526, 5.6956346 ] } },
{ "type": "Feature", "properties": { "bus_id": 450, "symbol": "substation", "tag_substation": "transmission", "voltage": 161000, "lon": -0.0320296, "lat": 5.6831998, "dc": false, "under_construction": false, "station_id": null, "tag_area": 0.0, "country": "GH" }, "geometry": { "type": "Point", "coordinates": [ -0.0320296, 5.6831998 ] } },
{ "type": "Feature", "properties": { "bus_id": 451, "symbol": "substation", "tag_substation": "transmission", "voltage": 161000, "lon": -0.0320296, "lat": 5.6831998, "dc": false, "under_construction": false, "station_id": null, "tag_area": 0.0, "country": "GH" }, "geometry": { "type": "Point", "coordinates": [ -0.0320296, 5.6831998 ] } },
{ "type": "Feature", "properties": { "bus_id": 452, "symbol": "substation", "tag_substation": "transmission", "voltage": 161000, "lon": 0.0155576, "lat": 5.8193462, "dc": false, "under_construction": false, "station_id": null, "tag_area": 0.0, "country": "GH" }, "geometry": { "type": "Point", "coordinates": [ 0.0155576, 5.8193462 ] } },
{ "type": "Feature", "properties": { "bus_id": 453, "symbol": "substation", "tag_substation": "transmission", "voltage": 161000, "lon": 0.0155576, "lat": 5.8193462, "dc": false, "under_construction": false, "station_id": null, "tag_area": 0.0, "country": "GH" }, "geometry": { "type": "Point", "coordinates": [ 0.0155576, 5.8193462 ] } },
{ "type": "Feature", "properties": { "bus_id": 454, "symbol": "substation", "tag_substation": "transmission", "voltage": 161000, "lon": 0.0148909, "lat": 5.8132112, "dc": false, "under_construction": false, "station_id": null, "tag_area": 0.0, "country": "GH" }, "geometry": { "type": "Point", "coordinates": [ 0.0148909, 5.8132112 ] } },
{ "type": "Feature", "properties": { "bus_id": 455, "symbol": "substation", "tag_substation": "transmission", "voltage": 161000, "lon": 0.0145902, "lat": 5.8070253, "dc": false, "under_construction": false, "station_id": null, "tag_area": 0.0, "country": "GH" }, "geometry": { "type": "Point", "coordinates": [ 0.0145902, 5.8070253 ] } },
{ "type": "Feature", "properties": { "bus_id": 456, "symbol": "substation", "tag_substation": "transmission", "voltage": 161000, "lon": 0.0139235, "lat": 5.8013513, "dc": false, "under_construction": false, "station_id": null, "tag_area": 0.0, "country": "GH" }, "geometry": { "type": "Point", "coordinates": [ 0.0139235, 5.8013513 ] } },
{ "type": "Feature", "properties": { "bus_id": 457, "symbol": "substation", "tag_substation": "transmission", "voltage": 161000, "lon": 0.0145902, "lat": 5.8070253, "dc": false, "under_construction": false, "station_id": null, "tag_area": 0.0, "country": "GH" }, "geometry": { "type": "Point", "coordinates": [ 0.0145902, 5.8070253 ] } },
{ "type": "Feature", "properties": { "bus_id": 458, "symbol": "substation", "tag_substation": "transmission", "voltage": 161000, "lon": 0.0143839, "lat": 5.8070638, "dc": false, "under_construction": false, "station_id": null, "tag_area": 0.0, "country": "GH" }, "geometry": { "type": "Point", "coordinates": [ 0.0143839, 5.8070638 ] } },
{ "type": "Feature", "properties": { "bus_id": 459, "symbol": "substation", "tag_substation": "transmission", "voltage": 161000, "lon": 0.0143839, "lat": 5.8070638, "dc": false, "under_construction": false, "station_id": null, "tag_area": 0.0, "country": "GH" }, "geometry": { "type": "Point", "coordinates": [ 0.0143839, 5.8070638 ] } },
{ "type": "Feature", "properties": { "bus_id": 460, "symbol": "substation", "tag_substation": "transmission", "voltage": 161000, "lon": 0.0629956, "lat": 6.1746296, "dc": false, "under_construction": false, "station_id": null, "tag_area": 0.0, "country": "GH" }, "geometry": { "type": "Point", "coordinates": [ 0.0629956, 6.1746296 ] } },
{ "type": "Feature", "properties": { "bus_id": 461, "symbol": "substation", "tag_substation": "transmission", "voltage": 161000, "lon": 0.0614737, "lat": 6.1720837, "dc": false, "under_construction": false, "station_id": null, "tag_area": 0.0, "country": "GH" }, "geometry": { "type": "Point", "coordinates": [ 0.0614737, 6.1720837 ] } },
{ "type": "Feature", "properties": { "bus_id": 462, "symbol": "substation", "tag_substation": "transmission", "voltage": 161000, "lon": 0.0624388, "lat": 6.1748718, "dc": false, "under_construction": false, "station_id": null, "tag_area": 0.0, "country": "GH" }, "geometry": { "type": "Point", "coordinates": [ 0.0624388, 6.1748718 ] } },
{ "type": "Feature", "properties": { "bus_id": 463, "symbol": "substation", "tag_substation": "transmission", "voltage": 161000, "lon": 0.0612849, "lat": 6.1721658, "dc": false, "under_construction": false, "station_id": null, "tag_area": 0.0, "country": "GH" }, "geometry": { "type": "Point", "coordinates": [ 0.0612849, 6.1721658 ] } },
{ "type": "Feature", "properties": { "bus_id": 464, "symbol": "substation", "tag_substation": "transmission", "voltage": 161000, "lon": 0.0600871, "lat": 6.169397, "dc": false, "under_construction": false, "station_id": null, "tag_area": 0.0, "country": "GH" }, "geometry": { "type": "Point", "coordinates": [ 0.0600871, 6.169397 ] } },
{ "type": "Feature", "properties": { "bus_id": 465, "symbol": "substation", "tag_substation": "transmission", "voltage": 161000, "lon": 0.0600871, "lat": 6.169397, "dc": false, "under_construction": false, "station_id": null, "tag_area": 0.0, "country": "GH" }, "geometry": { "type": "Point", "coordinates": [ 0.0600871, 6.169397 ] } },
{ "type": "Feature", "properties": { "bus_id": 466, "symbol": "substation", "tag_substation": "transmission", "voltage": 161000, "lon": 0.0523492, "lat": 6.1507268, "dc": false, "under_construction": false, "station_id": null, "tag_area": 0.0, "country": "GH" }, "geometry": { "type": "Point", "coordinates": [ 0.0523492, 6.150726800000016 ] } },
{ "type": "Feature", "properties": { "bus_id": 467, "symbol": "substation", "tag_substation": "transmission", "voltage": 161000, "lon": 0.0553068, "lat": 6.1578551, "dc": false, "under_construction": false, "station_id": null, "tag_area": 0.0, "country": "GH" }, "geometry": { "type": "Point", "coordinates": [ 0.0553068, 6.1578551 ] } },
{ "type": "Feature", "properties": { "bus_id": 468, "symbol": "substation", "tag_substation": "transmission", "voltage": 161000, "lon": 0.0575385, "lat": 6.1634952, "dc": false, "under_construction": false, "station_id": null, "tag_area": 0.0, "country": "GH" }, "geometry": { "type": "Point", "coordinates": [ 0.0575385, 6.1634952 ] } },
{ "type": "Feature", "properties": { "bus_id": 469, "symbol": "substation", "tag_substation": "transmission", "voltage": 161000, "lon": 0.0523492, "lat": 6.1507268, "dc": false, "under_construction": false, "station_id": null, "tag_area": 0.0, "country": "GH" }, "geometry": { "type": "Point", "coordinates": [ 0.0523492, 6.150726800000016 ] } },
{ "type": "Feature", "properties": { "bus_id": 470, "symbol": "substation", "tag_substation": "transmission", "voltage": 161000, "lon": 0.0276906, "lat": 5.9301117, "dc": false, "under_construction": false, "station_id": null, "tag_area": 0.0, "country": "GH" }, "geometry": { "type": "Point", "coordinates": [ 0.0276906, 5.9301117 ] } },
{ "type": "Feature", "properties": { "bus_id": 471, "symbol": "substation", "tag_substation": "transmission", "voltage": 161000, "lon": 0.0282675, "lat": 5.936491, "dc": false, "under_construction": false, "station_id": null, "tag_area": 0.0, "country": "GH" }, "geometry": { "type": "Point", "coordinates": [ 0.0282675, 5.936491 ] } },
{ "type": "Feature", "properties": { "bus_id": 472, "symbol": "substation", "tag_substation": "transmission", "voltage": 161000, "lon": 0.0276906, "lat": 5.9301117, "dc": false, "under_construction": false, "station_id": null, "tag_area": 0.0, "country": "GH" }, "geometry": { "type": "Point", "coordinates": [ 0.0276906, 5.9301117 ] } },
{ "type": "Feature", "properties": { "bus_id": 473, "symbol": "substation", "tag_substation": "transmission", "voltage": 161000, "lon": 0.0369101, "lat": 6.0379565, "dc": false, "under_construction": false, "station_id": null, "tag_area": 0.0, "country": "GH" }, "geometry": { "type": "Point", "coordinates": [ 0.0369101, 6.0379565 ] } },
{ "type": "Feature", "properties": { "bus_id": 474, "symbol": "substation", "tag_substation": "transmission", "voltage": 161000, "lon": 0.0279075, "lat": 5.9300755, "dc": false, "under_construction": false, "station_id": null, "tag_area": 0.0, "country": "GH" }, "geometry": { "type": "Point", "coordinates": [ 0.0279075, 5.9300755 ] } },
{ "type": "Feature", "properties": { "bus_id": 475, "symbol": "substation", "tag_substation": "transmission", "voltage": 161000, "lon": 0.0279075, "lat": 5.9300755, "dc": false, "under_construction": false, "station_id": null, "tag_area": 0.0, "country": "GH" }, "geometry": { "type": "Point", "coordinates": [ 0.0279075, 5.9300755 ] } },
{ "type": "Feature", "properties": { "bus_id": 476, "symbol": "substation", "tag_substation": "transmission", "voltage": 161000, "lon": 0.0024708, "lat": 5.6964144, "dc": false, "under_construction": false, "station_id": null, "tag_area": 0.0, "country": "GH" }, "geometry": { "type": "Point", "coordinates": [ 0.0024708, 5.6964144 ] } },
{ "type": "Feature", "properties": { "bus_id": 477, "symbol": "substation", "tag_substation": "transmission", "voltage": 161000, "lon": 0.0616831, "lat": 6.1720001, "dc": false, "under_construction": false, "station_id": null, "tag_area": 0.0, "country": "GH" }, "geometry": { "type": "Point", "coordinates": [ 0.0616831, 6.1720001 ] } },
{ "type": "Feature", "properties": { "bus_id": 478, "symbol": "substation", "tag_substation": "transmission", "voltage": 161000, "lon": 0.0372614, "lat": 6.0443697, "dc": false, "under_construction": false, "station_id": null, "tag_area": 0.0, "country": "GH" }, "geometry": { "type": "Point", "coordinates": [ 0.0372614, 6.044369700000016 ] } },
{ "type": "Feature", "properties": { "bus_id": 479, "symbol": "substation", "tag_substation": "transmission", "voltage": 161000, "lon": 0.0372614, "lat": 6.0443697, "dc": false, "under_construction": false, "station_id": null, "tag_area": 0.0, "country": "GH" }, "geometry": { "type": "Point", "coordinates": [ 0.0372614, 6.044369700000016 ] } },
{ "type": "Feature", "properties": { "bus_id": 480, "symbol": "substation", "tag_substation": "transmission", "voltage": 161000, "lon": 0.0370176, "lat": 6.0443909, "dc": false, "under_construction": false, "station_id": null, "tag_area": 0.0, "country": "GH" }, "geometry": { "type": "Point", "coordinates": [ 0.0370176, 6.044390900000016 ] } },
{ "type": "Feature", "properties": { "bus_id": 481, "symbol": "substation", "tag_substation": "transmission", "voltage": 161000, "lon": 0.0370176, "lat": 6.0443909, "dc": false, "under_construction": false, "station_id": null, "tag_area": 0.0, "country": "GH" }, "geometry": { "type": "Point", "coordinates": [ 0.0370176, 6.044390900000016 ] } },
{ "type": "Feature", "properties": { "bus_id": 482, "symbol": "substation", "tag_substation": "transmission", "voltage": 161000, "lon": 0.0373795, "lat": 6.050559, "dc": false, "under_construction": false, "station_id": null, "tag_area": 0.0, "country": "GH" }, "geometry": { "type": "Point", "coordinates": [ 0.0373795, 6.050559 ] } },
{ "type": "Feature", "properties": { "bus_id": 483, "symbol": "substation", "tag_substation": "transmission", "voltage": 161000, "lon": 0.0375461, "lat": 6.0568257, "dc": false, "under_construction": false, "station_id": null, "tag_area": 0.0, "country": "GH" }, "geometry": { "type": "Point", "coordinates": [ 0.0375461, 6.0568257 ] } },
{ "type": "Feature", "properties": { "bus_id": 484, "symbol": "substation", "tag_substation": "transmission", "voltage": 161000, "lon": 0.0375461, "lat": 6.0568257, "dc": false, "under_construction": false, "station_id": null, "tag_area": 0.0, "country": "GH" }, "geometry": { "type": "Point", "coordinates": [ 0.0375461, 6.0568257 ] } },
{ "type": "Feature", "properties": { "bus_id": 485, "symbol": "substation", "tag_substation": "transmission", "voltage": 161000, "lon": 0.0015234, "lat": 5.6982396, "dc": false, "under_construction": false, "station_id": null, "tag_area": 0.0, "country": "GH" }, "geometry": { "type": "Point", "coordinates": [ 0.0015234, 5.6982396 ] } },
{ "type": "Feature", "properties": { "bus_id": 486, "symbol": "substation", "tag_substation": "transmission", "voltage": 161000, "lon": 0.0001835, "lat": 5.6962154, "dc": false, "under_construction": false, "station_id": null, "tag_area": 0.0, "country": "GH" }, "geometry": { "type": "Point", "coordinates": [ 0.0001835, 5.6962154 ] } },
{ "type": "Feature", "properties": { "bus_id": 487, "symbol": "substation", "tag_substation": "transmission", "voltage": 161000, "lon": -0.2036789, "lat": 5.6070969, "dc": false, "under_construction": false, "station_id": null, "tag_area": 0.0, "country": "GH" }, "geometry": { "type": "Point", "coordinates": [ -0.2036789, 5.607096900000014 ] } },
{ "type": "Feature", "properties": { "bus_id": 488, "symbol": "substation", "tag_substation": "transmission", "voltage": 161000, "lon": -0.203876, "lat": 5.607221, "dc": false, "under_construction": false, "station_id": null, "tag_area": 0.0, "country": "GH" }, "geometry": { "type": "Point", "coordinates": [ -0.203876, 5.607221 ] } },
{ "type": "Feature", "properties": { "bus_id": 489, "symbol": "substation", "tag_substation": "transmission", "voltage": 161000, "lon": -0.20329, "lat": 5.6089134, "dc": false, "under_construction": false, "station_id": null, "tag_area": 0.0, "country": "GH" }, "geometry": { "type": "Point", "coordinates": [ -0.20329, 5.608913400000014 ] } },
{ "type": "Feature", "properties": { "bus_id": 490, "symbol": "substation", "tag_substation": "transmission", "voltage": 161000, "lon": -0.204336, "lat": 5.6072103, "dc": false, "under_construction": false, "station_id": null, "tag_area": 0.0, "country": "GH" }, "geometry": { "type": "Point", "coordinates": [ -0.204336, 5.607210300000014 ] } },
{ "type": "Feature", "properties": { "bus_id": 491, "symbol": "substation", "tag_substation": "transmission", "voltage": 161000, "lon": -0.1087193, "lat": 5.6514148, "dc": false, "under_construction": false, "station_id": null, "tag_area": 0.0, "country": "GH" }, "geometry": { "type": "Point", "coordinates": [ -0.1087193, 5.651414800000013 ] } },
{ "type": "Feature", "properties": { "bus_id": 492, "symbol": "substation", "tag_substation": "transmission", "voltage": 161000, "lon": -0.1960909, "lat": 5.6160058, "dc": false, "under_construction": false, "station_id": null, "tag_area": 0.0, "country": "GH" }, "geometry": { "type": "Point", "coordinates": [ -0.1960909, 5.616005800000014 ] } },
{ "type": "Feature", "properties": { "bus_id": 493, "symbol": "substation", "tag_substation": "transmission", "voltage": 161000, "lon": -0.1960909, "lat": 5.6160058, "dc": false, "under_construction": false, "station_id": null, "tag_area": 0.0, "country": "GH" }, "geometry": { "type": "Point", "coordinates": [ -0.1960909, 5.616005800000014 ] } },
{ "type": "Feature", "properties": { "bus_id": 494, "symbol": "substation", "tag_substation": "transmission", "voltage": 161000, "lon": -0.1964825, "lat": 5.6165063, "dc": false, "under_construction": false, "station_id": null, "tag_area": 0.0, "country": "GH" }, "geometry": { "type": "Point", "coordinates": [ -0.1964825, 5.616506300000014 ] } },
{ "type": "Feature", "properties": { "bus_id": 495, "symbol": "substation", "tag_substation": "transmission", "voltage": 161000, "lon": -0.1069638, "lat": 5.6529776, "dc": false, "under_construction": false, "station_id": null, "tag_area": 0.0, "country": "GH" }, "geometry": { "type": "Point", "coordinates": [ -0.1069638, 5.652977600000015 ] } },
{ "type": "Feature", "properties": { "bus_id": 496, "symbol": "substation", "tag_substation": "transmission", "voltage": 161000, "lon": -0.1069638, "lat": 5.6529776, "dc": false, "under_construction": false, "station_id": null, "tag_area": 0.0, "country": "GH" }, "geometry": { "type": "Point", "coordinates": [ -0.1069638, 5.652977600000015 ] } },
{ "type": "Feature", "properties": { "bus_id": 497, "symbol": "substation", "tag_substation": "transmission", "voltage": 330000, "lon": 0.5067283, "lat": 6.0186886, "dc": false, "under_construction": false, "station_id": null, "tag_area": 0.0, "country": "GH" }, "geometry": { "type": "Point", "coordinates": [ 0.5067283, 6.018688600000014 ] } },
{ "type": "Feature", "properties": { "bus_id": 498, "symbol": "substation", "tag_substation": "transmission", "voltage": 330000, "lon": 0.0023255, "lat": 5.6947605, "dc": false, "under_construction": false, "station_id": null, "tag_area": 0.0, "country": "GH" }, "geometry": { "type": "Point", "coordinates": [ 0.0023255, 5.6947605 ] } },
{ "type": "Feature", "properties": { "bus_id": 499, "symbol": "substation", "tag_substation": "transmission", "voltage": 330000, "lon": 0.0017446, "lat": 5.6943628, "dc": false, "under_construction": false, "station_id": null, "tag_area": 0.0, "country": "GH" }, "geometry": { "type": "Point", "coordinates": [ 0.0017446, 5.694362800000015 ] } },
{ "type": "Feature", "properties": { "bus_id": 500, "symbol": "substation", "tag_substation": "transmission", "voltage": 161000, "lon": 0.0111124, "lat": 5.6756945, "dc": false, "under_construction": false, "station_id": null, "tag_area": 0.0, "country": "GH" }, "geometry": { "type": "Point", "coordinates": [ 0.0111124, 5.6756945 ] } },
{ "type": "Feature", "properties": { "bus_id": 501, "symbol": "substation", "tag_substation": "transmission", "voltage": 161000, "lon": 0.0109558, "lat": 5.6755298, "dc": false, "under_construction": false, "station_id": null, "tag_area": 0.0, "country": "GH" }, "geometry": { "type": "Point", "coordinates": [ 0.0109558, 5.675529800000015 ] } },
{ "type": "Feature", "properties": { "bus_id": 502, "symbol": "substation", "tag_substation": "transmission", "voltage": 161000, "lon": 0.0133206, "lat": 5.6755774, "dc": false, "under_construction": false, "station_id": null, "tag_area": 0.0, "country": "GH" }, "geometry": { "type": "Point", "coordinates": [ 0.0133206, 5.675577400000014 ] } },
{ "type": "Feature", "properties": { "bus_id": 503, "symbol": "substation", "tag_substation": "transmission", "voltage": 161000, "lon": 0.013401, "lat": 5.6756605, "dc": false, "under_construction": false, "station_id": null, "tag_area": 0.0, "country": "GH" }, "geometry": { "type": "Point", "coordinates": [ 0.013401, 5.675660500000014 ] } },
{ "type": "Feature", "properties": { "bus_id": 504, "symbol": "substation", "tag_substation": "transmission", "voltage": 161000, "lon": 0.0135068, "lat": 5.6757567, "dc": false, "under_construction": false, "station_id": null, "tag_area": 0.0, "country": "GH" }, "geometry": { "type": "Point", "coordinates": [ 0.0135068, 5.675756700000014 ] } },
{ "type": "Feature", "properties": { "bus_id": 505, "symbol": "substation", "tag_substation": "transmission", "voltage": 161000, "lon": 0.0136152, "lat": 5.6758384, "dc": false, "under_construction": false, "station_id": null, "tag_area": 0.0, "country": "GH" }, "geometry": { "type": "Point", "coordinates": [ 0.0136152, 5.675838400000014 ] } },
{ "type": "Feature", "properties": { "bus_id": 506, "symbol": "substation", "tag_substation": "transmission", "voltage": 161000, "lon": 0.0180469, "lat": 5.6728707, "dc": false, "under_construction": false, "station_id": null, "tag_area": 0.0, "country": "GH" }, "geometry": { "type": "Point", "coordinates": [ 0.0180469, 5.6728707 ] } },
{ "type": "Feature", "properties": { "bus_id": 507, "symbol": "substation", "tag_substation": "transmission", "voltage": 161000, "lon": 0.0034223, "lat": 5.6951906, "dc": false, "under_construction": false, "station_id": null, "tag_area": 0.0, "country": "GH" }, "geometry": { "type": "Point", "coordinates": [ 0.0034223, 5.6951906 ] } },
{ "type": "Feature", "properties": { "bus_id": 508, "symbol": "substation", "tag_substation": "transmission", "voltage": 161000, "lon": 0.0136686, "lat": 5.6758989, "dc": false, "under_construction": false, "station_id": null, "tag_area": 0.0, "country": "GH" }, "geometry": { "type": "Point", "coordinates": [ 0.0136686, 5.6758989 ] } },
{ "type": "Feature", "properties": { "bus_id": 509, "symbol": "substation", "tag_substation": "transmission", "voltage": 161000, "lon": 0.0188665, "lat": 5.6740369, "dc": false, "under_construction": false, "station_id": null, "tag_area": 0.0, "country": "GH" }, "geometry": { "type": "Point", "coordinates": [ 0.0188665, 5.6740369 ] } },
{ "type": "Feature", "properties": { "bus_id": 510, "symbol": "substation", "tag_substation": "transmission", "voltage": 161000, "lon": -0.3639516, "lat": 6.2048879, "dc": false, "under_construction": false, "station_id": null, "tag_area": 0.0, "country": "GH" }, "geometry": { "type": "Point", "coordinates": [ -0.3639516, 6.2048879 ] } },
{ "type": "Feature", "properties": { "bus_id": 511, "symbol": "substation", "tag_substation": "transmission", "voltage": 161000, "lon": -0.8226298, "lat": 6.0136118, "dc": false, "under_construction": false, "station_id": null, "tag_area": 0.0, "country": "GH" }, "geometry": { "type": "Point", "coordinates": [ -0.8226298, 6.013611799999973 ] } },
{ "type": "Feature", "properties": { "bus_id": 512, "symbol": "substation", "tag_substation": "transmission", "voltage": 161000, "lon": -0.8237225, "lat": 6.0135805, "dc": false, "under_construction": false, "station_id": null, "tag_area": 0.0, "country": "GH" }, "geometry": { "type": "Point", "coordinates": [ -0.8237225, 6.013580500000012 ] } },
{ "type": "Feature", "properties": { "bus_id": 513, "symbol": "substation", "tag_substation": "transmission", "voltage": 161000, "lon": -2.7197844, "lat": 10.4193615, "dc": false, "under_construction": false, "station_id": null, "tag_area": 0.0, "country": "GH" }, "geometry": { "type": "Point", "coordinates": [ -2.7197844, 10.4193615 ] } },
{ "type": "Feature", "properties": { "bus_id": 514, "symbol": "substation", "tag_substation": "transmission", "voltage": 161000, "lon": -1.925978, "lat": 7.5771143, "dc": false, "under_construction": false, "station_id": null, "tag_area": 0.0, "country": "GH" }, "geometry": { "type": "Point", "coordinates": [ -1.925978, 7.5771143 ] } },
{ "type": "Feature", "properties": { "bus_id": 515, "symbol": "substation", "tag_substation": "transmission", "voltage": 161000, "lon": -1.4500452, "lat": 8.7809516, "dc": false, "under_construction": false, "station_id": null, "tag_area": 0.0, "country": "GH" }, "geometry": { "type": "Point", "coordinates": [ -1.4500452, 8.780951600000016 ] } },
{ "type": "Feature", "properties": { "bus_id": 516, "symbol": "substation", "tag_substation": "transmission", "voltage": 161000, "lon": -0.4602402, "lat": 10.9479465, "dc": false, "under_construction": false, "station_id": null, "tag_area": 0.0, "country": "GH" }, "geometry": { "type": "Point", "coordinates": [ -0.4602402, 10.9479465 ] } },
{ "type": "Feature", "properties": { "bus_id": 517, "symbol": "substation", "tag_substation": "transmission", "voltage": 161000, "lon": -0.7917915, "lat": 6.5692701, "dc": false, "under_construction": false, "station_id": null, "tag_area": 0.0, "country": "GH" }, "geometry": { "type": "Point", "coordinates": [ -0.7917915, 6.569270100000019 ] } },
{ "type": "Feature", "properties": { "bus_id": 518, "symbol": "substation", "tag_substation": "transmission", "voltage": 161000, "lon": -0.7758142, "lat": 6.5603656, "dc": false, "under_construction": false, "station_id": null, "tag_area": 0.0, "country": "GH" }, "geometry": { "type": "Point", "coordinates": [ -0.7758142, 6.560365600000019 ] } },
{ "type": "Feature", "properties": { "bus_id": 519, "symbol": "substation", "tag_substation": "transmission", "voltage": 161000, "lon": -1.2193429, "lat": 6.6344492, "dc": false, "under_construction": false, "station_id": null, "tag_area": 0.0, "country": "GH" }, "geometry": { "type": "Point", "coordinates": [ -1.219342900000012, 6.634449199999986 ] } },
{ "type": "Feature", "properties": { "bus_id": 520, "symbol": "substation", "tag_substation": "transmission", "voltage": 161000, "lon": -1.6552864, "lat": 6.2862244, "dc": false, "under_construction": false, "station_id": null, "tag_area": 0.0, "country": "GH" }, "geometry": { "type": "Point", "coordinates": [ -1.6552864, 6.2862244 ] } },
{ "type": "Feature", "properties": { "bus_id": 521, "symbol": "substation", "tag_substation": "transmission", "voltage": 161000, "lon": -1.6349097, "lat": 6.3846681, "dc": false, "under_construction": false, "station_id": null, "tag_area": 0.0, "country": "GH" }, "geometry": { "type": "Point", "coordinates": [ -1.6349097, 6.3846681 ] } },
{ "type": "Feature", "properties": { "bus_id": 522, "symbol": "substation", "tag_substation": "transmission", "voltage": 161000, "lon": -1.6341908, "lat": 6.3788505, "dc": false, "under_construction": false, "station_id": null, "tag_area": 0.0, "country": "GH" }, "geometry": { "type": "Point", "coordinates": [ -1.6341908, 6.3788505 ] } },
{ "type": "Feature", "properties": { "bus_id": 523, "symbol": "substation", "tag_substation": "transmission", "voltage": 161000, "lon": -1.6376804, "lat": 6.4835539, "dc": false, "under_construction": false, "station_id": null, "tag_area": 0.0, "country": "GH" }, "geometry": { "type": "Point", "coordinates": [ -1.6376804, 6.48355390000001 ] } },
{ "type": "Feature", "properties": { "bus_id": 524, "symbol": "substation", "tag_substation": "transmission", "voltage": 161000, "lon": -1.6387627, "lat": 6.4158557, "dc": false, "under_construction": false, "station_id": null, "tag_area": 0.0, "country": "GH" }, "geometry": { "type": "Point", "coordinates": [ -1.6387627, 6.41585570000001 ] } },
{ "type": "Feature", "properties": { "bus_id": 525, "symbol": "substation", "tag_substation": "transmission", "voltage": 161000, "lon": -1.6386373, "lat": 6.4269637, "dc": false, "under_construction": false, "station_id": null, "tag_area": 0.0, "country": "GH" }, "geometry": { "type": "Point", "coordinates": [ -1.6386373, 6.42696370000001 ] } },
{ "type": "Feature", "properties": { "bus_id": 526, "symbol": "substation", "tag_substation": "transmission", "voltage": 161000, "lon": -1.6367309, "lat": 6.4607965, "dc": false, "under_construction": false, "station_id": null, "tag_area": 0.0, "country": "GH" }, "geometry": { "type": "Point", "coordinates": [ -1.6367309, 6.46079650000001 ] } },
{ "type": "Feature", "properties": { "bus_id": 527, "symbol": "substation", "tag_substation": "transmission", "voltage": 161000, "lon": -1.6280164, "lat": 6.584572, "dc": false, "under_construction": false, "station_id": null, "tag_area": 0.0, "country": "GH" }, "geometry": { "type": "Point", "coordinates": [ -1.6280164, 6.584572 ] } },
{ "type": "Feature", "properties": { "bus_id": 528, "symbol": "substation", "tag_substation": "transmission", "voltage": 161000, "lon": -1.6152115, "lat": 6.6766398, "dc": false, "under_construction": false, "station_id": null, "tag_area": 0.0, "country": "GH" }, "geometry": { "type": "Point", "coordinates": [ -1.6152115, 6.676639800000011 ] } },
{ "type": "Feature", "properties": { "bus_id": 529, "symbol": "substation", "tag_substation": "transmission", "voltage": 161000, "lon": -1.5200937, "lat": 6.6940928, "dc": false, "under_construction": false, "station_id": null, "tag_area": 0.0, "country": "GH" }, "geometry": { "type": "Point", "coordinates": [ -1.5200937, 6.6940928 ] } },
{ "type": "Feature", "properties": { "bus_id": 530, "symbol": "substation", "tag_substation": "transmission", "voltage": 161000, "lon": -1.6332152, "lat": 6.6882681, "dc": false, "under_construction": false, "station_id": null, "tag_area": 0.0, "country": "GH" }, "geometry": { "type": "Point", "coordinates": [ -1.6332152, 6.6882681 ] } },
{ "type": "Feature", "properties": { "bus_id": 531, "symbol": "substation", "tag_substation": "transmission", "voltage": 161000, "lon": -2.341425, "lat": 7.0276533, "dc": false, "under_construction": false, "station_id": null, "tag_area": 0.0, "country": "GH" }, "geometry": { "type": "Point", "coordinates": [ -2.341425, 7.027653300000011 ] } },
{ "type": "Feature", "properties": { "bus_id": 532, "symbol": "substation", "tag_substation": "transmission", "voltage": 161000, "lon": -2.340786, "lat": 7.0279294000001, "dc": false, "under_construction": false, "station_id": null, "tag_area": 0.0, "country": "GH" }, "geometry": { "type": "Point", "coordinates": [ -2.340786, 7.027929400000052 ] } },
{ "type": "Feature", "properties": { "bus_id": 533, "symbol": "substation", "tag_substation": "transmission", "voltage": 161000, "lon": -1.7796001, "lat": 5.9632034, "dc": false, "under_construction": false, "station_id": null, "tag_area": 0.0, "country": "GH" }, "geometry": { "type": "Point", "coordinates": [ -1.7796001, 5.9632034 ] } },
{ "type": "Feature", "properties": { "bus_id": 534, "symbol": "substation", "tag_substation": "transmission", "voltage": 161000, "lon": -2.0515285, "lat": 5.5215612, "dc": false, "under_construction": false, "station_id": null, "tag_area": 0.0, "country": "GH" }, "geometry": { "type": "Point", "coordinates": [ -2.05152850000001, 5.5215612 ] } },
{ "type": "Feature", "properties": { "bus_id": 535, "symbol": "substation", "tag_substation": "transmission", "voltage": 161000, "lon": -2.0220343, "lat": 5.3398856, "dc": false, "under_construction": false, "station_id": null, "tag_area": 0.0, "country": "GH" }, "geometry": { "type": "Point", "coordinates": [ -2.0220343, 5.3398856 ] } },
{ "type": "Feature", "properties": { "bus_id": 536, "symbol": "substation", "tag_substation": "transmission", "voltage": 161000, "lon": -1.9817609, "lat": 5.3489134, "dc": false, "under_construction": false, "station_id": null, "tag_area": 0.0, "country": "GH" }, "geometry": { "type": "Point", "coordinates": [ -1.9817609, 5.3489134 ] } },
{ "type": "Feature", "properties": { "bus_id": 537, "symbol": "substation", "tag_substation": "transmission", "voltage": 161000, "lon": -2.1294004, "lat": 5.4374603, "dc": false, "under_construction": false, "station_id": null, "tag_area": 0.0, "country": "GH" }, "geometry": { "type": "Point", "coordinates": [ -2.1294004, 5.4374603 ] } },
{ "type": "Feature", "properties": { "bus_id": 538, "symbol": "substation", "tag_substation": "transmission", "voltage": 161000, "lon": -1.2449232, "lat": 5.1185589, "dc": false, "under_construction": false, "station_id": null, "tag_area": 0.0, "country": "GH" }, "geometry": { "type": "Point", "coordinates": [ -1.244923199999986, 5.118558899999982 ] } },
{ "type": "Feature", "properties": { "bus_id": 539, "symbol": "substation", "tag_substation": "transmission", "voltage": 161000, "lon": -1.3977689, "lat": 5.1051598, "dc": false, "under_construction": false, "station_id": null, "tag_area": 0.0, "country": "GH" }, "geometry": { "type": "Point", "coordinates": [ -1.397768899999987, 5.105159799999983 ] } },
{ "type": "Feature", "properties": { "bus_id": 540, "symbol": "substation", "tag_substation": "transmission", "voltage": 161000, "lon": -1.4046541, "lat": 5.1030552, "dc": false, "under_construction": false, "station_id": null, "tag_area": 0.0, "country": "GH" }, "geometry": { "type": "Point", "coordinates": [ -1.404654099999986, 5.103055199999982 ] } },
{ "type": "Feature", "properties": { "bus_id": 541, "symbol": "substation", "tag_substation": "transmission", "voltage": 161000, "lon": -1.3977689, "lat": 5.1051598, "dc": false, "under_construction": false, "station_id": null, "tag_area": 0.0, "country": "GH" }, "geometry": { "type": "Point", "coordinates": [ -1.397768899999987, 5.105159799999983 ] } },
{ "type": "Feature", "properties": { "bus_id": 542, "symbol": "substation", "tag_substation": "transmission", "voltage": 161000, "lon": -1.4841038, "lat": 5.0885397, "dc": false, "under_construction": false, "station_id": null, "tag_area": 0.0, "country": "GH" }, "geometry": { "type": "Point", "coordinates": [ -1.484103799999987, 5.088539699999981 ] } },
{ "type": "Feature", "properties": { "bus_id": 543, "symbol": "substation", "tag_substation": "transmission", "voltage": 161000, "lon": -1.2453859, "lat": 5.1188073, "dc": false, "under_construction": false, "station_id": null, "tag_area": 0.0, "country": "GH" }, "geometry": { "type": "Point", "coordinates": [ -1.245385899999986, 5.118807299999982 ] } },
{ "type": "Feature", "properties": { "bus_id": 544, "symbol": "substation", "tag_substation": "transmission", "voltage": 161000, "lon": -1.4841038, "lat": 5.0885397, "dc": false, "under_construction": false, "station_id": null, "tag_area": 0.0, "country": "GH" }, "geometry": { "type": "Point", "coordinates": [ -1.484103799999987, 5.088539699999981 ] } },
{ "type": "Feature", "properties": { "bus_id": 545, "symbol": "substation", "tag_substation": "transmission", "voltage": 161000, "lon": -1.2436438, "lat": 5.1184961, "dc": false, "under_construction": false, "station_id": null, "tag_area": 0.0, "country": "GH" }, "geometry": { "type": "Point", "coordinates": [ -1.2436438, 5.1184961 ] } },
{ "type": "Feature", "properties": { "bus_id": 546, "symbol": "substation", "tag_substation": "transmission", "voltage": 161000, "lon": -1.2436438, "lat": 5.1184961, "dc": false, "under_construction": false, "station_id": null, "tag_area": 0.0, "country": "GH" }, "geometry": { "type": "Point", "coordinates": [ -1.2436438, 5.1184961 ] } },
{ "type": "Feature", "properties": { "bus_id": 547, "symbol": "substation", "tag_substation": "transmission", "voltage": 161000, "lon": -0.6459618, "lat": 5.3884586, "dc": false, "under_construction": false, "station_id": null, "tag_area": 0.0, "country": "GH" }, "geometry": { "type": "Point", "coordinates": [ -0.6459618, 5.388458599999984 ] } },
{ "type": "Feature", "properties": { "bus_id": 548, "symbol": "substation", "tag_substation": "transmission", "voltage": 161000, "lon": -0.6463587, "lat": 5.3883131, "dc": false, "under_construction": false, "station_id": null, "tag_area": 0.0, "country": "GH" }, "geometry": { "type": "Point", "coordinates": [ -0.6463587, 5.388313099999984 ] } },
{ "type": "Feature", "properties": { "bus_id": 549, "symbol": "substation", "tag_substation": "transmission", "voltage": 161000, "lon": -0.6758899, "lat": 5.3716258, "dc": false, "under_construction": false, "station_id": null, "tag_area": 0.0, "country": "GH" }, "geometry": { "type": "Point", "coordinates": [ -0.6758899, 5.371625799999983 ] } },
{ "type": "Feature", "properties": { "bus_id": 550, "symbol": "substation", "tag_substation": "transmission", "voltage": 161000, "lon": -0.6758899, "lat": 5.3716258, "dc": false, "under_construction": false, "station_id": null, "tag_area": 0.0, "country": "GH" }, "geometry": { "type": "Point", "coordinates": [ -0.6758899, 5.371625799999983 ] } },
{ "type": "Feature", "properties": { "bus_id": 551, "symbol": "substation", "tag_substation": "transmission", "voltage": 161000, "lon": -0.7452102, "lat": 5.3367063, "dc": false, "under_construction": false, "station_id": null, "tag_area": 0.0, "country": "GH" }, "geometry": { "type": "Point", "coordinates": [ -0.7452102, 5.336706299999985 ] } },
{ "type": "Feature", "properties": { "bus_id": 552, "symbol": "substation", "tag_substation": "transmission", "voltage": 161000, "lon": -0.682708, "lat": 5.3678244, "dc": false, "under_construction": false, "station_id": null, "tag_area": 0.0, "country": "GH" }, "geometry": { "type": "Point", "coordinates": [ -0.682708, 5.367824399999984 ] } },
{ "type": "Feature", "properties": { "bus_id": 553, "symbol": "substation", "tag_substation": "transmission", "voltage": 161000, "lon": -0.7452102, "lat": 5.3367063, "dc": false, "under_construction": false, "station_id": null, "tag_area": 0.0, "country": "GH" }, "geometry": { "type": "Point", "coordinates": [ -0.7452102, 5.336706299999985 ] } },
{ "type": "Feature", "properties": { "bus_id": 554, "symbol": "substation", "tag_substation": "transmission", "voltage": 161000, "lon": -0.7518668, "lat": 5.3347634, "dc": false, "under_construction": false, "station_id": null, "tag_area": 0.0, "country": "GH" }, "geometry": { "type": "Point", "coordinates": [ -0.7518668, 5.334763399999986 ] } },
{ "type": "Feature", "properties": { "bus_id": 555, "symbol": "substation", "tag_substation": "transmission", "voltage": 161000, "lon": -0.8152185, "lat": 5.3230995, "dc": false, "under_construction": false, "station_id": null, "tag_area": 0.0, "country": "GH" }, "geometry": { "type": "Point", "coordinates": [ -0.8152185, 5.323099499999986 ] } },
{ "type": "Feature", "properties": { "bus_id": 556, "symbol": "substation", "tag_substation": "transmission", "voltage": 161000, "lon": -0.8152185, "lat": 5.3230995, "dc": false, "under_construction": false, "station_id": null, "tag_area": 0.0, "country": "GH" }, "geometry": { "type": "Point", "coordinates": [ -0.8152185, 5.323099499999986 ] } },
{ "type": "Feature", "properties": { "bus_id": 557, "symbol": "substation", "tag_substation": "transmission", "voltage": 161000, "lon": -0.886163, "lat": 5.3071689, "dc": false, "under_construction": false, "station_id": null, "tag_area": 0.0, "country": "GH" }, "geometry": { "type": "Point", "coordinates": [ -0.886163, 5.307168899999986 ] } },
{ "type": "Feature", "properties": { "bus_id": 558, "symbol": "substation", "tag_substation": "transmission", "voltage": 161000, "lon": -0.8258535, "lat": 5.3215358, "dc": false, "under_construction": false, "station_id": null, "tag_area": 0.0, "country": "GH" }, "geometry": { "type": "Point", "coordinates": [ -0.8258535, 5.321535799999986 ] } },
{ "type": "Feature", "properties": { "bus_id": 559, "symbol": "substation", "tag_substation": "transmission", "voltage": 161000, "lon": -0.886163, "lat": 5.3071689, "dc": false, "under_construction": false, "station_id": null, "tag_area": 0.0, "country": "GH" }, "geometry": { "type": "Point", "coordinates": [ -0.886163, 5.307168899999986 ] } },
{ "type": "Feature", "properties": { "bus_id": 560, "symbol": "substation", "tag_substation": "transmission", "voltage": 161000, "lon": -0.9545271, "lat": 5.2740285, "dc": false, "under_construction": false, "station_id": null, "tag_area": 0.0, "country": "GH" }, "geometry": { "type": "Point", "coordinates": [ -0.9545271, 5.274028499999986 ] } },
{ "type": "Feature", "properties": { "bus_id": 561, "symbol": "substation", "tag_substation": "transmission", "voltage": 161000, "lon": -0.8939937, "lat": 5.3033645, "dc": false, "under_construction": false, "station_id": null, "tag_area": 0.0, "country": "GH" }, "geometry": { "type": "Point", "coordinates": [ -0.8939937, 5.303364499999986 ] } },
{ "type": "Feature", "properties": { "bus_id": 562, "symbol": "substation", "tag_substation": "transmission", "voltage": 161000, "lon": -0.9545271, "lat": 5.2740285, "dc": false, "under_construction": false, "station_id": null, "tag_area": 0.0, "country": "GH" }, "geometry": { "type": "Point", "coordinates": [ -0.9545271, 5.274028499999986 ] } },
{ "type": "Feature", "properties": { "bus_id": 563, "symbol": "substation", "tag_substation": "transmission", "voltage": 161000, "lon": -1.0887811, "lat": 5.2214559, "dc": false, "under_construction": false, "station_id": null, "tag_area": 0.0, "country": "GH" }, "geometry": { "type": "Point", "coordinates": [ -1.0887811, 5.221455899999987 ] } },
{ "type": "Feature", "properties": { "bus_id": 564, "symbol": "substation", "tag_substation": "transmission", "voltage": 161000, "lon": -0.9618489, "lat": 5.2723873, "dc": false, "under_construction": false, "station_id": null, "tag_area": 0.0, "country": "GH" }, "geometry": { "type": "Point", "coordinates": [ -0.9618489, 5.272387299999986 ] } },
{ "type": "Feature", "properties": { "bus_id": 565, "symbol": "substation", "tag_substation": "transmission", "voltage": 161000, "lon": -1.0887811, "lat": 5.2214559, "dc": false, "under_construction": false, "station_id": null, "tag_area": 0.0, "country": "GH" }, "geometry": { "type": "Point", "coordinates": [ -1.0887811, 5.221455899999987 ] } },
{ "type": "Feature", "properties": { "bus_id": 566, "symbol": "substation", "tag_substation": "transmission", "voltage": 161000, "lon": -1.0987186, "lat": 5.2168469, "dc": false, "under_construction": false, "station_id": null, "tag_area": 0.0, "country": "GH" }, "geometry": { "type": "Point", "coordinates": [ -1.0987186, 5.216846899999987 ] } },
{ "type": "Feature", "properties": { "bus_id": 567, "symbol": "substation", "tag_substation": "transmission", "voltage": 161000, "lon": -1.1575268, "lat": 5.1885528, "dc": false, "under_construction": false, "station_id": null, "tag_area": 0.0, "country": "GH" }, "geometry": { "type": "Point", "coordinates": [ -1.1575268, 5.188552799999987 ] } },
{ "type": "Feature", "properties": { "bus_id": 568, "symbol": "substation", "tag_substation": "transmission", "voltage": 161000, "lon": -1.1575268, "lat": 5.1885528, "dc": false, "under_construction": false, "station_id": null, "tag_area": 0.0, "country": "GH" }, "geometry": { "type": "Point", "coordinates": [ -1.1575268, 5.188552799999987 ] } },
{ "type": "Feature", "properties": { "bus_id": 569, "symbol": "substation", "tag_substation": "transmission", "voltage": 161000, "lon": -1.1632224, "lat": 5.1857966, "dc": false, "under_construction": false, "station_id": null, "tag_area": 0.0, "country": "GH" }, "geometry": { "type": "Point", "coordinates": [ -1.1632224, 5.185796599999988 ] } },
{ "type": "Feature", "properties": { "bus_id": 570, "symbol": "substation", "tag_substation": "transmission", "voltage": 161000, "lon": -0.2831635, "lat": 5.5806121, "dc": false, "under_construction": false, "station_id": null, "tag_area": 0.0, "country": "GH" }, "geometry": { "type": "Point", "coordinates": [ -0.2831635, 5.5806121 ] } },
{ "type": "Feature", "properties": { "bus_id": 571, "symbol": "substation", "tag_substation": "transmission", "voltage": 161000, "lon": -0.2831152, "lat": 5.5802637, "dc": false, "under_construction": false, "station_id": null, "tag_area": 0.0, "country": "GH" }, "geometry": { "type": "Point", "coordinates": [ -0.2831152, 5.5802637 ] } },
{ "type": "Feature", "properties": { "bus_id": 572, "symbol": "substation", "tag_substation": "transmission", "voltage": 161000, "lon": -0.3070875, "lat": 5.5674286, "dc": false, "under_construction": false, "station_id": null, "tag_area": 0.0, "country": "GH" }, "geometry": { "type": "Point", "coordinates": [ -0.3070875, 5.5674286 ] } },
{ "type": "Feature", "properties": { "bus_id": 573, "symbol": "substation", "tag_substation": "transmission", "voltage": 161000, "lon": -0.3070875, "lat": 5.5674286, "dc": false, "under_construction": false, "station_id": null, "tag_area": 0.0, "country": "GH" }, "geometry": { "type": "Point", "coordinates": [ -0.3070875, 5.5674286 ] } },
{ "type": "Feature", "properties": { "bus_id": 574, "symbol": "substation", "tag_substation": "transmission", "voltage": 161000, "lon": -0.2839078, "lat": 5.579882, "dc": false, "under_construction": false, "station_id": null, "tag_area": 0.0, "country": "GH" }, "geometry": { "type": "Point", "coordinates": [ -0.2839078, 5.579882 ] } },
{ "type": "Feature", "properties": { "bus_id": 575, "symbol": "substation", "tag_substation": "transmission", "voltage": 161000, "lon": -0.442822, "lat": 5.5308545, "dc": false, "under_construction": false, "station_id": null, "tag_area": 0.0, "country": "GH" }, "geometry": { "type": "Point", "coordinates": [ -0.442822, 5.530854500000017 ] } },
{ "type": "Feature", "properties": { "bus_id": 576, "symbol": "substation", "tag_substation": "transmission", "voltage": 161000, "lon": -0.6449814, "lat": 5.3889326, "dc": false, "under_construction": false, "station_id": null, "tag_area": 0.0, "country": "GH" }, "geometry": { "type": "Point", "coordinates": [ -0.6449814, 5.3889326 ] } },
{ "type": "Feature", "properties": { "bus_id": 577, "symbol": "substation", "tag_substation": "transmission", "voltage": 225000, "lon": -2.1606226, "lat": 5.4314125, "dc": false, "under_construction": false, "station_id": null, "tag_area": 0.0, "country": "GH" }, "geometry": { "type": "Point", "coordinates": [ -2.1606226, 5.4314125 ] } },
{ "type": "Feature", "properties": { "bus_id": 578, "symbol": "substation", "tag_substation": "transmission", "voltage": 161000, "lon": -2.3444695, "lat": 4.943114, "dc": false, "under_construction": false, "station_id": null, "tag_area": 0.0, "country": "GH" }, "geometry": { "type": "Point", "coordinates": [ -2.3444695, 4.943114 ] } },
{ "type": "Feature", "properties": { "bus_id": 579, "symbol": "substation", "tag_substation": "transmission", "voltage": 161000, "lon": -1.7370549, "lat": 4.9601815, "dc": false, "under_construction": false, "station_id": null, "tag_area": 0.0, "country": "GH" }, "geometry": { "type": "Point", "coordinates": [ -1.7370549, 4.9601815 ] } },
{ "type": "Feature", "properties": { "bus_id": 580, "symbol": "substation", "tag_substation": "transmission", "voltage": 161000, "lon": -1.7100865, "lat": 6.5903567, "dc": false, "under_construction": false, "station_id": null, "tag_area": 0.0, "country": "GH" }, "geometry": { "type": "Point", "coordinates": [ -1.7100865, 6.590356699999985 ] } },
{ "type": "Feature", "properties": { "bus_id": 581, "symbol": "substation", "tag_substation": "transmission", "voltage": 161000, "lon": -1.6282813, "lat": 6.5846468, "dc": false, "under_construction": false, "station_id": null, "tag_area": 0.0, "country": "GH" }, "geometry": { "type": "Point", "coordinates": [ -1.6282813, 6.584646799999959 ] } },
{ "type": "Feature", "properties": { "bus_id": 582, "symbol": "substation", "tag_substation": "transmission", "voltage": 161000, "lon": -1.702854, "lat": 6.5897583, "dc": false, "under_construction": false, "station_id": null, "tag_area": 0.0, "country": "GH" }, "geometry": { "type": "Point", "coordinates": [ -1.702854, 6.589758299999985 ] } },
{ "type": "Feature", "properties": { "bus_id": 583, "symbol": "substation", "tag_substation": "transmission", "voltage": 161000, "lon": -2.2883636, "lat": 6.905189, "dc": false, "under_construction": false, "station_id": null, "tag_area": 0.0, "country": "GH" }, "geometry": { "type": "Point", "coordinates": [ -2.2883636, 6.905189 ] } },
{ "type": "Feature", "properties": { "bus_id": 584, "symbol": "substation", "tag_substation": "transmission", "voltage": 161000, "lon": -2.2930068, "lat": 6.9095542, "dc": false, "under_construction": false, "station_id": null, "tag_area": 0.0, "country": "GH" }, "geometry": { "type": "Point", "coordinates": [ -2.2930068, 6.90955419999998 ] } },
{ "type": "Feature", "properties": { "bus_id": 585, "symbol": "substation", "tag_substation": "transmission", "voltage": 161000, "lon": -2.2930068, "lat": 6.9095542, "dc": false, "under_construction": false, "station_id": null, "tag_area": 0.0, "country": "GH" }, "geometry": { "type": "Point", "coordinates": [ -2.2930068, 6.90955419999998 ] } },
{ "type": "Feature", "properties": { "bus_id": 586, "symbol": "substation", "tag_substation": "transmission", "voltage": 161000, "lon": -2.0192306, "lat": 6.7061559, "dc": false, "under_construction": false, "station_id": null, "tag_area": 0.0, "country": "GH" }, "geometry": { "type": "Point", "coordinates": [ -2.0192306, 6.706155899999983 ] } },
{ "type": "Feature", "properties": { "bus_id": 587, "symbol": "substation", "tag_substation": "transmission", "voltage": 161000, "lon": -1.7100865, "lat": 6.5903567, "dc": false, "under_construction": false, "station_id": null, "tag_area": 0.0, "country": "GH" }, "geometry": { "type": "Point", "coordinates": [ -1.7100865, 6.590356699999985 ] } },
{ "type": "Feature", "properties": { "bus_id": 588, "symbol": "substation", "tag_substation": "transmission", "voltage": 161000, "lon": -2.0192306, "lat": 6.7061559, "dc": false, "under_construction": false, "station_id": null, "tag_area": 0.0, "country": "GH" }, "geometry": { "type": "Point", "coordinates": [ -2.0192306, 6.706155899999983 ] } },
{ "type": "Feature", "properties": { "bus_id": 589, "symbol": "substation", "tag_substation": "transmission", "voltage": 330000, "lon": 0.0008442, "lat": 5.6945291, "dc": false, "under_construction": false, "station_id": null, "tag_area": 0.0, "country": "GH" }, "geometry": { "type": "Point", "coordinates": [ 0.0008442, 5.694529100000019 ] } },
{ "type": "Feature", "properties": { "bus_id": 590, "symbol": "substation", "tag_substation": "transmission", "voltage": 330000, "lon": 0.0009883, "lat": 5.6945772, "dc": false, "under_construction": false, "station_id": null, "tag_area": 0.0, "country": "GH" }, "geometry": { "type": "Point", "coordinates": [ 0.0009883, 5.694577200000019 ] } },
{ "type": "Feature", "properties": { "bus_id": 591, "symbol": "substation", "tag_substation": "transmission", "voltage": 161000, "lon": 0.0454652, "lat": 5.6812659, "dc": false, "under_construction": false, "station_id": null, "tag_area": 0.0, "country": "GH" }, "geometry": { "type": "Point", "coordinates": [ 0.0454652, 5.681265899999989 ] } },
{ "type": "Feature", "properties": { "bus_id": 592, "symbol": "substation", "tag_substation": "transmission", "voltage": 161000, "lon": 0.0455054, "lat": 5.681962, "dc": false, "under_construction": false, "station_id": null, "tag_area": 0.0, "country": "GH" }, "geometry": { "type": "Point", "coordinates": [ 0.0455054, 5.681962 ] } },
{ "type": "Feature", "properties": { "bus_id": 593, "symbol": "substation", "tag_substation": "transmission", "voltage": 161000, "lon": 0.0465256, "lat": 5.6811246, "dc": false, "under_construction": false, "station_id": null, "tag_area": 0.0, "country": "GH" }, "geometry": { "type": "Point", "coordinates": [ 0.0465256, 5.6811246 ] } },
{ "type": "Feature", "properties": { "bus_id": 594, "symbol": "substation", "tag_substation": "transmission", "voltage": 161000, "lon": 0.0451356, "lat": 5.6814236, "dc": false, "under_construction": false, "station_id": null, "tag_area": 0.0, "country": "GH" }, "geometry": { "type": "Point", "coordinates": [ 0.0451356, 5.681423600000019 ] } },
{ "type": "Feature", "properties": { "bus_id": 595, "symbol": "substation", "tag_substation": "transmission", "voltage": 161000, "lon": 0.0452432, "lat": 5.6813683, "dc": false, "under_construction": false, "station_id": null, "tag_area": 0.0, "country": "GH" }, "geometry": { "type": "Point", "coordinates": [ 0.0452432, 5.681368300000019 ] } },
{ "type": "Feature", "properties": { "bus_id": 596, "symbol": "substation", "tag_substation": "transmission", "voltage": 161000, "lon": 0.0453602, "lat": 5.6813203, "dc": false, "under_construction": false, "station_id": null, "tag_area": 0.0, "country": "GH" }, "geometry": { "type": "Point", "coordinates": [ 0.0453602, 5.681320300000018 ] } },
{ "type": "Feature", "properties": { "bus_id": 597, "symbol": "substation", "tag_substation": "transmission", "voltage": 330000, "lon": 0.5067283, "lat": 6.0186886, "dc": false, "under_construction": false, "station_id": null, "tag_area": 0.0, "country": "GH" }, "geometry": { "type": "Point", "coordinates": [ 0.5067283, 6.018688600000014 ] } },
{ "type": "Feature", "properties": { "bus_id": 598, "symbol": "substation", "tag_substation": "transmission", "voltage": 161000, "lon": -1.9834399, "lat": 5.3429581, "dc": false, "under_construction": false, "station_id": null, "tag_area": 0.0, "country": "GH" }, "geometry": { "type": "Point", "coordinates": [ -1.983439899999989, 5.3429581 ] } },
{ "type": "Feature", "properties": { "bus_id": 599, "symbol": "substation", "tag_substation": "transmission", "voltage": 161000, "lon": -0.2829985, "lat": 5.5805734, "dc": false, "under_construction": false, "station_id": null, "tag_area": 0.0, "country": "GH" }, "geometry": { "type": "Point", "coordinates": [ -0.2829985, 5.580573400000015 ] } },
{ "type": "Feature", "properties": { "bus_id": 600, "symbol": "substation", "tag_substation": "transmission", "voltage": 330000, "lon": -1.5152146, "lat": 6.6974215, "dc": false, "under_construction": false, "station_id": null, "tag_area": 0.0, "country": "GH" }, "geometry": { "type": "Point", "coordinates": [ -1.5152146, 6.697421500000014 ] } },
{ "type": "Feature", "properties": { "bus_id": 601, "symbol": "substation", "tag_substation": "transmission", "voltage": 161000, "lon": -1.0637786, "lat": 10.8792871, "dc": false, "under_construction": false, "station_id": null, "tag_area": 0.0, "country": "GH" }, "geometry": { "type": "Point", "coordinates": [ -1.0637786, 10.8792871 ] } },
{ "type": "Feature", "properties": { "bus_id": 602, "symbol": "substation", "tag_substation": "transmission", "voltage": 330000, "lon": -0.8218794, "lat": 10.1946749, "dc": false, "under_construction": false, "station_id": null, "tag_area": 0.0, "country": "GH" }, "geometry": { "type": "Point", "coordinates": [ -0.8218794, 10.1946749 ] } },
{ "type": "Feature", "properties": { "bus_id": 603, "symbol": "substation", "tag_substation": "transmission", "voltage": 330000, "lon": -1.5349451, "lat": 8.6422227, "dc": false, "under_construction": false, "station_id": null, "tag_area": 0.0, "country": "GH" }, "geometry": { "type": "Point", "coordinates": [ -1.5349451, 8.642222700000032 ] } },
{ "type": "Feature", "properties": { "bus_id": 604, "symbol": "substation", "tag_substation": "transmission", "voltage": 161000, "lon": -0.3138466, "lat": 5.563814, "dc": false, "under_construction": false, "station_id": null, "tag_area": 0.0, "country": "GH" }, "geometry": { "type": "Point", "coordinates": [ -0.3138466, 5.563814 ] } },
{ "type": "Feature", "properties": { "bus_id": 605, "symbol": "substation", "tag_substation": "transmission", "voltage": 330000, "lon": -1.1462259, "lat": 9.1586099, "dc": false, "under_construction": false, "station_id": null, "tag_area": 0.0, "country": "GH" }, "geometry": { "type": "Point", "coordinates": [ -1.1462259, 9.158609899999979 ] } },
{ "type": "Feature", "properties": { "bus_id": 606, "symbol": "substation", "tag_substation": "transmission", "voltage": 161000, "lon": -1.0612349, "lat": 10.8767889, "dc": false, "under_construction": false, "station_id": null, "tag_area": 0.0, "country": "GH" }, "geometry": { "type": "Point", "coordinates": [ -1.0612349, 10.8767889 ] } },
{ "type": "Feature", "properties": { "bus_id": 607, "symbol": "substation", "tag_substation": "transmission", "voltage": 161000, "lon": -1.0614213, "lat": 10.876789, "dc": false, "under_construction": false, "station_id": null, "tag_area": 0.0, "country": "GH" }, "geometry": { "type": "Point", "coordinates": [ -1.0614213, 10.876789 ] } },
{ "type": "Feature", "properties": { "bus_id": 608, "symbol": "substation", "tag_substation": "transmission", "voltage": 330000, "lon": -1.0614427, "lat": 10.8759967, "dc": false, "under_construction": false, "station_id": null, "tag_area": 0.0, "country": "GH" }, "geometry": { "type": "Point", "coordinates": [ -1.0614427, 10.875996699999989 ] } },
{ "type": "Feature", "properties": { "bus_id": 609, "symbol": "substation", "tag_substation": "transmission", "voltage": 330000, "lon": -1.0612554, "lat": 10.8755583, "dc": false, "under_construction": false, "station_id": null, "tag_area": 0.0, "country": "GH" }, "geometry": { "type": "Point", "coordinates": [ -1.0612554, 10.8755583 ] } },
{ "type": "Feature", "properties": { "bus_id": 610, "symbol": "substation", "tag_substation": "transmission", "voltage": 330000, "lon": -1.0628897, "lat": 10.8767916, "dc": false, "under_construction": false, "station_id": null, "tag_area": 0.0, "country": "GH" }, "geometry": { "type": "Point", "coordinates": [ -1.0628897, 10.8767916 ] } },
{ "type": "Feature", "properties": { "bus_id": 611, "symbol": "substation", "tag_substation": "transmission", "voltage": 330000, "lon": -1.0630332, "lat": 10.8767877, "dc": false, "under_construction": false, "station_id": null, "tag_area": 0.0, "country": "GH" }, "geometry": { "type": "Point", "coordinates": [ -1.0630332, 10.8767877 ] } },
{ "type": "Feature", "properties": { "bus_id": 612, "symbol": "substation", "tag_substation": "transmission", "voltage": 330000, "lon": -1.0611784, "lat": 10.8759975, "dc": false, "under_construction": false, "station_id": null, "tag_area": 0.0, "country": "GH" }, "geometry": { "type": "Point", "coordinates": [ -1.0611784, 10.8759975 ] } },
{ "type": "Feature", "properties": { "bus_id": 613, "symbol": "substation", "tag_substation": "transmission", "voltage": 330000, "lon": -1.0611704, "lat": 10.8766362, "dc": false, "under_construction": false, "station_id": null, "tag_area": 0.0, "country": "GH" }, "geometry": { "type": "Point", "coordinates": [ -1.0611704, 10.8766362 ] } },
{ "type": "Feature", "properties": { "bus_id": 614, "symbol": "substation", "tag_substation": "transmission", "voltage": 225000, "lon": -1.0630332, "lat": 10.8767877, "dc": false, "under_construction": false, "station_id": null, "tag_area": 0.0, "country": "GH" }, "geometry": { "type": "Point", "coordinates": [ -1.0630332, 10.8767877 ] } },
{ "type": "Feature", "properties": { "bus_id": 615, "symbol": "substation", "tag_substation": "transmission", "voltage": 225000, "lon": -1.062878, "lat": 10.8775815, "dc": false, "under_construction": false, "station_id": null, "tag_area": 0.0, "country": "GH" }, "geometry": { "type": "Point", "coordinates": [ -1.062878, 10.8775815 ] } },
{ "type": "Feature", "properties": { "bus_id": 616, "symbol": "substation", "tag_substation": "transmission", "voltage": 161000, "lon": -1.0610177, "lat": 10.8776825, "dc": false, "under_construction": false, "station_id": null, "tag_area": 0.0, "country": "GH" }, "geometry": { "type": "Point", "coordinates": [ -1.0610177, 10.8776825 ] } },
{ "type": "Feature", "properties": { "bus_id": 617, "symbol": "substation", "tag_substation": "transmission", "voltage": 161000, "lon": -0.8705416, "lat": 10.7943241, "dc": false, "under_construction": false, "station_id": null, "tag_area": 0.0, "country": "GH" }, "geometry": { "type": "Point", "coordinates": [ -0.8705416, 10.7943241 ] } },
{ "type": "Feature", "properties": { "bus_id": 618, "symbol": "substation", "tag_substation": "transmission", "voltage": 161000, "lon": -1.0609692, "lat": 10.8776012, "dc": false, "under_construction": false, "station_id": null, "tag_area": 0.0, "country": "GH" }, "geometry": { "type": "Point", "coordinates": [ -1.0609692, 10.8776012 ] } },
{ "type": "Feature", "properties": { "bus_id": 619, "symbol": "substation", "tag_substation": "transmission", "voltage": 330000, "lon": -1.6971731, "lat": 4.9392581, "dc": false, "under_construction": false, "station_id": null, "tag_area": 0.0, "country": "GH" }, "geometry": { "type": "Point", "coordinates": [ -1.6971731, 4.9392581 ] } },
{ "type": "Feature", "properties": { "bus_id": 620, "symbol": "substation", "tag_substation": "transmission", "voltage": 330000, "lon": -1.5181516, "lat": 6.6947547, "dc": false, "under_construction": false, "station_id": null, "tag_area": 0.0, "country": "GH" }, "geometry": { "type": "Point", "coordinates": [ -1.5181516, 6.694754700000015 ] } },
{ "type": "Feature", "properties": { "bus_id": 621, "symbol": "substation", "tag_substation": "transmission", "voltage": 330000, "lon": -1.7055148, "lat": 8.0862693, "dc": false, "under_construction": false, "station_id": null, "tag_area": 0.0, "country": "GH" }, "geometry": { "type": "Point", "coordinates": [ -1.7055148, 8.0862693 ] } },
{ "type": "Feature", "properties": { "bus_id": 622, "symbol": "substation", "tag_substation": "transmission", "voltage": 161000, "lon": -1.5199582, "lat": 6.6945363000001, "dc": false, "under_construction": false, "station_id": null, "tag_area": 0.0, "country": "GH" }, "geometry": { "type": "Point", "coordinates": [ -1.5199582, 6.694536300000052 ] } },
{ "type": "Feature", "properties": { "bus_id": 623, "symbol": "substation", "tag_substation": "transmission", "voltage": 330000, "lon": -1.7054075, "lat": 8.0867685, "dc": false, "under_construction": false, "station_id": null, "tag_area": 0.0, "country": "GH" }, "geometry": { "type": "Point", "coordinates": [ -1.7054075, 8.0867685 ] } },
{ "type": "Feature", "properties": { "bus_id": 624, "symbol": "substation", "tag_substation": "transmission", "voltage": 330000, "lon": -1.5631277, "lat": 8.5839068, "dc": false, "under_construction": false, "station_id": null, "tag_area": 0.0, "country": "GH" }, "geometry": { "type": "Point", "coordinates": [ -1.5631277, 8.583906800000031 ] } },
{ "type": "Feature", "properties": { "bus_id": 625, "symbol": "substation", "tag_substation": "transmission", "voltage": 330000, "lon": 0.0022718, "lat": 5.6946084, "dc": false, "under_construction": false, "station_id": null, "tag_area": 0.0, "country": "GH" }, "geometry": { "type": "Point", "coordinates": [ 0.0022718, 5.694608400000015 ] } },
{ "type": "Feature", "properties": { "bus_id": 626, "symbol": "substation", "tag_substation": "transmission", "voltage": 330000, "lon": 0.0017327, "lat": 5.6957134, "dc": false, "under_construction": false, "station_id": null, "tag_area": 0.0, "country": "GH" }, "geometry": { "type": "Point", "coordinates": [ 0.0017327, 5.6957134 ] } },
{ "type": "Feature", "properties": { "bus_id": 627, "symbol": "substation", "tag_substation": "transmission", "voltage": 330000, "lon": -0.9467983, "lat": 9.3271211, "dc": false, "under_construction": false, "station_id": null, "tag_area": 0.0, "country": "GH" }, "geometry": { "type": "Point", "coordinates": [ -0.9467983, 9.327121099999973 ] } },
{ "type": "Feature", "properties": { "bus_id": 628, "symbol": "substation", "tag_substation": "transmission", "voltage": 330000, "lon": -0.9455162, "lat": 9.328199, "dc": false, "under_construction": false, "station_id": null, "tag_area": 0.0, "country": "GH" }, "geometry": { "type": "Point", "coordinates": [ -0.9455162, 9.328199 ] } },
{ "type": "Feature", "properties": { "bus_id": 629, "symbol": "substation", "tag_substation": "transmission", "voltage": 330000, "lon": -0.9463477, "lat": 9.3286774, "dc": false, "under_construction": false, "station_id": null, "tag_area": 0.0, "country": "GH" }, "geometry": { "type": "Point", "coordinates": [ -0.9463477, 9.328677399999973 ] } },
{ "type": "Feature", "properties": { "bus_id": 630, "symbol": "substation", "tag_substation": "transmission", "voltage": 161000, "lon": -0.9452899, "lat": 9.3270796, "dc": false, "under_construction": false, "station_id": null, "tag_area": 0.0, "country": "GH" }, "geometry": { "type": "Point", "coordinates": [ -0.9452899, 9.3270796 ] } },
{ "type": "Feature", "properties": { "bus_id": 631, "symbol": "substation", "tag_substation": "transmission", "voltage": 161000, "lon": -0.9450381, "lat": 9.3280189, "dc": false, "under_construction": false, "station_id": null, "tag_area": 0.0, "country": "GH" }, "geometry": { "type": "Point", "coordinates": [ -0.9450381, 9.3280189 ] } },
{ "type": "Feature", "properties": { "bus_id": 632, "symbol": "substation", "tag_substation": "transmission", "voltage": 161000, "lon": -0.945431, "lat": 9.3274215, "dc": false, "under_construction": false, "station_id": null, "tag_area": 0.0, "country": "GH" }, "geometry": { "type": "Point", "coordinates": [ -0.945431, 9.3274215 ] } },
{ "type": "Feature", "properties": { "bus_id": 633, "symbol": "substation", "tag_substation": "transmission", "voltage": 330000, "lon": -0.945431, "lat": 9.3274215, "dc": false, "under_construction": false, "station_id": null, "tag_area": 0.0, "country": "GH" }, "geometry": { "type": "Point", "coordinates": [ -0.945431, 9.3274215 ] } },
{ "type": "Feature", "properties": { "bus_id": 634, "symbol": "substation", "tag_substation": "transmission", "voltage": 161000, "lon": -0.9453348, "lat": 9.3277861, "dc": false, "under_construction": false, "station_id": null, "tag_area": 0.0, "country": "GH" }, "geometry": { "type": "Point", "coordinates": [ -0.9453348, 9.32778610000001 ] } },
{ "type": "Feature", "properties": { "bus_id": 635, "symbol": "substation", "tag_substation": "transmission", "voltage": 330000, "lon": -0.9453348, "lat": 9.3277861, "dc": false, "under_construction": false, "station_id": null, "tag_area": 0.0, "country": "GH" }, "geometry": { "type": "Point", "coordinates": [ -0.9453348, 9.32778610000001 ] } },
{ "type": "Feature", "properties": { "bus_id": 636, "symbol": "substation", "tag_substation": "transmission", "voltage": 330000, "lon": -0.9458384, "lat": 9.3270094, "dc": false, "under_construction": false, "station_id": null, "tag_area": 0.0, "country": "GH" }, "geometry": { "type": "Point", "coordinates": [ -0.9458384, 9.3270094 ] } },
{ "type": "Feature", "properties": { "bus_id": 637, "symbol": "substation", "tag_substation": "transmission", "voltage": 330000, "lon": -0.9460257, "lat": 9.3270644, "dc": false, "under_construction": false, "station_id": null, "tag_area": 0.0, "country": "GH" }, "geometry": { "type": "Point", "coordinates": [ -0.9460257, 9.3270644 ] } },
{ "type": "Feature", "properties": { "bus_id": 638, "symbol": "substation", "tag_substation": "transmission", "voltage": 161000, "lon": -2.5341176, "lat": 10.1704179, "dc": false, "under_construction": false, "station_id": null, "tag_area": 0.0, "country": "GH" }, "geometry": { "type": "Point", "coordinates": [ -2.5341176, 10.1704179 ] } },
{ "type": "Feature", "properties": { "bus_id": 639, "symbol": "substation", "tag_substation": "transmission", "voltage": 161000, "lon": -1.9912452, "lat": 10.864231, "dc": false, "under_construction": false, "station_id": null, "tag_area": 0.0, "country": "GH" }, "geometry": { "type": "Point", "coordinates": [ -1.9912452, 10.864231 ] } },
{ "type": "Feature", "properties": { "bus_id": 640, "symbol": "substation", "tag_substation": "transmission", "voltage": 161000, "lon": -1.6617921, "lat": 10.8369023, "dc": false, "under_construction": false, "station_id": null, "tag_area": 0.0, "country": "GH" }, "geometry": { "type": "Point", "coordinates": [ -1.6617921, 10.8369023 ] } },
{ "type": "Feature", "properties": { "bus_id": 641, "symbol": "substation", "tag_substation": "transmission", "voltage": 161000, "lon": -1.6581255, "lat": 4.9734193, "dc": false, "under_construction": false, "station_id": null, "tag_area": 0.0, "country": "GH" }, "geometry": { "type": "Point", "coordinates": [ -1.6581255, 4.9734193 ] } },
{ "type": "Feature", "properties": { "bus_id": 642, "symbol": "substation", "tag_substation": "transmission", "voltage": 161000, "lon": -1.6580826, "lat": 4.9728261, "dc": false, "under_construction": false, "station_id": null, "tag_area": 0.0, "country": "GH" }, "geometry": { "type": "Point", "coordinates": [ -1.6580826, 4.9728261 ] } },
{ "type": "Feature", "properties": { "bus_id": 643, "symbol": "substation", "tag_substation": "transmission", "voltage": 330000, "lon": -1.660215, "lat": 4.9734433, "dc": false, "under_construction": false, "station_id": null, "tag_area": 0.0, "country": "GH" }, "geometry": { "type": "Point", "coordinates": [ -1.660215, 4.9734433 ] } },
{ "type": "Feature", "properties": { "bus_id": 644, "symbol": "substation", "tag_substation": "transmission", "voltage": 330000, "lon": -1.6601962, "lat": 4.9725642, "dc": false, "under_construction": false, "station_id": null, "tag_area": 0.0, "country": "GH" }, "geometry": { "type": "Point", "coordinates": [ -1.6601962, 4.9725642 ] } },
{ "type": "Feature", "properties": { "bus_id": 645, "symbol": "substation", "tag_substation": "transmission", "voltage": 330000, "lon": -1.6645736, "lat": 4.9707285, "dc": false, "under_construction": false, "station_id": null, "tag_area": 0.0, "country": "GH" }, "geometry": { "type": "Point", "coordinates": [ -1.6645736, 4.9707285 ] } },
{ "type": "Feature", "properties": { "bus_id": 646, "symbol": "substation", "tag_substation": "transmission", "voltage": 330000, "lon": -1.6640934, "lat": 4.9683049, "dc": false, "under_construction": false, "station_id": null, "tag_area": 0.0, "country": "GH" }, "geometry": { "type": "Point", "coordinates": [ -1.6640934, 4.9683049 ] } },
{ "type": "Feature", "properties": { "bus_id": 647, "symbol": "substation", "tag_substation": "transmission", "voltage": 161000, "lon": 0.0136928, "lat": 5.6761898, "dc": false, "under_construction": false, "station_id": null, "tag_area": 0.0, "country": "GH" }, "geometry": { "type": "Point", "coordinates": [ 0.0136928, 5.6761898 ] } },
{ "type": "Feature", "properties": { "bus_id": 648, "symbol": "substation", "tag_substation": "transmission", "voltage": 161000, "lon": 0.013442, "lat": 5.6765235, "dc": false, "under_construction": false, "station_id": null, "tag_area": 0.0, "country": "GH" }, "geometry": { "type": "Point", "coordinates": [ 0.013442, 5.6765235 ] } },
{ "type": "Feature", "properties": { "bus_id": 649, "symbol": "substation", "tag_substation": "transmission", "voltage": 161000, "lon": 0.0154067, "lat": 5.6792005, "dc": false, "under_construction": false, "station_id": null, "tag_area": 0.0, "country": "GH" }, "geometry": { "type": "Point", "coordinates": [ 0.0154067, 5.6792005 ] } },
{ "type": "Feature", "properties": { "bus_id": 650, "symbol": "substation", "tag_substation": "transmission", "voltage": 161000, "lon": 0.0154067, "lat": 5.6792005, "dc": false, "under_construction": false, "station_id": null, "tag_area": 0.0, "country": "GH" }, "geometry": { "type": "Point", "coordinates": [ 0.0154067, 5.6792005 ] } },
{ "type": "Feature", "properties": { "bus_id": 651, "symbol": "substation", "tag_substation": "transmission", "voltage": 161000, "lon": 0.0134077, "lat": 5.6752791, "dc": false, "under_construction": false, "station_id": null, "tag_area": 0.0, "country": "GH" }, "geometry": { "type": "Point", "coordinates": [ 0.0134077, 5.6752791 ] } },
{ "type": "Feature", "properties": { "bus_id": 652, "symbol": "substation", "tag_substation": "transmission", "voltage": 161000, "lon": 0.0141109, "lat": 5.676019, "dc": false, "under_construction": false, "station_id": null, "tag_area": 0.0, "country": "GH" }, "geometry": { "type": "Point", "coordinates": [ 0.0141109, 5.676019 ] } },
{ "type": "Feature", "properties": { "bus_id": 653, "symbol": "substation", "tag_substation": "transmission", "voltage": 161000, "lon": 0.0134036, "lat": 5.6751203, "dc": false, "under_construction": false, "station_id": null, "tag_area": 0.0, "country": "GH" }, "geometry": { "type": "Point", "coordinates": [ 0.0134036, 5.6751203 ] } },
{ "type": "Feature", "properties": { "bus_id": 654, "symbol": "substation", "tag_substation": "transmission", "voltage": 161000, "lon": 0.0137571, "lat": 5.6759683, "dc": false, "under_construction": false, "station_id": null, "tag_area": 0.0, "country": "GH" }, "geometry": { "type": "Point", "coordinates": [ 0.0137571, 5.6759683 ] } },
{ "type": "Feature", "properties": { "bus_id": 655, "symbol": "substation", "tag_substation": "transmission", "voltage": 161000, "lon": 0.0139073, "lat": 5.6761364, "dc": false, "under_construction": false, "station_id": null, "tag_area": 0.0, "country": "GH" }, "geometry": { "type": "Point", "coordinates": [ 0.0139073, 5.6761364 ] } },
{ "type": "Feature", "properties": { "bus_id": 656, "symbol": "substation", "tag_substation": "transmission", "voltage": 161000, "lon": 0.0154067, "lat": 5.6792005, "dc": false, "under_construction": false, "station_id": null, "tag_area": 0.0, "country": "GH" }, "geometry": { "type": "Point", "coordinates": [ 0.0154067, 5.6792005 ] } },
{ "type": "Feature", "properties": { "bus_id": 657, "symbol": "substation", "tag_substation": "transmission", "voltage": 161000, "lon": 0.0216003, "lat": 5.6956628, "dc": false, "under_construction": false, "station_id": null, "tag_area": 0.0, "country": "GH" }, "geometry": { "type": "Point", "coordinates": [ 0.0216003, 5.6956628 ] } },
{ "type": "Feature", "properties": { "bus_id": 658, "symbol": "substation", "tag_substation": "transmission", "voltage": 161000, "lon": 0.0467491, "lat": 5.6812903, "dc": false, "under_construction": false, "station_id": null, "tag_area": 0.0, "country": "GH" }, "geometry": { "type": "Point", "coordinates": [ 0.0467491, 5.6812903 ] } },
{ "type": "Feature", "properties": { "bus_id": 659, "symbol": "substation", "tag_substation": "transmission", "voltage": 161000, "lon": 0.0459127, "lat": 5.682124, "dc": false, "under_construction": false, "station_id": null, "tag_area": 0.0, "country": "GH" }, "geometry": { "type": "Point", "coordinates": [ 0.0459127, 5.682124 ] } },
{ "type": "Feature", "properties": { "bus_id": 660, "symbol": "substation", "tag_substation": "transmission", "voltage": 161000, "lon": 0.0458199, "lat": 5.6818193, "dc": false, "under_construction": false, "station_id": null, "tag_area": 0.0, "country": "GH" }, "geometry": { "type": "Point", "coordinates": [ 0.0458199, 5.681819299999989 ] } },
{ "type": "Feature", "properties": { "bus_id": 661, "symbol": "substation", "tag_substation": "transmission", "voltage": 161000, "lon": 0.0459127, "lat": 5.682124, "dc": false, "under_construction": false, "station_id": null, "tag_area": 0.0, "country": "GH" }, "geometry": { "type": "Point", "coordinates": [ 0.0459127, 5.682124 ] } },
{ "type": "Feature", "properties": { "bus_id": 662, "symbol": "substation", "tag_substation": "transmission", "voltage": 161000, "lon": 0.0457259, "lat": 5.6818561, "dc": false, "under_construction": false, "station_id": null, "tag_area": 0.0, "country": "GH" }, "geometry": { "type": "Point", "coordinates": [ 0.0457259, 5.681856100000019 ] } },
{ "type": "Feature", "properties": { "bus_id": 663, "symbol": "substation", "tag_substation": "transmission", "voltage": 161000, "lon": 0.0456217, "lat": 5.6819124, "dc": false, "under_construction": false, "station_id": null, "tag_area": 0.0, "country": "GH" }, "geometry": { "type": "Point", "coordinates": [ 0.0456217, 5.681912399999989 ] } },
{ "type": "Feature", "properties": { "bus_id": 664, "symbol": "substation", "tag_substation": "transmission", "voltage": 161000, "lon": 0.0453943, "lat": 5.6820094, "dc": false, "under_construction": false, "station_id": null, "tag_area": 0.0, "country": "GH" }, "geometry": { "type": "Point", "coordinates": [ 0.0453943, 5.682009399999989 ] } },
{ "type": "Feature", "properties": { "bus_id": 665, "symbol": "substation", "tag_substation": "transmission", "voltage": 161000, "lon": 0.045585, "lat": 5.6812876, "dc": false, "under_construction": false, "station_id": null, "tag_area": 0.0, "country": "GH" }, "geometry": { "type": "Point", "coordinates": [ 0.045585, 5.681287599999989 ] } },
{ "type": "Feature", "properties": { "bus_id": 666, "symbol": "substation", "tag_substation": "transmission", "voltage": 161000, "lon": 0.0457975, "lat": 5.6817686, "dc": false, "under_construction": false, "station_id": null, "tag_area": 0.0, "country": "GH" }, "geometry": { "type": "Point", "coordinates": [ 0.0457975, 5.681768599999989 ] } },
{ "type": "Feature", "properties": { "bus_id": 667, "symbol": "substation", "tag_substation": "transmission", "voltage": 161000, "lon": 0.0455563, "lat": 5.6812226, "dc": false, "under_construction": false, "station_id": null, "tag_area": 0.0, "country": "GH" }, "geometry": { "type": "Point", "coordinates": [ 0.0455563, 5.681222599999989 ] } },
{ "type": "Feature", "properties": { "bus_id": 668, "symbol": "substation", "tag_substation": "transmission", "voltage": 161000, "lon": 0.0137003, "lat": 5.6764144, "dc": false, "under_construction": false, "station_id": null, "tag_area": 0.0, "country": "GH" }, "geometry": { "type": "Point", "coordinates": [ 0.0137003, 5.6764144 ] } },
{ "type": "Feature", "properties": { "bus_id": 669, "symbol": "substation", "tag_substation": "transmission", "voltage": 161000, "lon": 0.0132895, "lat": 5.6751547, "dc": false, "under_construction": false, "station_id": null, "tag_area": 0.0, "country": "GH" }, "geometry": { "type": "Point", "coordinates": [ 0.0132895, 5.6751547 ] } },
{ "type": "Feature", "properties": { "bus_id": 670, "symbol": "substation", "tag_substation": "transmission", "voltage": 161000, "lon": 0.0022567, "lat": 5.6949217, "dc": false, "under_construction": false, "station_id": null, "tag_area": 0.0, "country": "GH" }, "geometry": { "type": "Point", "coordinates": [ 0.0022567, 5.6949217 ] } },
{ "type": "Feature", "properties": { "bus_id": 671, "symbol": "substation", "tag_substation": "transmission", "voltage": 161000, "lon": 0.0020085, "lat": 5.6955114, "dc": false, "under_construction": false, "station_id": null, "tag_area": 0.0, "country": "GH" }, "geometry": { "type": "Point", "coordinates": [ 0.0020085, 5.6955114 ] } },
{ "type": "Feature", "properties": { "bus_id": 672, "symbol": "substation", "tag_substation": "transmission", "voltage": 161000, "lon": 0.0033424, "lat": 5.6953741, "dc": false, "under_construction": false, "station_id": null, "tag_area": 0.0, "country": "GH" }, "geometry": { "type": "Point", "coordinates": [ 0.0033424, 5.6953741 ] } },
{ "type": "Feature", "properties": { "bus_id": 673, "symbol": "substation", "tag_substation": "transmission", "voltage": 161000, "lon": 0.0032228, "lat": 5.6953243, "dc": false, "under_construction": false, "station_id": null, "tag_area": 0.0, "country": "GH" }, "geometry": { "type": "Point", "coordinates": [ 0.0032228, 5.6953243 ] } },
{ "type": "Feature", "properties": { "bus_id": 674, "symbol": "substation", "tag_substation": "transmission", "voltage": 161000, "lon": 0.0031007, "lat": 5.6952734, "dc": false, "under_construction": false, "station_id": null, "tag_area": 0.0, "country": "GH" }, "geometry": { "type": "Point", "coordinates": [ 0.0031007, 5.6952734 ] } },
{ "type": "Feature", "properties": { "bus_id": 675, "symbol": "substation", "tag_substation": "transmission", "voltage": 161000, "lon": 0.0030058, "lat": 5.6952338, "dc": false, "under_construction": false, "station_id": null, "tag_area": 0.0, "country": "GH" }, "geometry": { "type": "Point", "coordinates": [ 0.0030058, 5.6952338 ] } },
{ "type": "Feature", "properties": { "bus_id": 676, "symbol": "substation", "tag_substation": "transmission", "voltage": 161000, "lon": 0.0028973, "lat": 5.6951886, "dc": false, "under_construction": false, "station_id": null, "tag_area": 0.0, "country": "GH" }, "geometry": { "type": "Point", "coordinates": [ 0.0028973, 5.6951886 ] } },
{ "type": "Feature", "properties": { "bus_id": 677, "symbol": "substation", "tag_substation": "transmission", "voltage": 161000, "lon": 0.0027746, "lat": 5.6951375, "dc": false, "under_construction": false, "station_id": null, "tag_area": 0.0, "country": "GH" }, "geometry": { "type": "Point", "coordinates": [ 0.0027746, 5.6951375 ] } },
{ "type": "Feature", "properties": { "bus_id": 678, "symbol": "substation", "tag_substation": "transmission", "voltage": 161000, "lon": 0.0026773, "lat": 5.695097, "dc": false, "under_construction": false, "station_id": null, "tag_area": 0.0, "country": "GH" }, "geometry": { "type": "Point", "coordinates": [ 0.0026773, 5.695097 ] } },
{ "type": "Feature", "properties": { "bus_id": 679, "symbol": "substation", "tag_substation": "transmission", "voltage": 161000, "lon": 0.0025675, "lat": 5.6950512, "dc": false, "under_construction": false, "station_id": null, "tag_area": 0.0, "country": "GH" }, "geometry": { "type": "Point", "coordinates": [ 0.0025675, 5.6950512 ] } },
{ "type": "Feature", "properties": { "bus_id": 680, "symbol": "substation", "tag_substation": "transmission", "voltage": 161000, "lon": 0.0024633, "lat": 5.6950078, "dc": false, "under_construction": false, "station_id": null, "tag_area": 0.0, "country": "GH" }, "geometry": { "type": "Point", "coordinates": [ 0.0024633, 5.6950078 ] } },
{ "type": "Feature", "properties": { "bus_id": 681, "symbol": "substation", "tag_substation": "transmission", "voltage": 161000, "lon": 0.0021096, "lat": 5.6955535, "dc": false, "under_construction": false, "station_id": null, "tag_area": 0.0, "country": "GH" }, "geometry": { "type": "Point", "coordinates": [ 0.0021096, 5.6955535 ] } },
{ "type": "Feature", "properties": { "bus_id": 682, "symbol": "substation", "tag_substation": "transmission", "voltage": 330000, "lon": 0.0012113, "lat": 5.6945152, "dc": false, "under_construction": false, "station_id": null, "tag_area": 0.0, "country": "GH" }, "geometry": { "type": "Point", "coordinates": [ 0.0012113, 5.6945152 ] } },
{ "type": "Feature", "properties": { "bus_id": 683, "symbol": "substation", "tag_substation": "transmission", "voltage": 330000, "lon": 0.0009021, "lat": 5.6943888, "dc": false, "under_construction": false, "station_id": null, "tag_area": 0.0, "country": "GH" }, "geometry": { "type": "Point", "coordinates": [ 0.0009021, 5.6943888 ] } },
{ "type": "Feature", "properties": { "bus_id": 684, "symbol": "substation", "tag_substation": "transmission", "voltage": 330000, "lon": 0.0010424, "lat": 5.6944462, "dc": false, "under_construction": false, "station_id": null, "tag_area": 0.0, "country": "GH" }, "geometry": { "type": "Point", "coordinates": [ 0.0010424, 5.6944462 ] } },
{ "type": "Feature", "properties": { "bus_id": 685, "symbol": "substation", "tag_substation": "transmission", "voltage": 330000, "lon": 0.000838, "lat": 5.6943627, "dc": false, "under_construction": false, "station_id": null, "tag_area": 0.0, "country": "GH" }, "geometry": { "type": "Point", "coordinates": [ 0.000838, 5.6943627 ] } },
{ "type": "Feature", "properties": { "bus_id": 686, "symbol": "substation", "tag_substation": "transmission", "voltage": 330000, "lon": 0.0005135, "lat": 5.6951233, "dc": false, "under_construction": false, "station_id": null, "tag_area": 0.0, "country": "GH" }, "geometry": { "type": "Point", "coordinates": [ 0.0005135, 5.6951233 ] } },
{ "type": "Feature", "properties": { "bus_id": 687, "symbol": "substation", "tag_substation": "transmission", "voltage": 161000, "lon": 0.0030942, "lat": 5.6959638, "dc": false, "under_construction": false, "station_id": null, "tag_area": 0.0, "country": "GH" }, "geometry": { "type": "Point", "coordinates": [ 0.0030942, 5.6959638 ] } },
{ "type": "Feature", "properties": { "bus_id": 688, "symbol": "substation", "tag_substation": "transmission", "voltage": 161000, "lon": 0.0020085, "lat": 5.6955114, "dc": false, "under_construction": false, "station_id": null, "tag_area": 0.0, "country": "GH" }, "geometry": { "type": "Point", "coordinates": [ 0.0020085, 5.6955114 ] } },
{ "type": "Feature", "properties": { "bus_id": 689, "symbol": "substation", "tag_substation": "transmission", "voltage": 161000, "lon": 0.0022567, "lat": 5.6949217, "dc": false, "under_construction": false, "station_id": null, "tag_area": 0.0, "country": "GH" }, "geometry": { "type": "Point", "coordinates": [ 0.0022567, 5.6949217 ] } },
{ "type": "Feature", "properties": { "bus_id": 690, "symbol": "substation", "tag_substation": "transmission", "voltage": 161000, "lon": -2.8324135, "lat": 6.3521411, "dc": false, "under_construction": false, "station_id": null, "tag_area": 0.0, "country": "GH" }, "geometry": { "type": "Point", "coordinates": [ -2.8324135, 6.3521411 ] } },
{ "type": "Feature", "properties": { "bus_id": 691, "symbol": "substation", "tag_substation": "transmission", "voltage": 161000, "lon": -2.5597279, "lat": 6.9161353, "dc": false, "under_construction": false, "station_id": null, "tag_area": 0.0, "country": "GH" }, "geometry": { "type": "Point", "coordinates": [ -2.5597279, 6.916135300000014 ] } },
{ "type": "Feature", "properties": { "bus_id": 692, "symbol": "substation", "tag_substation": "transmission", "voltage": 161000, "lon": 0.0064567, "lat": 5.7359555, "dc": false, "under_construction": false, "station_id": null, "tag_area": 0.0, "country": "GH" }, "geometry": { "type": "Point", "coordinates": [ 0.0064567, 5.7359555 ] } },
{ "type": "Feature", "properties": { "bus_id": 693, "symbol": "substation", "tag_substation": "transmission", "voltage": 161000, "lon": -1.6332152, "lat": 6.6882681, "dc": false, "under_construction": false, "station_id": null, "tag_area": 0.0, "country": "GH" }, "geometry": { "type": "Point", "coordinates": [ -1.6332152, 6.6882681 ] } },
{ "type": "Feature", "properties": { "bus_id": 694, "symbol": "substation", "tag_substation": "transmission", "voltage": 161000, "lon": -1.9941075, "lat": 7.4808827, "dc": false, "under_construction": false, "station_id": null, "tag_area": 0.0, "country": "GH" }, "geometry": { "type": "Point", "coordinates": [ -1.9941075, 7.4808827 ] } },
{ "type": "Feature", "properties": { "bus_id": 695, "symbol": "substation", "tag_substation": "transmission", "voltage": 69000, "lon": 0.5455698, "lat": 6.2947385, "dc": false, "under_construction": false, "station_id": null, "tag_area": 0.0, "country": "GH" }, "geometry": { "type": "Point", "coordinates": [ 0.5455698, 6.294738499999984 ] } },
{ "type": "Feature", "properties": { "bus_id": 696, "symbol": "substation", "tag_substation": "transmission", "voltage": 69000, "lon": 0.2912074, "lat": 6.9739179, "dc": false, "under_construction": false, "station_id": null, "tag_area": 0.0, "country": "GH" }, "geometry": { "type": "Point", "coordinates": [ 0.2912074, 6.973917899999984 ] } },
{ "type": "Feature", "properties": { "bus_id": 697, "symbol": "substation", "tag_substation": "transmission", "voltage": 225000, "lon": -1.0630117, "lat": 10.8775792, "dc": false, "under_construction": false, "station_id": null, "tag_area": 0.0, "country": "GH" }, "geometry": { "type": "Point", "coordinates": [ -1.0630117, 10.8775792 ] } },
{ "type": "Feature", "properties": { "bus_id": 698, "symbol": "substation", "tag_substation": "transmission", "voltage": 225000, "lon": -1.0628517, "lat": 10.8786803, "dc": false, "under_construction": false, "station_id": null, "tag_area": 0.0, "country": "GH" }, "geometry": { "type": "Point", "coordinates": [ -1.0628517, 10.8786803 ] } },
{ "type": "Feature", "properties": { "bus_id": 699, "symbol": "substation", "tag_substation": "transmission", "voltage": 161000, "lon": -1.0615405, "lat": 10.8785006, "dc": false, "under_construction": false, "station_id": null, "tag_area": 0.0, "country": "GH" }, "geometry": { "type": "Point", "coordinates": [ -1.0615405, 10.8785006 ] } },
{ "type": "Feature", "properties": { "bus_id": 700, "symbol": "substation", "tag_substation": "transmission", "voltage": 161000, "lon": -1.0614306, "lat": 10.8776951, "dc": false, "under_construction": false, "station_id": null, "tag_area": 0.0, "country": "GH" }, "geometry": { "type": "Point", "coordinates": [ -1.0614306, 10.8776951 ] } },
{ "type": "Feature", "properties": { "bus_id": 701, "symbol": "substation", "tag_substation": "transmission", "voltage": 161000, "lon": -1.0637786, "lat": 10.8792871, "dc": false, "under_construction": false, "station_id": null, "tag_area": 0.0, "country": "GH" }, "geometry": { "type": "Point", "coordinates": [ -1.0637786, 10.8792871 ] } },
{ "type": "Feature", "properties": { "bus_id": 702, "symbol": "substation", "tag_substation": "transmission", "voltage": 161000, "lon": -2.7197844, "lat": 10.4193615, "dc": false, "under_construction": false, "station_id": null, "tag_area": 0.0, "country": "GH" }, "geometry": { "type": "Point", "coordinates": [ -2.7197844, 10.4193615 ] } },
{ "type": "Feature", "properties": { "bus_id": 703, "symbol": "substation", "tag_substation": "transmission", "voltage": 161000, "lon": -1.0611452, "lat": 10.8776841, "dc": false, "under_construction": false, "station_id": null, "tag_area": 0.0, "country": "GH" }, "geometry": { "type": "Point", "coordinates": [ -1.0611452, 10.8776841 ] } },
{ "type": "Feature", "properties": { "bus_id": 704, "symbol": "substation", "tag_substation": "transmission", "voltage": 161000, "lon": -1.0611504, "lat": 10.8770559, "dc": false, "under_construction": false, "station_id": null, "tag_area": 0.0, "country": "GH" }, "geometry": { "type": "Point", "coordinates": [ -1.0611504, 10.8770559 ] } },
{ "type": "Feature", "properties": { "bus_id": 705, "symbol": "substation", "tag_substation": "transmission", "voltage": 161000, "lon": -1.0609338, "lat": 10.8784355, "dc": false, "under_construction": false, "station_id": null, "tag_area": 0.0, "country": "GH" }, "geometry": { "type": "Point", "coordinates": [ -1.0609338, 10.8784355 ] } },
{ "type": "Feature", "properties": { "bus_id": 706, "symbol": "substation", "tag_substation": "transmission", "voltage": 69000, "lon": 0.5521542, "lat": 6.2597882, "dc": false, "under_construction": false, "station_id": null, "tag_area": 0.0, "country": "GH" }, "geometry": { "type": "Point", "coordinates": [ 0.5521542, 6.259788200000028 ] } },
{ "type": "Feature", "properties": { "bus_id": 707, "symbol": "substation", "tag_substation": "transmission", "voltage": 69000, "lon": 0.3444774, "lat": 6.7388207, "dc": false, "under_construction": false, "station_id": null, "tag_area": 0.0, "country": "GH" }, "geometry": { "type": "Point", "coordinates": [ 0.3444774, 6.7388207 ] } },
{ "type": "Feature", "properties": { "bus_id": 708, "symbol": "substation", "tag_substation": "transmission", "voltage": 161000, "lon": -2.3492315, "lat": 7.2711817, "dc": false, "under_construction": false, "station_id": null, "tag_area": 0.0, "country": "GH" }, "geometry": { "type": "Point", "coordinates": [ -2.3492315, 7.27118169999998 ] } },
{ "type": "Feature", "properties": { "bus_id": 709, "symbol": "substation", "tag_substation": "transmission", "voltage": 161000, "lon": -2.1929875, "lat": 7.2532114, "dc": false, "under_construction": false, "station_id": null, "tag_area": 0.0, "country": "GH" }, "geometry": { "type": "Point", "coordinates": [ -2.1929875, 7.253211400000016 ] } },
{ "type": "Feature", "properties": { "bus_id": 710, "symbol": "substation", "tag_substation": "transmission", "voltage": 330000, "lon": 0.0464751, "lat": 5.6810258, "dc": false, "under_construction": false, "station_id": null, "tag_area": 0.0, "country": "GH" }, "geometry": { "type": "Point", "coordinates": [ 0.0464751, 5.6810258 ] } },
{ "type": "Feature", "properties": { "bus_id": 711, "symbol": "substation", "tag_substation": "transmission", "voltage": 161000, "lon": 0.0459301, "lat": 5.6812127, "dc": false, "under_construction": false, "station_id": null, "tag_area": 0.0, "country": "GH" }, "geometry": { "type": "Point", "coordinates": [ 0.0459301, 5.6812127 ] } }
]
}
