{
"type": "FeatureCollection",
"name": "all_clean_lines",
"crs": { "type": "name", "properties": { "name": "urn:ogc:def:crs:OGC:1.3:CRS84" } },
"features": [
{ "type": "Feature", "properties": { "line_id": 148522653, "circuits": 1.0, "tag_frequency": 50.0, "tag_type": "line", "voltage": 161000, "bus0": null, "bus1": null, "length": null, "underground": false, "under_construction": "False", "dc": false, "country": "GH" }, "geometry": { "type": "LineString", "coordinates": [ [ 0.0019794, 5.696134899999977 ], [ 0.0007783, 5.695667200000014 ], [ -0.000688, 5.6950409 ], [ -0.0026417, 5.694217299999977 ], [ -0.0041895, 5.6935649 ], [ -0.0062227, 5.692742899999977 ], [ -0.0079914, 5.6920277 ], [ -0.0101515, 5.6911472 ], [ -0.0121494, 5.6903479 ], [ -0.0142944, 5.68945370000001 ], [ -0.0163156, 5.688644900000014 ], [ -0.0182964, 5.687852200000014 ], [ -0.0204422, 5.686993500000014 ], [ -0.0225883, 5.686122900000014 ], [ -0.0247424, 5.685257800000014 ], [ -0.0265341, 5.684520400000014 ], [ -0.0287235, 5.683638 ], [ -0.0308919, 5.682764 ], [ -0.03309, 5.681894400000014 ], [ -0.0352387, 5.681020500000014 ], [ -0.0374102, 5.680145100000014 ], [ -0.0394522, 5.679308700000014 ], [ -0.0415481, 5.678486900000014 ], [ -0.0440629, 5.677464800000027 ], [ -0.046246, 5.676599500000027 ], [ -0.0485298, 5.675671299999968 ], [ -0.0507988, 5.674752800000028 ], [ -0.0531589, 5.673790200000028 ], [ -0.0556977, 5.672766300000028 ], [ -0.0580208, 5.671834200000028 ], [ -0.0602661, 5.670917900000028 ], [ -0.062419, 5.670053500000027 ], [ -0.0645999, 5.669147300000027 ], [ -0.0667818, 5.668299200000014 ], [ -0.0689906, 5.667410300000014 ], [ -0.0714501, 5.666429600000014 ], [ -0.0736872, 5.665519400000014 ], [ -0.0760496, 5.664576600000014 ], [ -0.078082, 5.663751200000014 ], [ -0.080268, 5.662858500000015 ], [ -0.082169, 5.662102500000015 ], [ -0.0842158, 5.661276700000013 ], [ -0.0862521, 5.660455 ], [ -0.0882906, 5.659634400000015 ], [ -0.0903291, 5.658802900000015 ], [ -0.0925379, 5.657911500000014 ], [ -0.0944047, 5.657157500000014 ], [ -0.0966404, 5.656262 ], [ -0.0988479, 5.655370600000014 ], [ -0.1010607, 5.654476500000014 ], [ -0.103295, 5.653563700000014 ], [ -0.1054381, 5.652714900000014 ], [ -0.107364, 5.651939600000014 ] ] } },
{ "type": "Feature", "properties": { "line_id": 148522655, "circuits": 2.0, "tag_frequency": 50.0, "tag_type": "line", "voltage": 161000, "bus0": null, "bus1": null, "length": null, "underground": false, "under_construction": "False", "dc": false, "country": "GH" }, "geometry": { "type": "LineString", "coordinates": [ [ 0.0001835, 5.6962154 ], [ -0.0027073, 5.6950198 ], [ -0.0058897, 5.6937447 ], [ -0.0091916, 5.6923935 ], [ -0.0115356, 5.691472 ], [ -0.014585, 5.690235200000011 ], [ -0.0202611, 5.6879464 ], [ -0.0229664, 5.686860499999955 ], [ -0.0259011, 5.6856648 ] ] } },
{ "type": "Feature", "properties": { "line_id": 169866144, "circuits": 2.0, "tag_frequency": 50.0, "tag_type": "line", "voltage": 161000, "bus0": null, "bus1": null, "length": null, "underground": false, "under_construction": "False", "dc": false, "country": "GH" }, "geometry": { "type": "LineString", "coordinates": [ [ 0.0155576, 5.8193462 ], [ 0.0159273, 5.8222427 ], [ 0.0162606, 5.8250593 ], [ 0.0166064, 5.8281799 ], [ 0.0169742, 5.8310823 ], [ 0.0173076, 5.8342016 ], [ 0.0176826, 5.8372379 ], [ 0.0180472, 5.8402845 ], [ 0.0183961, 5.8434555 ], [ 0.0187451, 5.8464141 ], [ 0.0191045, 5.8494141 ], [ 0.0194274, 5.8522534 ], [ 0.0197503, 5.8551549 ], [ 0.0201149, 5.858274 ], [ 0.0204587, 5.861476 ], [ 0.0208389, 5.8645018 ], [ 0.0212035, 5.8675846 ], [ 0.0215629, 5.8707502 ], [ 0.0219483, 5.87389 ], [ 0.0222888, 5.8769683 ], [ 0.0226396, 5.8800773 ], [ 0.0229831, 5.883143 ], [ 0.0233511, 5.8862355 ], [ 0.0237157, 5.8893305 ], [ 0.0240753, 5.8923581 ], [ 0.0244231, 5.8953671 ], [ 0.0248077, 5.8983441 ], [ 0.0249793, 5.9012323 ], [ 0.0252908, 5.9044445 ], [ 0.0255994, 5.9076281 ], [ 0.0258395, 5.9108781 ], [ 0.0261379, 5.9140736 ], [ 0.0264052, 5.9172883 ], [ 0.0266699, 5.9204728 ], [ 0.0269417, 5.923741900000016 ], [ 0.027227, 5.9269179 ], [ 0.0274838, 5.9301056 ], [ 0.0277805, 5.933331 ], [ 0.028064, 5.9365053 ], [ 0.0283101, 5.9397005 ], [ 0.028553, 5.9428557 ], [ 0.0288445, 5.9457148 ], [ 0.0290491, 5.9486771 ], [ 0.0292457, 5.951524 ], [ 0.0294646, 5.954694 ], [ 0.0296721, 5.9576712 ], [ 0.029895, 5.9608709 ], [ 0.0301164, 5.9640475 ], [ 0.0303368, 5.967210900000016 ], [ 0.0305596, 5.970383700000017 ], [ 0.0307828, 5.973475900000016 ], [ 0.0309813, 5.97661 ], [ 0.0311576, 5.9791206 ], [ 0.0314078, 5.981653100000017 ], [ 0.0316492, 5.9844704 ], [ 0.0320118, 5.987518 ], [ 0.0323287, 5.990686800000018 ], [ 0.0327003, 5.993903100000018 ], [ 0.0329735, 5.996988300000017 ], [ 0.0333316, 6.000205900000017 ], [ 0.0335895, 6.003047500000017 ], [ 0.0338808, 6.006297 ], [ 0.0341527, 6.009427200000017 ], [ 0.0344213, 6.012224300000018 ], [ 0.0347157, 6.015012700000018 ], [ 0.03497, 6.017963200000017 ], [ 0.0352192, 6.020798800000017 ], [ 0.0354316, 6.023777 ], [ 0.0357449, 6.026736900000017 ], [ 0.0359799, 6.029265 ], [ 0.0361018, 6.031779600000016 ], [ 0.0362999, 6.034750500000016 ], [ 0.0364648, 6.0379832 ], [ 0.0366439, 6.0412033 ], [ 0.0368214, 6.044395100000016 ], [ 0.0370072, 6.0474399 ], [ 0.0372019, 6.0505827 ] ] } },
{ "type": "Feature", "properties": { "line_id": 169866145, "circuits": 1.0, "tag_frequency": 50.0, "tag_type": "line", "voltage": 161000, "bus0": null, "bus1": null, "length": null, "underground": false, "under_construction": "False", "dc": false, "country": "GH" }, "geometry": { "type": "LineString", "coordinates": [ [ 0.0083397, 5.7348723 ], [ 0.007925, 5.7349979 ], [ 0.0073194, 5.7351812 ], [ 0.0064567, 5.7359555 ], [ 0.0067265, 5.7378763 ], [ 0.0071809, 5.740407 ], [ 0.0075837, 5.7427722 ], [ 0.0077937, 5.7449149 ], [ 0.0081587, 5.7480383 ], [ 0.0085571, 5.7512516 ], [ 0.0088969, 5.7544497 ], [ 0.0092525, 5.7576277 ], [ 0.0095995, 5.7608253 ], [ 0.0100001, 5.7640245 ], [ 0.0103399, 5.7671075 ], [ 0.0106845, 5.7701551 ], [ 0.011034, 5.7731954 ], [ 0.0113983, 5.7764842 ], [ 0.0117564, 5.7795459 ], [ 0.0121368, 5.7828891 ], [ 0.0124843, 5.7859657 ], [ 0.0128563, 5.7890904 ], [ 0.0131641, 5.7919864 ], [ 0.0132187, 5.7924625 ], [ 0.0135005, 5.7949214 ], [ 0.0139145, 5.7983246 ], [ 0.0142661, 5.8012989 ], [ 0.0145794, 5.8040716 ], [ 0.0149382, 5.8069982 ], [ 0.0151569, 5.8101224 ], [ 0.0155527, 5.8131692 ], [ 0.0160062, 5.8163267 ], [ 0.0163777, 5.8193122 ], [ 0.0167153, 5.8222247 ], [ 0.0171155, 5.8257564 ], [ 0.0173754, 5.8280792 ], [ 0.0177353, 5.8310376 ], [ 0.0180874, 5.8341436 ], [ 0.0184597, 5.8371906 ], [ 0.0187975, 5.8402398 ], [ 0.0191599, 5.8433655 ], [ 0.0195036, 5.8463401 ], [ 0.0198629, 5.8493481 ], [ 0.0201832, 5.8522114 ], [ 0.0205088, 5.8550969 ], [ 0.0208868, 5.8582293 ], [ 0.0212412, 5.8613913 ], [ 0.0216053, 5.8644251 ], [ 0.0219592, 5.8675293 ], [ 0.0223293, 5.8707002 ], [ 0.0226664, 5.873824 ], [ 0.0230391, 5.8768996 ], [ 0.0233846, 5.8800032 ], [ 0.0237428, 5.8830583 ], [ 0.0241068, 5.8861521 ], [ 0.0244787, 5.8892531 ], [ 0.0248231, 5.8922574 ], [ 0.0251213, 5.8952864 ], [ 0.0254374, 5.8983475 ], [ 0.0257243, 5.9011676 ], [ 0.0260478, 5.9043652 ], [ 0.0263215, 5.9075674 ], [ 0.0265995, 5.9108 ], [ 0.0268777, 5.9140075 ], [ 0.0271425, 5.917202 ], [ 0.0274091, 5.920418 ], [ 0.0277093, 5.9236473 ], [ 0.027998, 5.9268524 ], [ 0.0282572, 5.9300557 ], [ 0.028567, 5.9332415 ], [ 0.0288162, 5.9364188 ], [ 0.029069, 5.9396416 ], [ 0.0293559, 5.9428343 ], [ 0.0296179, 5.945657500000017 ], [ 0.0298197, 5.9485509 ], [ 0.0300136, 5.95133 ], [ 0.0302357, 5.954514400000017 ], [ 0.0304485, 5.9576094 ], [ 0.0306673, 5.9607918 ], [ 0.0308885, 5.9640084 ], [ 0.031105, 5.967156600000017 ], [ 0.03132, 5.970325900000017 ], [ 0.0315406, 5.973433300000017 ], [ 0.0317674, 5.9765296 ], [ 0.0319504, 5.979052 ], [ 0.0322039, 5.981557300000016 ], [ 0.0324433, 5.9844104 ], [ 0.0327889, 5.987443900000017 ], [ 0.0331017, 5.990605800000018 ], [ 0.0334662, 5.993853600000017 ], [ 0.0337369, 5.996914100000017 ], [ 0.0340793, 6.000137500000017 ], [ 0.0343709, 6.002954100000017 ], [ 0.0346676, 6.006248 ], [ 0.0349463, 6.0093406 ], [ 0.0351989, 6.0121452 ], [ 0.0354776, 6.0149643 ], [ 0.0357344, 6.0179065 ], [ 0.0359805, 6.0207272 ], [ 0.0362413, 6.0237152 ], [ 0.0365074, 6.0266696 ], [ 0.0367825, 6.029202200000017 ], [ 0.0368642, 6.031731 ], [ 0.0370772, 6.0347252 ], [ 0.0372479, 6.037923 ], [ 0.0374196, 6.0411415 ], [ 0.0375911, 6.044355200000016 ], [ 0.037768, 6.0473917 ], [ 0.0379551, 6.050538900000016 ], [ 0.0381377, 6.053749500000016 ], [ 0.0383114, 6.056782400000016 ], [ 0.0384758, 6.059555100000017 ], [ 0.0386189, 6.061993100000016 ], [ 0.0388486, 6.0643652 ], [ 0.0391389, 6.067161300000016 ], [ 0.0394842, 6.0707024 ], [ 0.0398909, 6.074824600000017 ], [ 0.0402754, 6.0786342 ], [ 0.0406642, 6.082487200000017 ], [ 0.0429305, 6.084801100000016 ], [ 0.0450625, 6.086977800000016 ], [ 0.0474296, 6.089394600000015 ], [ 0.0495364, 6.091568600000016 ], [ 0.0517862, 6.093883500000016 ], [ 0.0547821, 6.094286600000015 ], [ 0.0577368, 6.094701400000015 ], [ 0.0609728, 6.095155700000015 ], [ 0.0641827, 6.095589300000015 ], [ 0.0673819, 6.096038600000015 ], [ 0.0709762, 6.096541900000015 ], [ 0.0739222, 6.096937500000015 ], [ 0.0770482, 6.09739 ], [ 0.0799259, 6.098179700000014 ], [ 0.0829379, 6.099006200000014 ], [ 0.0861799, 6.099900400000014 ], [ 0.0890945, 6.100719600000014 ], [ 0.0924043, 6.101647300000015 ], [ 0.0957464, 6.102567100000013 ], [ 0.099719, 6.1037266 ], [ 0.1074857, 6.105798 ], [ 0.1120224, 6.108927600000015 ], [ 0.1146033, 6.110678 ], [ 0.1178535, 6.112882400000015 ], [ 0.1214889, 6.114553 ], [ 0.1249399, 6.116170499999972 ], [ 0.1248492, 6.1165062 ] ] } },
{ "type": "Feature", "properties": { "line_id": 169866146, "circuits": 2.0, "tag_frequency": 50.0, "tag_type": "line", "voltage": 161000, "bus0": null, "bus1": null, "length": null, "underground": false, "under_construction": "False", "dc": false, "country": "GH" }, "geometry": { "type": "LineString", "coordinates": [ [ 0.0276906, 5.9301117 ], [ 0.0274312, 5.9269049 ], [ 0.0271442, 5.923722100000016 ], [ 0.0268675, 5.9204798 ], [ 0.0265937, 5.9172707 ], [ 0.0263204, 5.9140677 ], [ 0.0260448, 5.9108535 ], [ 0.0257981, 5.9076276 ], [ 0.0254868, 5.9044387 ], [ 0.0251955, 5.9012159 ], [ 0.024989, 5.8983809 ], [ 0.0246313, 5.8953452 ], [ 0.0242903, 5.892347 ], [ 0.0239158, 5.8893233 ], [ 0.0235941, 5.8862283 ], [ 0.0232261, 5.8831359 ], [ 0.022841, 5.8800714 ], [ 0.0225318, 5.8769612 ], [ 0.0221913, 5.8738828 ], [ 0.0218059, 5.8707431 ], [ 0.0214465, 5.8675774 ], [ 0.0210819, 5.8644946 ], [ 0.0207017, 5.8614688 ], [ 0.020358, 5.8582669 ], [ 0.0199934, 5.8551478 ], [ 0.0196328, 5.8522729 ], [ 0.0193475, 5.8494069 ], [ 0.0189881, 5.8464069 ], [ 0.0186392, 5.8434484 ], [ 0.0182902, 5.8402774 ], [ 0.0179256, 5.8372307 ], [ 0.0175506, 5.8341944 ], [ 0.0172173, 5.8310752 ], [ 0.0168333, 5.8281621 ], [ 0.0165036, 5.8250521 ], [ 0.0161704, 5.8222355 ], [ 0.0158006, 5.819339 ], [ 0.0154399, 5.8163748 ], [ 0.0151339, 5.813204 ] ] } },
{ "type": "Feature", "properties": { "line_id": 170132851, "circuits": 1.0, "tag_frequency": 50.0, "tag_type": "line", "voltage": 161000, "bus0": null, "bus1": null, "length": null, "underground": false, "under_construction": "False", "dc": false, "country": "GH" }, "geometry": { "type": "LineString", "coordinates": [ [ -2.05140980000001, 5.5218815 ], [ -2.05106780000001, 5.5215879 ], [ -2.049494, 5.5232252 ], [ -2.04729530000001, 5.5256746 ], [ -2.04417850000001, 5.5291446 ], [ -2.039404200000011, 5.5344787 ], [ -2.037010300000011, 5.5371484 ], [ -2.034102800000011, 5.5403907 ], [ -2.03088950000001, 5.5439828 ], [ -2.02707280000001, 5.5482328 ], [ -2.024923, 5.5506435 ], [ -2.02138260000001, 5.5546135 ], [ -2.01715530000001, 5.5592917 ], [ -2.01509220000001, 5.5611984 ], [ -2.01178820000001, 5.5642518 ], [ -2.00455290000001, 5.5705106 ], [ -2.00152610000001, 5.5728892 ], [ -1.998291, 5.575470699999978 ], [ -1.99634, 5.576985599999978 ], [ -1.9933377, 5.579301400000013 ], [ -1.9903972, 5.581499300000012 ], [ -1.9873305, 5.583806500000012 ], [ -1.9853899, 5.585248200000012 ], [ -1.9823982, 5.587521500000011 ], [ -1.9801887, 5.589041900000011 ], [ -1.9775131, 5.590883100000012 ], [ -1.9744496, 5.592991200000011 ], [ -1.9708626, 5.595459600000012 ], [ -1.9691763, 5.59662 ], [ -1.967652, 5.597668900000014 ], [ -1.9645067, 5.599833300000014 ], [ -1.960409, 5.603358700000013 ], [ -1.95709560000001, 5.6062137 ], [ -1.9536708, 5.609164600000014 ], [ -1.9497901, 5.612524699999978 ], [ -1.94782, 5.614231100000016 ], [ -1.9447312, 5.61704339999998 ], [ -1.94295480000001, 5.6187753 ], [ -1.9411748, 5.620478899999981 ], [ -1.93914720000001, 5.6223718 ], [ -1.9357022, 5.625686699999981 ], [ -1.92938070000001, 5.6316657 ], [ -1.92560810000001, 5.6352655 ], [ -1.9206484, 5.63999789999998 ], [ -1.9159725, 5.644443099999981 ], [ -1.9110356, 5.649136399999981 ], [ -1.9097852, 5.650325099999981 ], [ -1.90738480000001, 5.652607 ], [ -1.90481150000001, 5.6550533 ], [ -1.901212, 5.6584751 ], [ -1.898232, 5.6611978 ], [ -1.89546250000001, 5.6638651 ], [ -1.89271790000001, 5.6665739 ], [ -1.88984690000001, 5.6692486 ], [ -1.88772890000001, 5.6712673 ], [ -1.88519930000001, 5.6736783 ], [ -1.88193850000001, 5.6767862 ], [ -1.88052540000001, 5.678133 ], [ -1.8776403, 5.680882700000013 ], [ -1.8753561, 5.683029 ], [ -1.8722654, 5.685989299999977 ], [ -1.8703326, 5.687805099999976 ], [ -1.867781, 5.690192499999982 ], [ -1.8648379, 5.693086899999981 ], [ -1.8624032, 5.695351899999982 ], [ -1.8591457, 5.698453799999982 ], [ -1.85543550000001, 5.7018893 ], [ -1.8530014, 5.7043074 ], [ -1.8502226, 5.7068695 ], [ -1.8474425, 5.7095385 ], [ -1.84188850000001, 5.7148138 ], [ -1.83905120000001, 5.7175087 ], [ -1.8236889, 5.7320996 ], [ -1.8200867, 5.7354489 ], [ -1.8149355, 5.7406837 ], [ -1.8089891, 5.7473636 ], [ -1.7982039, 5.7604135 ], [ -1.7885748, 5.7733884 ], [ -1.7847285, 5.7787429 ], [ -1.7818974, 5.7910903 ], [ -1.7815594, 5.7932931 ], [ -1.781751, 5.7982205 ], [ -1.7819789, 5.8033071 ], [ -1.78220920000001, 5.8085317 ], [ -1.7825291, 5.8140057 ], [ -1.7829998, 5.8169456 ], [ -1.784927, 5.8239068 ], [ -1.786665, 5.8270488 ], [ -1.7876494, 5.8288352 ], [ -1.7925525, 5.8376794 ], [ -1.7958073, 5.8441286 ], [ -1.79994440000001, 5.8526471 ], [ -1.8011074, 5.8550417 ], [ -1.8030493, 5.8589974 ], [ -1.8040659, 5.8610825 ], [ -1.8069263, 5.8669243 ], [ -1.8096621, 5.8725385 ], [ -1.8113561, 5.8760149 ], [ -1.8131537, 5.8797039 ], [ -1.8145655, 5.8826011 ], [ -1.8166046, 5.8867855 ], [ -1.8174353, 5.8884902 ], [ -1.8195529, 5.8928357 ], [ -1.8214935, 5.8967391 ], [ -1.8224752, 5.9004102 ], [ -1.8224396, 5.9027833 ], [ -1.8224141, 5.9056595 ], [ -1.8223742, 5.9085568 ], [ -1.8223205, 5.9117306 ], [ -1.8222192, 5.9181147 ], [ -1.8220898, 5.9276926 ], [ -1.8220326, 5.9319291 ], [ -1.8194054, 5.9403301 ], [ -1.8187657, 5.9423016 ], [ -1.8120808, 5.946257699999977 ], [ -1.808267, 5.948436899999977 ], [ -1.8036057, 5.951022699999976 ], [ -1.8008831, 5.952533099999976 ], [ -1.7985328, 5.953954899999976 ], [ -1.7980417, 5.9542484 ], [ -1.7938452, 5.956756499999976 ], [ -1.790633, 5.958789699999977 ], [ -1.7878183, 5.960590599999977 ], [ -1.7844709, 5.962019299999977 ], [ -1.7814102, 5.962314099999976 ], [ -1.7797436, 5.9623844 ], [ -1.7796671, 5.9627845 ] ] } },
{ "type": "Feature", "properties": { "line_id": 185079299, "circuits": 1.0, "tag_frequency": 50.0, "tag_type": "line", "voltage": 161000, "bus0": null, "bus1": null, "length": null, "underground": false, "under_construction": "False", "dc": false, "country": "GH" }, "geometry": { "type": "LineString", "coordinates": [ [ -2.6442853, 5.132365800000039 ], [ -2.6474224, 5.1416879 ], [ -2.6543991, 5.1616309 ], [ -2.6577622, 5.164147 ], [ -2.6714916, 5.1742718 ], [ -2.6792223, 5.179279 ], [ -2.6817544, 5.1813593 ], [ -2.6866244, 5.1853939 ], [ -2.6961054, 5.1931834 ], [ -2.7000856, 5.1965458 ], [ -2.7016404, 5.1977512 ], [ -2.7051359, 5.1996194 ], [ -2.7089458, 5.2016325 ], [ -2.7130146, 5.2037974 ], [ -2.7171485, 5.206039600000054 ], [ -2.7258683, 5.2212418 ], [ -2.7271419, 5.2235006 ], [ -2.7284389, 5.22578 ], [ -2.7348822, 5.2371156 ], [ -2.7383975, 5.2433111 ], [ -2.7406732, 5.2472802 ], [ -2.7416055, 5.2503905 ], [ -2.7438843, 5.2580198 ], [ -2.7451245, 5.2621887 ], [ -2.7463493, 5.2663378 ], [ -2.748469, 5.2733211 ], [ -2.7492498, 5.2758935 ], [ -2.7510425, 5.282465 ] ] } },
{ "type": "Feature", "properties": { "line_id": 186450383, "circuits": 1.0, "tag_frequency": 50.0, "tag_type": "line", "voltage": 161000, "bus0": null, "bus1": null, "length": null, "underground": false, "under_construction": "False", "dc": false, "country": "GH" }, "geometry": { "type": "LineString", "coordinates": [ [ -2.3181888, 7.333401299999976 ], [ -2.3175792, 7.333566399999983 ], [ -2.3159674, 7.333290299999981 ], [ -2.3149122, 7.33091479999998 ], [ -2.3139796, 7.328220799999981 ], [ -2.312937, 7.325226299999981 ], [ -2.314059, 7.322052399999981 ], [ -2.3151521, 7.318877599999981 ], [ -2.3186268, 7.31656349999998 ], [ -2.3213066, 7.31497259999998 ], [ -2.3244864, 7.313053799999981 ], [ -2.3275946, 7.310980799999982 ], [ -2.3313704, 7.308423899999982 ], [ -2.3338316, 7.306705099999981 ], [ -2.3361359, 7.305109 ], [ -2.3382717, 7.303611 ], [ -2.3393677, 7.301294099999981 ], [ -2.3402694, 7.299438399999981 ], [ -2.3424305, 7.294866 ], [ -2.3448087, 7.289860399999982 ], [ -2.3462907, 7.286159899999982 ], [ -2.3483307, 7.281299499999982 ], [ -2.3495931, 7.278289399999982 ], [ -2.3510495, 7.274795299999981 ], [ -2.3522174, 7.272006599999981 ], [ -2.3532966, 7.269382099999982 ], [ -2.3552746, 7.264591399999982 ], [ -2.3565068, 7.261633799999982 ], [ -2.3589714, 7.255728299999982 ], [ -2.3639818, 7.2435964 ], [ -2.3648554, 7.2414667 ], [ -2.3658636, 7.239658599999982 ], [ -2.3677036, 7.236200899999981 ], [ -2.3687039, 7.234344899999981 ], [ -2.3711299, 7.229838899999981 ], [ -2.3725922, 7.227116299999981 ], [ -2.375238, 7.222210599999981 ], [ -2.3769033, 7.219113399999981 ], [ -2.3786446, 7.215834399999981 ], [ -2.3807522, 7.211912499999981 ], [ -2.3823329, 7.208977399999981 ], [ -2.3839953, 7.205896799999981 ], [ -2.3867285, 7.200792399999981 ], [ -2.3881768, 7.198100399999982 ], [ -2.3908564, 7.193124399999982 ], [ -2.3914115, 7.190183499999982 ], [ -2.392454, 7.184919599999982 ], [ -2.3932473, 7.180832199999982 ], [ -2.3940553, 7.176714199999982 ], [ -2.3948054, 7.172949099999982 ], [ -2.3944938, 7.170026699999982 ], [ -2.3940443, 7.165673299999981 ], [ -2.3935479, 7.160624799999981 ], [ -2.3933355, 7.158714799999982 ], [ -2.3906245, 7.153792099999982 ], [ -2.3885699, 7.150062399999982 ], [ -2.3866725, 7.146565299999982 ], [ -2.3846924, 7.142980599999982 ], [ -2.3829853, 7.139850099999982 ], [ -2.3813511, 7.136853599999982 ], [ -2.37819, 7.131124099999981 ], [ -2.3768971, 7.128742099999982 ], [ -2.3751908, 7.125622799999982 ], [ -2.373424, 7.122393199999982 ], [ -2.3718503, 7.119513899999982 ], [ -2.3699489, 7.116036599999982 ], [ -2.3683986, 7.113207499999982 ], [ -2.3661111, 7.108992899999982 ], [ -2.3638159, 7.104787899999982 ], [ -2.3622558, 7.101949 ], [ -2.3606626, 7.099042499999982 ], [ -2.3584531, 7.095007699999981 ], [ -2.3569477, 7.092259699999981 ], [ -2.3551497, 7.088971899999981 ], [ -2.3535136, 7.086013 ], [ -2.3512339, 7.081844499999981 ], [ -2.3495744, 7.078804299999981 ], [ -2.3477803, 7.075557 ], [ -2.3462066, 7.072652199999982 ], [ -2.3445665, 7.069648699999981 ], [ -2.3427354, 7.066310299999982 ], [ -2.3408906, 7.062935199999981 ], [ -2.3388157, 7.059165199999981 ], [ -2.3371776, 7.056179 ], [ -2.3353426, 7.052813499999981 ], [ -2.3338683, 7.050113699999981 ], [ -2.3322843, 7.047223 ], [ -2.3333334, 7.045380499999981 ], [ -2.3349013, 7.04262649999998 ], [ -2.3364516, 7.03986849999998 ], [ -2.3380215, 7.037151199999981 ], [ -2.3392891, 7.03373 ], [ -2.3404517, 7.030401800000052 ], [ -2.3412968, 7.028094200000052 ] ] } },
{ "type": "Feature", "properties": { "line_id": 186450384, "circuits": 2.0, "tag_frequency": 50.0, "tag_type": "line", "voltage": 161000, "bus0": null, "bus1": null, "length": null, "underground": false, "under_construction": "False", "dc": false, "country": "GH" }, "geometry": { "type": "LineString", "coordinates": [ [ -2.2883636, 6.905189 ], [ -2.2862982, 6.90323939999998 ], [ -2.2836402, 6.90073809999998 ], [ -2.2813118, 6.89839559999998 ], [ -2.2778816, 6.89491079999998 ], [ -2.2760017, 6.89300969999998 ], [ -2.2724877, 6.88945329999998 ], [ -2.2710154, 6.88796249999998 ], [ -2.2682911, 6.885225 ], [ -2.2667096, 6.88362 ], [ -2.2627423, 6.879606 ], [ -2.2592619, 6.876085 ], [ -2.2569867, 6.873760399999981 ], [ -2.2554837, 6.87007779999998 ], [ -2.254113, 6.86668259999998 ], [ -2.2518102, 6.86446749999998 ], [ -2.2491406, 6.86188 ], [ -2.2456989, 6.858548199999981 ], [ -2.2431865, 6.856094099999981 ], [ -2.2401982, 6.853236299999981 ], [ -2.2372649, 6.850402799999981 ], [ -2.2342685, 6.847520699999981 ], [ -2.2314268, 6.844766 ], [ -2.2286319, 6.842061699999981 ], [ -2.2256945, 6.83919779999998 ], [ -2.2227612, 6.836360099999981 ], [ -2.2196996, 6.83342339999998 ], [ -2.2167521, 6.83054119999998 ], [ -2.2142035, 6.828089599999981 ], [ -2.2107368, 6.82472629999998 ], [ -2.2080234, 6.82210279999998 ], [ -2.2055257, 6.81968749999998 ], [ -2.2027755, 6.81702749999998 ], [ -2.2000214, 6.814349399999981 ], [ -2.1971328, 6.81156819999998 ], [ -2.1944682, 6.80896689999998 ], [ -2.1914494, 6.80604209999998 ], [ -2.1890453, 6.803715599999981 ], [ -2.1866983, 6.801441699999981 ], [ -2.1832886, 6.798155 ], [ -2.1781334, 6.793143 ], [ -2.175656, 6.790731599999981 ], [ -2.1729425, 6.788089699999981 ], [ -2.1705629, 6.785799499999981 ], [ -2.1674138, 6.782757399999981 ], [ -2.164906, 6.780309499999981 ], [ -2.1620887, 6.777572499999981 ], [ -2.158905, 6.774793099999981 ], [ -2.1573599, 6.773455 ], [ -2.1539768, 6.770499699999982 ], [ -2.1517294, 6.768502499999982 ], [ -2.1485478, 6.765739199999982 ], [ -2.1461844, 6.763681399999982 ], [ -2.1434119, 6.761338499999981 ], [ -2.1411524, 6.759355499999981 ], [ -2.1388603, 6.757388599999982 ], [ -2.1361, 6.757402699999981 ], [ -2.1311575, 6.757408799999982 ], [ -2.1279454, 6.757410799999982 ], [ -2.1244156, 6.757422899999982 ], [ -2.1209775, 6.757435099999982 ], [ -2.1160798, 6.757439099999981 ], [ -2.1123241, 6.757443199999981 ], [ -2.1091625, 6.754921399999982 ], [ -2.1072423, 6.752896499999982 ], [ -2.1053081, 6.751048699999981 ], [ -2.1023666, 6.748221399999982 ], [ -2.0990859, 6.745043199999982 ], [ -2.0971307, 6.743209299999982 ], [ -2.0943641, 6.740534699999982 ], [ -2.0896409, 6.736033299999982 ], [ -2.0872419, 6.733712299999982 ], [ -2.0836261, 6.730241799999982 ], [ -2.0821447, 6.728795099999982 ], [ -2.0793945, 6.726181799999982 ], [ -2.0766765, 6.723580699999983 ], [ -2.0729791, 6.722578599999983 ], [ -2.0699346, 6.721741 ], [ -2.0667838, 6.720864199999983 ], [ -2.0633634, 6.719923399999982 ], [ -2.0600568, 6.719014699999982 ], [ -2.0560205, 6.717897099999982 ], [ -2.0526818, 6.717012899999983 ], [ -2.0493652, 6.716057399999983 ], [ -2.0448764, 6.714821899999983 ], [ -2.0424379, 6.714134199999982 ], [ -2.0382409, 6.712972399999982 ], [ -2.0355055, 6.712211 ], [ -2.0318254, 6.711184299999982 ], [ -2.0289838, 6.710390899999982 ], [ -2.0255683, 6.709433 ] ] } },
{ "type": "Feature", "properties": { "line_id": 246515898, "circuits": 1.0, "tag_frequency": 50.0, "tag_type": "line", "voltage": 161000, "bus0": null, "bus1": null, "length": null, "underground": false, "under_construction": "False", "dc": false, "country": "GH" }, "geometry": { "type": "LineString", "coordinates": [ [ 0.058015, 6.294775 ], [ 0.0594076, 6.2926311 ], [ 0.0605845, 6.290819200000013 ], [ 0.0631711, 6.285649600000013 ], [ 0.0653738, 6.2840118 ], [ 0.0694861, 6.28089959999996 ], [ 0.072434, 6.28152449999996 ], [ 0.0753317, 6.282136299999959 ], [ 0.0773049, 6.282585299999959 ], [ 0.0787243, 6.280488399999959 ], [ 0.0804912, 6.277846499999959 ], [ 0.0839093, 6.276093899999959 ], [ 0.0862441, 6.274749699999959 ], [ 0.0893175, 6.272789699999959 ], [ 0.0922262, 6.270934799999959 ], [ 0.0930979, 6.268411499999959 ], [ 0.0941362, 6.265373199999959 ], [ 0.095346, 6.261886199999959 ], [ 0.0964951, 6.25854369999996 ], [ 0.0962653, 6.25424269999996 ], [ 0.0959845, 6.249186 ], [ 0.0962722, 6.24665349999996 ], [ 0.096437, 6.24529909999996 ], [ 0.0976045, 6.245044399999959 ], [ 0.0999079, 6.244566499999959 ], [ 0.1031807, 6.243894299999959 ], [ 0.1061312, 6.243308699999959 ], [ 0.1089074, 6.242744199999959 ], [ 0.1125685, 6.241998399999959 ], [ 0.1146312, 6.241608900000016 ], [ 0.1160742, 6.237390400000016 ], [ 0.1172954, 6.233684700000016 ], [ 0.1183377, 6.230541700000016 ], [ 0.1195105, 6.227078900000016 ], [ 0.1215304, 6.221044200000016 ], [ 0.1218942, 6.217431400000016 ], [ 0.1222237, 6.214159200000016 ], [ 0.1225896, 6.210525 ], [ 0.122911, 6.207292800000014 ], [ 0.1232841, 6.203610700000015 ], [ 0.1236016, 6.200355600000015 ], [ 0.1239453, 6.197005300000015 ], [ 0.124301, 6.193530200000015 ], [ 0.1246193, 6.190361100000015 ], [ 0.1249601, 6.187034500000014 ], [ 0.1252889, 6.183748 ], [ 0.1256554, 6.180127100000015 ], [ 0.125982, 6.176901200000016 ], [ 0.1263476, 6.173314 ], [ 0.1266551, 6.170268500000016 ], [ 0.1269954, 6.166928200000016 ], [ 0.1273228, 6.163655100000016 ], [ 0.1276682, 6.160325400000016 ], [ 0.1280199, 6.156823400000015 ], [ 0.1283401, 6.153605 ], [ 0.128678, 6.150260400000014 ], [ 0.1290345, 6.146731500000014 ], [ 0.1293641, 6.143469800000013 ], [ 0.1296944, 6.140199800000014 ], [ 0.1299924, 6.137250500000014 ], [ 0.1302989, 6.134216300000014 ], [ 0.1306015, 6.131221400000014 ], [ 0.1309488, 6.127828400000014 ], [ 0.1312871, 6.124436500000014 ], [ 0.1314925, 6.121931899999971 ], [ 0.130445, 6.120796599999972 ], [ 0.1262254, 6.116244499999971 ], [ 0.1251437, 6.116186 ], [ 0.125022, 6.116571499999972 ] ] } },
{ "type": "Feature", "properties": { "line_id": 246515914, "circuits": 1.0, "tag_frequency": 50.0, "tag_type": "line", "voltage": 161000, "bus0": null, "bus1": null, "length": null, "underground": false, "under_construction": "False", "dc": false, "country": "GH" }, "geometry": { "type": "LineString", "coordinates": [ [ -2.2324886, 8.276884 ], [ -2.2323087, 8.276652800000013 ], [ -2.2297338, 8.274563900000013 ], [ -2.2269569, 8.2723111 ], [ -2.2234247, 8.2709076 ], [ -2.2203054, 8.2696734 ], [ -2.2169803, 8.268374899999973 ], [ -2.2139554, 8.267178799999972 ], [ -2.2106049, 8.265869799999972 ], [ -2.2073014, 8.264590699999975 ], [ -2.2039811, 8.263291699999975 ], [ -2.2006373, 8.261966 ], [ -2.1973505, 8.260653699999976 ], [ -2.1942249, 8.259490799999973 ], [ -2.1909449, 8.258181799999972 ], [ -2.1877942, 8.2569236 ], [ -2.185126, 8.2548101 ], [ -2.1821221, 8.2524804 ], [ -2.1794399, 8.250347 ], [ -2.1768044, 8.2482656 ], [ -2.1742612, 8.2462461 ], [ -2.1715142, 8.2440842 ], [ -2.1687808, 8.2419329 ], [ -2.1661697, 8.2398624 ], [ -2.1632243, 8.2375525 ], [ -2.1609066, 8.2357319 ], [ -2.1576026, 8.235576 ], [ -2.1542171, 8.2354227 ], [ -2.151106, 8.2352533 ], [ -2.1461555, 8.2350193 ], [ -2.1423624, 8.2348768 ], [ -2.1378683, 8.234624 ], [ -2.1339258, 8.2344197 ], [ -2.1306082, 8.2342798 ], [ -2.1269727, 8.2341131 ], [ -2.1234051, 8.2339598 ], [ -2.1200957, 8.2337877 ], [ -2.1165798, 8.2336291 ], [ -2.1130992, 8.2334677 ], [ -2.1094923, 8.233398 ], [ -2.1059246, 8.2333289 ], [ -2.1022737, 8.2332583 ], [ -2.09863, 8.2331718 ], [ -2.0947032, 8.233095 ], [ -2.0907249, 8.2330091 ], [ -2.087564, 8.2315193 ], [ -2.0846553, 8.2301196 ], [ -2.081616, 8.2287059 ], [ -2.0787838, 8.2273573 ], [ -2.0758324, 8.2259372 ], [ -2.0736491, 8.223246 ], [ -2.0713856, 8.2204049 ], [ -2.0691617, 8.2176028 ], [ -2.0669476, 8.21482 ], [ -2.0647073, 8.2120164 ], [ -2.0624248, 8.2091849 ], [ -2.0602038, 8.2063781 ], [ -2.0581837, 8.2038161 ], [ -2.0558247, 8.2008859 ], [ -2.0537245, 8.1982537 ], [ -2.0515942, 8.1955951 ], [ -2.0494048, 8.1928512 ], [ -2.0472021, 8.1900676 ], [ -2.0449302, 8.1872574 ], [ -2.0427188, 8.1844996 ], [ -2.0406467, 8.1818866 ], [ -2.0384755, 8.1791812 ], [ -2.0362017, 8.1763451 ], [ -2.0339459, 8.1735162 ], [ -2.0318867, 8.1709243 ], [ -2.0297208, 8.1682341 ], [ -2.0277963, 8.1658353 ], [ -2.026997, 8.1627422 ], [ -2.0262238, 8.1597639 ], [ -2.025383, 8.156386 ], [ -2.0242953, 8.152335 ], [ -2.0235906, 8.1496859 ], [ -2.0228516, 8.1468907 ], [ -2.020669, 8.1444426 ], [ -2.018595, 8.1420928 ], [ -2.0159335, 8.1391031 ], [ -2.0138669, 8.1367798 ], [ -2.0112678, 8.1338458 ], [ -2.0090899, 8.1313817 ], [ -2.0067215, 8.1287411 ], [ -2.0042659, 8.1260075 ], [ -2.0019418, 8.1233893 ], [ -1.9997035, 8.1208469 ], [ -1.9976449, 8.1185381 ], [ -1.9958854, 8.1165731 ], [ -1.9925326, 8.1158217 ], [ -1.9890136, 8.1150755 ], [ -1.9855776, 8.1143241 ], [ -1.9819701, 8.1135115 ], [ -1.9785959, 8.1127786 ], [ -1.9750848, 8.1120139 ], [ -1.9716463, 8.1112518 ], [ -1.9683257, 8.1105269 ], [ -1.9651124, 8.1098259 ], [ -1.961529, 8.1090425 ], [ -1.9581735, 8.1082937 ], [ -1.9546303, 8.1075183 ], [ -1.9511662, 8.1067642 ], [ -1.9473803, 8.1059251 ], [ -1.9442207, 8.105236 ], [ -1.9407874, 8.1044858 ], [ -1.9373328, 8.1037277 ], [ -1.933815, 8.1029484 ], [ -1.9304127, 8.1022101 ], [ -1.9268627, 8.1014308 ], [ -1.9234926, 8.1006912 ], [ -1.920125, 8.0999504 ], [ -1.9167857, 8.0992161 ], [ -1.9134155, 8.0984792 ], [ -1.9099166, 8.0977105 ], [ -1.9066255, 8.0969895 ], [ -1.9032754, 8.0962513 ], [ -1.8998221, 8.0954932 ], [ -1.8963285, 8.094733 ], [ -1.892975, 8.0939922 ], [ -1.8894781, 8.0932141 ], [ -1.8862306, 8.0925084 ], [ -1.8825848, 8.0917051 ], [ -1.879271, 8.0909775 ], [ -1.8758351, 8.0902286 ], [ -1.8724246, 8.0894705 ], [ -1.8693267, 8.0887894 ], [ -1.8657607, 8.0880219 ], [ -1.7945263, 8.0723591 ], [ -1.7916164, 8.0717193 ], [ -1.7881188, 8.071872 ], [ -1.7845877, 8.0720406 ], [ -1.7810203, 8.0721986 ], [ -1.777571, 8.0723686 ], [ -1.7739876, 8.0725292 ], [ -1.770498, 8.0726846 ], [ -1.7671305, 8.0728426 ], [ -1.76383, 8.0729927 ], [ -1.7600988, 8.0731634 ], [ -1.7569542, 8.0733073 ], [ -1.7535304, 8.0734667 ], [ -1.750761, 8.073622 ], [ -1.7482035, 8.0737774 ], [ -1.745178, 8.0739566 ], [ -1.7415476, 8.0741492 ], [ -1.7377979, 8.0743537 ], [ -1.734944, 8.0745183 ], [ -1.7307571, 8.0773253 ], [ -1.7274271, 8.0795361 ], [ -1.7255584, 8.0826338 ], [ -1.7239308, 8.0853318 ], [ -1.7223725, 8.0879024 ], [ -1.7204359, 8.0911581 ], [ -1.7175069, 8.0914953 ], [ -1.7144519, 8.0918538 ], [ -1.7070812, 8.0893683 ], [ -1.7067097, 8.089104 ], [ -1.7069364, 8.0885132 ] ] } },
{ "type": "Feature", "properties": { "line_id": 246515915, "circuits": 1.0, "tag_frequency": 50.0, "tag_type": "line", "voltage": 161000, "bus0": null, "bus1": null, "length": null, "underground": false, "under_construction": "False", "dc": false, "country": "GH" }, "geometry": { "type": "LineString", "coordinates": [ [ -2.2326943, 8.276673900000016 ], [ -2.2326064, 8.276334300000013 ], [ -2.2302353, 8.274338300000013 ], [ -2.227177, 8.2717511 ], [ -2.223604, 8.2703502 ], [ -2.2205309, 8.2691537 ], [ -2.2172288, 8.267886499999971 ], [ -2.2139219, 8.266541 ], [ -2.2105848, 8.265258499999973 ], [ -2.2072611, 8.263952799999975 ], [ -2.2040113, 8.262663699999976 ], [ -2.2007044, 8.261368 ], [ -2.1974915, 8.260125399999975 ], [ -2.1942686, 8.258856299999973 ], [ -2.1908879, 8.257497399999972 ], [ -2.1880495, 8.2563966 ], [ -2.1853107, 8.2542212 ], [ -2.1824849, 8.2519813 ], [ -2.1797705, 8.2498624 ], [ -2.1771512, 8.2477972 ], [ -2.1745211, 8.2457159 ], [ -2.1718176, 8.243554 ], [ -2.1690923, 8.2414108 ], [ -2.1663453, 8.2392488 ], [ -2.1636336, 8.2371271 ], [ -2.1611774, 8.2351426 ], [ -2.1576614, 8.2349947 ], [ -2.1541917, 8.2347957 ], [ -2.1506757, 8.2346316 ], [ -2.1464316, 8.2344058 ], [ -2.1417691, 8.2341826 ], [ -2.1378048, 8.2339836 ], [ -2.134009, 8.2337873 ], [ -2.1306317, 8.2336232 ], [ -2.1270559, 8.2334404 ], [ -2.1234694, 8.2332602 ], [ -2.1201599, 8.2331123 ], [ -2.1168288, 8.2329348 ], [ -2.1134541, 8.2327842 ], [ -2.109949, 8.2317032 ], [ -2.1065092, 8.2306141 ], [ -2.1031291, 8.2295707 ], [ -2.0997382, 8.2284951 ], [ -2.0963635, 8.2274383 ], [ -2.0929912, 8.226398200000014 ], [ -2.0896318, 8.225345200000016 ], [ -2.0861423, 8.224248700000016 ], [ -2.0829247, 8.2232647 ], [ -2.0805554, 8.2206374 ], [ -2.0781209, 8.2178648 ], [ -2.0758765, 8.2153127 ], [ -2.0734857, 8.21262520000001 ], [ -2.0711602, 8.20995460000001 ], [ -2.0688106, 8.20728260000001 ], [ -2.0665334, 8.20463180000001 ], [ -2.0641959, 8.201970400000011 ], [ -2.061804, 8.19924 ], [ -2.0596301, 8.19676110000001 ], [ -2.0574059, 8.19422240000001 ], [ -2.0551126, 8.191608 ], [ -2.0534214, 8.1887109 ], [ -2.0516398, 8.1856618 ], [ -2.0498702, 8.1826273 ], [ -2.048116, 8.1796033 ], [ -2.0464316, 8.176762500000017 ], [ -2.0446305, 8.173649600000017 ], [ -2.0412415, 8.167841800000017 ], [ -2.0383032, 8.162785400000017 ], [ -2.0391145, 8.156867200000017 ], [ -2.0394927, 8.153991800000016 ], [ -2.0400399, 8.150148500000016 ], [ -2.0404536, 8.1469723 ], [ -2.0409264, 8.143431 ], [ -2.041375, 8.140049 ], [ -2.0418718, 8.1363948 ], [ -2.0423318, 8.1329895 ], [ -2.0427744, 8.1297474 ], [ -2.0431982, 8.1266248 ], [ -2.045745, 8.1078025 ], [ -2.0446466, 8.0973918 ], [ -2.0442684, 8.09377170000001 ], [ -2.0439197, 8.09029770000001 ], [ -2.0435523, 8.0868243 ], [ -2.0431808, 8.0832791 ], [ -2.0428321, 8.0800084 ], [ -2.0425095, 8.0768466 ], [ -2.042189, 8.0737767 ], [ -2.0419154, 8.0710441 ], [ -2.0420656, 8.067846 ], [ -2.0425719, 8.05724310000001 ], [ -2.0432585, 8.0434125 ], [ -2.0434346, 8.04005850000001 ], [ -2.0436788, 8.034151200000013 ], [ -2.0437749, 8.03314560000001 ], [ -2.0459616, 8.03083180000001 ], [ -2.0483941, 8.028231300000012 ], [ -2.0507037, 8.025785600000011 ], [ -2.0530947, 8.023253900000011 ], [ -2.0555499, 8.020628500000011 ], [ -2.0579375, 8.01807530000001 ], [ -2.0602412, 8.0156717 ], [ -2.0624339, 8.0133793 ], [ -2.0617248, 8.007129100000011 ], [ -2.0604983, 7.996526500000024 ], [ -2.0604006, 7.995682200000024 ], [ -2.0601173, 7.993233700000024 ], [ -2.0600863, 7.992965400000011 ], [ -2.0600661, 7.992791200000024 ], [ -2.0596815, 7.98947560000001 ], [ -2.0592971, 7.986218200000024 ], [ -2.0592712, 7.98599910000001 ], [ -2.058873, 7.9824353 ], [ -2.0584758, 7.9790029 ], [ -2.0580821, 7.975504 ], [ -2.05921, 7.968649 ], [ -2.0597832, 7.9651148 ], [ -2.0608823, 7.9584152 ], [ -2.0614723, 7.9549778 ], [ -2.0620239, 7.9514126 ], [ -2.0626098, 7.9479261 ], [ -2.0631815, 7.944489 ], [ -2.0637415, 7.9410162 ], [ -2.0643302, 7.937672 ], [ -2.0649014, 7.9341396 ], [ -2.0655506, 7.930442 ], [ -2.0661083, 7.9271192 ], [ -2.0666427, 7.9235746 ], [ -2.067259, 7.9201197 ], [ -2.0678073, 7.9166198 ], [ -2.0684384, 7.913102 ], [ -2.0689539, 7.9097668 ], [ -2.0695895, 7.906022 ], [ -2.0706871, 7.9029457 ], [ -2.0718608, 7.8995572 ], [ -2.0730509, 7.8962803 ], [ -2.0742156, 7.8929502 ], [ -2.0753584, 7.889647 ], [ -2.0765783, 7.8862939 ], [ -2.077744, 7.8829515 ], [ -2.0788093, 7.8797723 ], [ -2.0799831, 7.8765041 ], [ -2.0811083, 7.8733394 ], [ -2.082355, 7.8698575 ], [ -2.0835269, 7.8664685 ], [ -2.0847002, 7.8631785 ], [ -2.0857826, 7.8600944 ], [ -2.0869905, 7.856639 ], [ -2.0880414, 7.8536415 ], [ -2.0903407, 7.8512599 ], [ -2.0927733, 7.8487289 ], [ -2.0950855, 7.8463687 ], [ -2.0972947, 7.8440672 ], [ -2.0998825, 7.841382 ], [ -2.1022729, 7.8389237 ], [ -2.104824, 7.8362707 ], [ -2.1069846, 7.8340413 ], [ -2.108994, 7.8319457 ], [ -2.1118693, 7.8289802 ], [ -2.1144734, 7.8262275 ], [ -2.1164532, 7.8242198 ], [ -2.1188317, 7.8217559 ], [ -2.1210817, 7.8194335 ], [ -2.1237565, 7.816651 ], [ -2.1259815, 7.8143517 ], [ -2.1287253, 7.811501 ], [ -2.131855, 7.8082937 ], [ -2.133586, 7.806450799999954 ] ] } },
{ "type": "Feature", "properties": { "line_id": 246515916, "circuits": 1.0, "tag_frequency": 50.0, "tag_type": "line", "voltage": 161000, "bus0": null, "bus1": null, "length": null, "underground": false, "under_construction": "False", "dc": false, "country": "GH" }, "geometry": { "type": "LineString", "coordinates": [ [ -2.4239033, 9.260033399999982 ], [ -2.4242524, 9.2593014 ], [ -2.4257348, 9.2563444 ], [ -2.4270347, 9.2537202 ], [ -2.4284837, 9.2507864 ], [ -2.4298406, 9.2480577 ], [ -2.4310366, 9.2456386 ], [ -2.4325366, 9.2426621 ], [ -2.4339346, 9.2398579 ], [ -2.4353522, 9.2369859 ], [ -2.4368385, 9.234021 ], [ -2.4382345, 9.2311876 ], [ -2.43956, 9.2285516 ], [ -2.441007, 9.2255867 ], [ -2.4424344, 9.2227668 ], [ -2.443654, 9.2203398 ], [ -2.4449442, 9.2177386 ], [ -2.4462952, 9.2149728 ], [ -2.4477481, 9.2120658 ], [ -2.4491951, 9.2091452 ], [ -2.4506539, 9.2062265 ], [ -2.4519852, 9.2035439 ], [ -2.4532382, 9.2010529 ], [ -2.4546283, 9.198256 ], [ -2.4560871, 9.1952908 ], [ -2.4575185, 9.1924358 ], [ -2.458991, 9.189455 ], [ -2.4604321, 9.186573 ], [ -2.4618596, 9.1836637 ], [ -2.4633144, 9.1807487 ], [ -2.4647693, 9.1778201 ], [ -2.4651222, 9.1749534 ], [ -2.4654517, 9.1723499 ], [ -2.465785, 9.1696167 ], [ -2.466183, 9.1665564 ], [ -2.466585, 9.1634457 ], [ -2.466965, 9.1602279 ], [ -2.4673307, 9.1571783 ], [ -2.4677384, 9.1541259 ], [ -2.4681403, 9.1507905 ], [ -2.4684972, 9.1478752 ], [ -2.4686173, 9.1468946 ], [ -2.4688913, 9.1446579 ], [ -2.4693011, 9.1415102 ], [ -2.4696061, 9.13906 ], [ -2.469703, 9.1382812 ], [ -2.4700618, 9.1354064 ], [ -2.4701133, 9.134996 ], [ -2.4703471, 9.1331321 ], [ -2.4704265, 9.1324987 ], [ -2.4708108, 9.1294303 ], [ -2.4712167, 9.1260676 ], [ -2.4716049, 9.1230437 ], [ -2.471765, 9.121799399999974 ], [ -2.4719853, 9.1200875 ], [ -2.472062699999989, 9.119505 ], [ -2.472238399999989, 9.118181599999973 ], [ -2.472321099999989, 9.117558399999973 ], [ -2.4724285, 9.1167499 ], [ -2.472532899999989, 9.115946599999972 ], [ -2.473058799999989, 9.111898099999973 ], [ -2.4732049, 9.1107735 ], [ -2.473208599999988, 9.11075160000002 ], [ -2.473307299999989, 9.110163299999972 ], [ -2.4735873, 9.1077068 ], [ -2.4739883, 9.1046504 ], [ -2.4740265, 9.1043594 ], [ -2.47407, 9.1040236 ], [ -2.4743607, 9.1017792 ], [ -2.4744049, 9.1014379 ], [ -2.4744291, 9.1012494 ], [ -2.4747617, 9.0986616 ], [ -2.475148, 9.0957246 ], [ -2.4755774, 9.09247 ], [ -2.4759323, 9.0897304 ], [ -2.4762911, 9.0870043 ], [ -2.4764049, 9.086076199999974 ], [ -2.4766323, 9.0842163 ], [ -2.4767615, 9.0832133 ], [ -2.4769813, 9.0815076 ], [ -2.4770711, 9.080844499999989 ], [ -2.4770987, 9.080641099999989 ], [ -2.4772357, 9.079629799999989 ], [ -2.4772676, 9.079394 ], [ -2.4773423, 9.078842899999989 ], [ -2.4773695, 9.078642 ], [ -2.4775186, 9.0774976 ], [ -2.4775744, 9.0770698 ], [ -2.4776345, 9.076608699999989 ], [ -2.4777177, 9.0759698 ], [ -2.4777416, 9.075786399999989 ], [ -2.4777754, 9.0755267 ], [ -2.4778903, 9.0746212 ], [ -2.4780048, 9.0737186 ], [ -2.4781382, 9.0726669 ], [ -2.4781671, 9.0724621 ], [ -2.4782136, 9.0721321 ], [ -2.478258, 9.071816599999989 ], [ -2.4786012, 9.0693819 ], [ -2.478622, 9.0692344 ], [ -2.4788956, 9.0669105 ], [ -2.4789225, 9.066682 ], [ -2.4790247, 9.0658139 ], [ -2.4792323, 9.0640506 ], [ -2.4793241, 9.063268 ], [ -2.4793882, 9.0627225 ], [ -2.4794946, 9.0618157 ], [ -2.4796133, 9.060804 ], [ -2.4796549, 9.060449899999989 ], [ -2.4799213, 9.0581796 ], [ -2.4803248, 9.054907 ], [ -2.4806875, 9.0517895 ], [ -2.4810718, 9.0486681 ], [ -2.4814345, 9.0454917 ], [ -2.4818158, 9.0423452 ], [ -2.4820974, 9.03982240000003 ], [ -2.4821782, 9.039276 ], [ -2.4825718, 9.035942 ], [ -2.4828738, 9.0332737 ], [ -2.4816777, 9.0312675 ], [ -2.4798542, 9.0283764 ], [ -2.4784927, 9.026149899999963 ], [ -2.4783026, 9.025839099999963 ], [ -2.4782366, 9.0257312 ], [ -2.4764268, 9.0228187 ], [ -2.4747935, 9.0201812 ], [ -2.4730779, 9.0174159 ], [ -2.4713851, 9.0146676 ], [ -2.469677, 9.0119016 ], [ -2.4679606, 9.0091108 ], [ -2.4663967, 9.0066131 ], [ -2.4648383, 9.0041072 ], [ -2.4630719, 9.0012397 ], [ -2.461533, 8.9986488 ], [ -2.4597721, 8.9958484 ], [ -2.4580336, 8.9931055 ], [ -2.4564197, 8.9905359 ], [ -2.4546968, 8.987753400000019 ], [ -2.4531144, 8.9851272 ], [ -2.4513397, 8.9822322 ], [ -2.4496122, 8.979422 ], [ -2.4479706, 8.976757 ], [ -2.4462209, 8.9738839 ], [ -2.4446099, 8.9712353 ], [ -2.4429018, 8.9684607 ], [ -2.4411881, 8.9656669 ], [ -2.4395105, 8.962947 ], [ -2.4379882, 8.960438 ], [ -2.4359806, 8.9580769 ], [ -2.4337816, 8.9555131 ], [ -2.4317325, 8.9531301 ], [ -2.429675, 8.9507196 ], [ -2.4275731, 8.9482653 ], [ -2.4254435, 8.94577 ], [ -2.4232945, 8.9432609 ], [ -2.4207822, 8.9403518 ], [ -2.418758, 8.9379687 ], [ -2.4168784, 8.935771 ], [ -2.4147262, 8.9332544 ], [ -2.4127019, 8.9308767 ], [ -2.4106944, 8.9285647 ], [ -2.4085315, 8.9259925 ], [ -2.4065183, 8.9236476 ], [ -2.4044692, 8.9212644 ], [ -2.4022758, 8.9186921 ], [ -2.4004429, 8.9165389 ], [ -2.3984769, 8.9142844 ], [ -2.3963528, 8.9117422 ], [ -2.3942454, 8.9092877 ], [ -2.3920853, 8.9068002 ], [ -2.3900112, 8.9043758 ], [ -2.3878372, 8.9018034 ], [ -2.3857658, 8.8993789 ], [ -2.3836335, 8.8968558 ], [ -2.3817229, 8.8946669 ], [ -2.3797985, 8.8924232 ], [ -2.3776246, 8.8898781 ], [ -2.3755671, 8.88747 ], [ -2.3734042, 8.8849468 ], [ -2.3713522, 8.882555 ], [ -2.3691755, 8.8799962 ], [ -2.3670681, 8.8775497 ], [ -2.3650383, 8.8751552 ], [ -2.3630917, 8.8728839 ], [ -2.3611562, 8.8706264 ], [ -2.359046, 8.8681853 ], [ -2.356922, 8.8656975 ], [ -2.3548894, 8.8632482 ], [ -2.3527931, 8.8608399 ], [ -2.3506691, 8.8583439 ], [ -2.3485533, 8.8558698 ], [ -2.3464709, 8.8534231 ], [ -2.3448931, 8.8515819 ], [ -2.3443024, 8.8491516 ], [ -2.3435205, 8.8459267 ], [ -2.3427829, 8.8427758 ], [ -2.342073, 8.8397865 ], [ -2.3414075, 8.8370218 ], [ -2.3407282, 8.8341339 ], [ -2.3400155, 8.8312048 ], [ -2.3391947, 8.8277742 ], [ -2.3385098, 8.8249054 ], [ -2.3377374, 8.8216361 ], [ -2.3370319, 8.8186497 ], [ -2.3363109, 8.8156547 ], [ -2.3355622, 8.8124898 ], [ -2.3347997, 8.8093194 ], [ -2.3340504, 8.8061371 ], [ -2.333325, 8.8029671 ], [ -2.3325524, 8.7997816 ], [ -2.3317995, 8.7966116 ], [ -2.3310779, 8.7934532 ], [ -2.3303329, 8.7904071 ], [ -2.3296819, 8.7875664 ], [ -2.3289839, 8.7846288 ], [ -2.3282662, 8.7814663 ], [ -2.3275676, 8.7785941 ], [ -2.3268272, 8.7754207 ], [ -2.3260841, 8.7722747 ], [ -2.3253326, 8.7690875 ], [ -2.3246034, 8.7660099 ], [ -2.3238491, 8.7628445 ], [ -2.3230949, 8.7597011 ], [ -2.322446, 8.756829 ], [ -2.3217833, 8.753924 ], [ -2.3209718, 8.750694600000017 ], [ -2.3202749, 8.7476863 ], [ -2.3195012, 8.744391800000017 ], [ -2.3187913, 8.741369 ], [ -2.3180537, 8.7381541 ], [ -2.3173232, 8.735251100000017 ], [ -2.3166118, 8.7320779 ], [ -2.3158909, 8.7289534 ], [ -2.3151505, 8.7257823 ], [ -2.3143907, 8.7226358 ], [ -2.3136455, 8.71964 ], [ -2.3129211, 8.7163071 ], [ -2.3124774, 8.7144653 ], [ -2.3114269, 8.710241100000017 ], [ -2.310569, 8.706513 ], [ -2.3098653, 8.7033727 ], [ -2.3090817, 8.700204200000018 ], [ -2.3083569, 8.6970491 ], [ -2.3076193, 8.6938942 ], [ -2.3069058, 8.690945100000018 ], [ -2.3062522, 8.6880365 ], [ -2.3055059, 8.684951800000018 ], [ -2.3047158, 8.681685800000018 ], [ -2.3040339, 8.6786235 ], [ -2.3032658, 8.6753286 ], [ -2.3025781, 8.6723599 ], [ -2.3018655, 8.6692897 ], [ -2.3011601, 8.6663153 ], [ -2.3003887, 8.6630055 ], [ -2.2997361, 8.6602054 ], [ -2.2978561, 8.6577233 ], [ -2.2960012, 8.6552111 ], [ -2.293966, 8.6524934 ], [ -2.2921111, 8.6499754 ], [ -2.2902204, 8.6474464 ], [ -2.288214, 8.6447629 ], [ -2.2863455, 8.6422347 ], [ -2.2843351, 8.6395262 ], [ -2.2820953, 8.6365584 ], [ -2.2804189, 8.6343019 ], [ -2.2787535, 8.6320761 ], [ -2.2767797, 8.6294381 ], [ -2.2749504, 8.626982 ], [ -2.2729504, 8.6242971 ], [ -2.2707191, 8.6212729 ], [ -2.2690446, 8.6190435 ], [ -2.2672564, 8.6166241 ], [ -2.265329, 8.6140574 ], [ -2.2635447, 8.611667 ], [ -2.2615898, 8.6090363 ], [ -2.2598467, 8.6066808 ], [ -2.2581299, 8.6043757 ], [ -2.2559282, 8.6014393 ], [ -2.2542641, 8.5991629 ], [ -2.2525372, 8.5968565 ], [ -2.2503718, 8.5939644 ], [ -2.2483169, 8.5911939 ], [ -2.2464691, 8.5887163 ], [ -2.2444621, 8.5860252 ], [ -2.2423654, 8.5832179 ], [ -2.240556, 8.5807843 ], [ -2.238481, 8.5779936 ], [ -2.2366677, 8.5755548 ], [ -2.2346351, 8.5728211 ], [ -2.2328244, 8.5704082 ], [ -2.2310719, 8.5680584 ], [ -2.229117, 8.5654261 ], [ -2.2271732, 8.5628541 ], [ -2.2254669, 8.5605247 ], [ -2.223297, 8.5576108 ], [ -2.221699, 8.5554647 ], [ -2.2198182, 8.5529539 ], [ -2.2177949, 8.5502528 ], [ -2.2159616, 8.5477593 ], [ -2.2139366, 8.5450994 ], [ -2.2120048, 8.5425618 ], [ -2.2100194, 8.5398772 ], [ -2.2081726, 8.537316 ], [ -2.2062349, 8.5347267 ], [ -2.2042762, 8.5320738 ], [ -2.2024683, 8.5296771 ], [ -2.2009848, 8.5276807 ], [ -2.1992545, 8.5253498 ], [ -2.1973467, 8.5227913 ], [ -2.1954556, 8.5202574 ], [ -2.1935589, 8.5177399 ], [ -2.1916095, 8.5150963 ], [ -2.1897129, 8.5125295 ], [ -2.1876886, 8.5098529 ], [ -2.1858197, 8.5073409 ], [ -2.1841171, 8.5050592 ], [ -2.1823924, 8.5027254 ], [ -2.1804763, 8.5002023 ], [ -2.1785574, 8.4976326 ], [ -2.1765942, 8.4949806 ], [ -2.1747253, 8.4924521 ], [ -2.1727953, 8.4898823 ], [ -2.1709541, 8.4873702 ], [ -2.1690287, 8.4848137 ], [ -2.1672051, 8.4823924 ], [ -2.1657271, 8.4803954 ], [ -2.1646605, 8.4781962 ], [ -2.1632468, 8.4752251 ], [ -2.1618958, 8.4724558 ], [ -2.160588, 8.4696999 ], [ -2.1593233, 8.4670954 ], [ -2.1580508, 8.4644481 ], [ -2.1559607, 8.4619075 ], [ -2.1537587, 8.4592757 ], [ -2.152549, 8.4567467 ], [ -2.1512531, 8.4540957 ], [ -2.1499698, 8.4514186 ], [ -2.1485736, 8.448556500000013 ], [ -2.1472922, 8.445894300000013 ], [ -2.1459853, 8.443197900000014 ], [ -2.1447024, 8.440492100000014 ], [ -2.1435838, 8.4381719 ], [ -2.1430328, 8.435500500000014 ], [ -2.1416102, 8.428604700000013 ], [ -2.1409535, 8.425421300000014 ], [ -2.1402953, 8.422230600000015 ], [ -2.1396359, 8.419034 ], [ -2.1389769, 8.415850300000015 ], [ -2.1383464, 8.4126692 ], [ -2.1377006, 8.409555400000016 ], [ -2.1370384, 8.406362300000016 ], [ -2.1363806, 8.403190500000015 ], [ -2.1357194, 8.400002400000016 ], [ -2.1350574, 8.396809900000015 ], [ -2.1343962, 8.393621900000015 ], [ -2.1337246, 8.3903834 ], [ -2.1330704, 8.387255200000016 ], [ -2.1322695, 8.383425600000017 ], [ -2.1316754, 8.380539500000017 ], [ -2.1309564, 8.3770492 ], [ -2.1303604, 8.374170100000017 ], [ -2.1296995, 8.370977700000017 ], [ -2.1290394, 8.367788600000017 ], [ -2.1284325, 8.3646133 ], [ -2.1277812, 8.3614123 ], [ -2.1271164, 8.358215 ], [ -2.1264324, 8.3550348 ], [ -2.12576, 8.3518337 ], [ -2.1251529, 8.3488778 ], [ -2.1245938, 8.3461499 ], [ -2.1238963, 8.3427834 ], [ -2.1232824, 8.3397705 ], [ -2.1225786, 8.3364907 ], [ -2.1219537, 8.3333936 ], [ -2.1212989, 8.3301756 ], [ -2.1206278, 8.3269978 ], [ -2.1199757, 8.3238228 ], [ -2.1193006, 8.3206237 ], [ -2.1187338, 8.3178216 ], [ -2.1181286, 8.3148711 ], [ -2.1174716, 8.3116697 ], [ -2.1168029, 8.3084739 ], [ -2.1161536, 8.3052971 ], [ -2.1154849, 8.3021051 ], [ -2.1148279, 8.2989339 ], [ -2.1141689, 8.2957248 ], [ -2.1135123, 8.2925535 ], [ -2.1128575, 8.2893539 ], [ -2.1122326, 8.2863721 ], [ -2.1116457, 8.2834871 ], [ -2.1109963, 8.2803063 ], [ -2.1103227, 8.2771205 ], [ -2.1096522, 8.2739206 ], [ -2.108999, 8.2707341 ], [ -2.10834, 8.267557 ], [ -2.1076829, 8.2643532 ], [ -2.1070873, 8.2614423 ], [ -2.1064821, 8.2584686 ], [ -2.105898, 8.2557572 ], [ -2.1048605, 8.2526485 ], [ -2.103851, 8.2496859 ], [ -2.10285, 8.2468429 ], [ -2.1020264, 8.244463500000018 ], [ -2.1038284, 8.2424065 ], [ -2.1056733, 8.2402014 ], [ -2.1078823, 8.2382653 ], [ -2.1103685, 8.2360334 ], [ -2.1129253, 8.2338149 ], [ -2.1164711, 8.2339036 ], [ -2.1199734, 8.2340865 ], [ -2.123598, 8.2342667 ], [ -2.1270569, 8.2344092 ], [ -2.1307631, 8.2345786 ], [ -2.1340236, 8.2347292 ], [ -2.1378248, 8.2349174 ], [ -2.1424928, 8.2351836 ], [ -2.1461201, 8.2353127 ], [ -2.1502909, 8.2355117 ], [ -2.1540215, 8.235708 ], [ -2.1572956, 8.235872 ], [ -2.1608523, 8.2360334 ], [ -2.1631374, 8.2378297 ], [ -2.1661126, 8.2401692 ], [ -2.1686613, 8.2421833 ], [ -2.1713322, 8.2443049 ], [ -2.1741009, 8.2465072 ], [ -2.1766604, 8.2484863 ], [ -2.1793694, 8.2506214 ], [ -2.1821245, 8.252821 ], [ -2.184828, 8.2549641 ], [ -2.1876538, 8.2571959 ], [ -2.1907281, 8.258411699999973 ], [ -2.1941692, 8.259770599999975 ], [ -2.1974392, 8.261019799999977 ], [ -2.2007427, 8.262312199999975 ], [ -2.2041167, 8.263651199999977 ], [ -2.2073699, 8.264907 ], [ -2.2106063, 8.266172799999973 ], [ -2.2139803, 8.267508399999972 ], [ -2.2171126, 8.268737699999974 ], [ -2.2204674, 8.2700566 ], [ -2.2234643, 8.2712235 ], [ -2.2268689, 8.2725653 ], [ -2.2298223, 8.274904900000013 ], [ -2.2321398, 8.276800100000013 ], [ -2.232383, 8.276991900000016 ] ] } },
{ "type": "Feature", "properties": { "line_id": 246515917, "circuits": 1.0, "tag_frequency": 50.0, "tag_type": "line", "voltage": 161000, "bus0": null, "bus1": null, "length": null, "underground": false, "under_construction": "False", "dc": false, "country": "GH" }, "geometry": { "type": "LineString", "coordinates": [ [ -1.926899, 7.5763662 ], [ -1.9272334, 7.576037800000029 ], [ -1.9297, 7.5746443 ], [ -1.9333092, 7.5739913 ], [ -1.9356597, 7.5736033 ], [ -1.9381368, 7.57314129999998 ], [ -1.9403635, 7.572726 ], [ -1.9439291, 7.571355599999952 ], [ -1.9470848, 7.570157099999951 ], [ -1.950279, 7.571392 ], [ -1.9541969, 7.572884 ], [ -1.9574892, 7.574146799999951 ], [ -1.9597057, 7.576896199999951 ], [ -1.9598955, 7.57712780000004 ], [ -1.9599313, 7.577171600000041 ], [ -1.9600238, 7.57728450000004 ], [ -1.9618644, 7.579531099999952 ], [ -1.9637749, 7.581886699999951 ], [ -1.9669987, 7.583603699999951 ], [ -1.9698285, 7.585116699999952 ], [ -1.9731564, 7.586907299999951 ], [ -1.975954, 7.588395799999951 ], [ -1.9798791, 7.590498399999951 ], [ -1.983318, 7.59232889999995 ], [ -1.9867227, 7.59412439999995 ], [ -1.9909946, 7.59640869999995 ], [ -1.9936758, 7.597848 ], [ -1.9962677, 7.59921609999995 ], [ -1.9999772, 7.60121789999995 ], [ -2.0026484, 7.602615499999951 ], [ -2.0057533, 7.604253699999951 ], [ -2.0087466, 7.605867399999951 ], [ -2.0118193, 7.607503199999951 ], [ -2.0151571, 7.609279 ], [ -2.0181628, 7.610902499999951 ], [ -2.0212726, 7.612533399999951 ], [ -2.0245931, 7.614316499999951 ], [ -2.028009400000011, 7.616133499999989 ], [ -2.030926800000011, 7.6176852 ], [ -2.033847700000011, 7.6192711 ], [ -2.03679360000001, 7.6208422 ], [ -2.04018740000001, 7.622642699999989 ], [ -2.04320710000001, 7.6242448 ], [ -2.04623490000001, 7.6258512 ], [ -2.04928810000001, 7.6275051 ], [ -2.05290850000001, 7.6294178 ], [ -2.05607560000001, 7.631091 ], [ -2.058726, 7.6325111 ], [ -2.061523500000011, 7.6340099 ], [ -2.0647511, 7.635674500000011 ], [ -2.067444, 7.637625800000011 ], [ -2.069812900000011, 7.639508499999989 ], [ -2.072150500000011, 7.64131 ], [ -2.074581300000011, 7.643147299999989 ], [ -2.077733, 7.645493799999989 ], [ -2.080308900000011, 7.647463499999989 ], [ -2.0832476, 7.649710700000011 ], [ -2.0861129, 7.651815699999952 ], [ -2.0889992, 7.653964699999952 ], [ -2.0915887, 7.655929399999952 ], [ -2.0939452, 7.657702499999952 ], [ -2.0973301, 7.660352399999953 ], [ -2.0996123, 7.662019899999953 ], [ -2.1025079, 7.664259399999953 ], [ -2.1053184, 7.666405699999952 ], [ -2.1081429, 7.668506899999953 ], [ -2.1109499, 7.670660099999952 ], [ -2.113862, 7.672917599999952 ], [ -2.1165989, 7.674980499999952 ], [ -2.1195215, 7.677175399999952 ], [ -2.1214909, 7.678668799999952 ], [ -2.1211755, 7.681631199999952 ], [ -2.1208531, 7.685305499999952 ], [ -2.1204396, 7.689545799999952 ], [ -2.1200752, 7.693199199999952 ], [ -2.1197282, 7.696755399999953 ], [ -2.1193778, 7.700318399999952 ], [ -2.1190624, 7.703641799999953 ], [ -2.1187365, 7.707329799999953 ], [ -2.1183896, 7.710816399999953 ], [ -2.1180427, 7.714379299999953 ], [ -2.1177062, 7.717931799999953 ], [ -2.1173944, 7.721262 ], [ -2.1170159, 7.725151299999952 ], [ -2.1167075, 7.728446699999952 ], [ -2.116329, 7.732315099999952 ], [ -2.1157824, 7.736454199999952 ], [ -2.1153443, 7.739232199999952 ], [ -2.1149133, 7.742169799999952 ], [ -2.1143666, 7.745899199999952 ], [ -2.1138269, 7.749788199999952 ], [ -2.1133363, 7.753132099999952 ], [ -2.1128632, 7.756205099999953 ], [ -2.1124182, 7.759882199999953 ], [ -2.111889, 7.763121799999952 ], [ -2.1114089, 7.766323199999952 ], [ -2.1109148, 7.769993299999952 ], [ -2.1104242, 7.773177199999953 ], [ -2.1099616, 7.776243099999952 ], [ -2.1094956, 7.779597199999952 ], [ -2.1089664, 7.783347 ], [ -2.1083882, 7.787176699999953 ], [ -2.1079221, 7.790520199999953 ], [ -2.1073719, 7.794204 ], [ -2.1068708, 7.797616899999954 ], [ -2.1064082, 7.800884 ], [ -2.1053429, 7.803835099999954 ], [ -2.1039412, 7.807744499999954 ], [ -2.1026866, 7.811192 ], [ -2.1014776, 7.814493699999954 ], [ -2.1002511, 7.817857899999954 ], [ -2.0989089, 7.821555299999954 ], [ -2.097777, 7.824659 ], [ -2.0966837, 7.827634299999954 ], [ -2.0955868, 7.830800399999953 ], [ -2.0943218, 7.834390099999953 ], [ -2.0931863, 7.837611799999953 ], [ -2.0920264, 7.840996599999953 ], [ -2.0907894, 7.844419599999953 ], [ -2.0895944, 7.847804299999953 ], [ -2.0883679, 7.851258499999953 ], [ -2.0871694, 7.854650099999953 ], [ -2.0859709, 7.858072899999953 ], [ -2.084832, 7.861176399999953 ], [ -2.0836338, 7.86455890000001 ], [ -2.082534900000011, 7.867679099999989 ], [ -2.081244, 7.871344700000011 ], [ -2.0801738, 7.874426800000011 ], [ -2.078892300000011, 7.878050799999989 ], [ -2.077723800000011, 7.881403499999989 ], [ -2.0765072, 7.884719500000011 ], [ -2.0753565, 7.888165500000011 ], [ -2.074177600000012, 7.891450499999989 ], [ -2.0729613, 7.894980200000011 ], [ -2.071738, 7.898436399999989 ], [ -2.0706895, 7.901398900000011 ], [ -2.069641, 7.904361899999989 ], [ -2.068270800000011, 7.908233799999989 ], [ -2.067245300000011, 7.911131799999989 ], [ -2.0661458, 7.914238800000011 ], [ -2.065041100000011, 7.917375399999989 ], [ -2.063901800000011, 7.9206104 ], [ -2.062704900000011, 7.924008899999989 ], [ -2.061526700000011, 7.927354199999989 ], [ -2.060348800000011, 7.930698599999989 ], [ -2.058866600000011, 7.934907 ], [ -2.057653500000011, 7.938391799999989 ], [ -2.056471, 7.941753299999989 ], [ -2.055323400000011, 7.945015499999989 ], [ -2.0543602, 7.947852100000011 ], [ -2.054716800000011, 7.950822 ], [ -2.0551193, 7.954174400000011 ], [ -2.0554733, 7.957675500000011 ], [ -2.0558676, 7.960974800000011 ], [ -2.0562452, 7.96450810000001 ], [ -2.05665, 7.96799820000001 ], [ -2.0570386, 7.97148290000001 ], [ -2.0574625, 7.97519080000001 ], [ -2.0578673, 7.97856780000001 ], [ -2.0582477, 7.982012 ], [ -2.0586417, 7.98542390000001 ], [ -2.0590275, 7.98876040000001 ], [ -2.0593862, 7.991879 ], [ -2.0598019, 7.995398400000011 ], [ -2.0601904, 7.998987800000011 ], [ -2.0606714, 8.003109900000011 ], [ -2.0610942, 8.006874400000012 ], [ -2.0614746, 8.01008160000001 ], [ -2.0618224, 8.01313540000001 ], [ -2.0598987, 8.0151883 ], [ -2.0575592, 8.01768250000001 ], [ -2.0550945, 8.020329300000011 ], [ -2.052622, 8.022955200000011 ], [ -2.0501711, 8.025581100000011 ], [ -2.0477067, 8.028231300000012 ], [ -2.0452776, 8.030816800000013 ], [ -2.0432996, 8.032947700000012 ], [ -2.0431691, 8.035716100000013 ], [ -2.0429871, 8.039412700000012 ], [ -2.0427996, 8.042934500000012 ], [ -2.0426312, 8.046569200000011 ], [ -2.0424518, 8.050139200000011 ], [ -2.0422725, 8.053706600000011 ], [ -2.0420986, 8.05730350000001 ], [ -2.0419138, 8.060908500000011 ], [ -2.0417481, 8.064518800000011 ], [ -2.0415579, 8.068142500000011 ], [ -2.0413731, 8.071774300000012 ], [ -2.0411911, 8.075446400000011 ], [ -2.0410172, 8.079059300000011 ], [ -2.0408188, 8.083107900000012 ], [ -2.0406232, 8.086927900000012 ], [ -2.0404412, 8.090537900000012 ], [ -2.0402727, 8.094118400000012 ], [ -2.0400907, 8.097747200000011 ], [ -2.0399222, 8.101298 ], [ -2.0397429, 8.10485690000001 ], [ -2.0395418, 8.10850180000001 ], [ -2.0393761, 8.11211440000001 ], [ -2.0392103, 8.11567850000001 ], [ -2.0390147, 8.119291 ], [ -2.0388381, 8.1229035 ], [ -2.0386587, 8.1265132 ], [ -2.0384794, 8.1301203 ], [ -2.0382947, 8.1337515 ], [ -2.0381208, 8.1373342 ], [ -2.0379577, 8.1407879 ], [ -2.0377811, 8.1442764 ], [ -2.0375746, 8.1479882 ], [ -2.0374225, 8.1514498 ], [ -2.0372459, 8.154871 ], [ -2.0370937, 8.1579211 ], [ -2.0369606, 8.1606564 ], [ -2.0368138, 8.1630609 ], [ -2.038186, 8.1652636 ], [ -2.0400553, 8.1682652 ], [ -2.0419546, 8.171342 ], [ -2.0438131, 8.1743677 ], [ -2.0456933, 8.1773961 ], [ -2.0475437, 8.1803921 ], [ -2.0494429, 8.1834366 ], [ -2.0513368, 8.1865052 ], [ -2.0531762, 8.1894824 ], [ -2.0546489, 8.1918652 ], [ -2.0564748, 8.1939306 ], [ -2.0587273, 8.1965205 ], [ -2.0610377, 8.1991713 ], [ -2.0634451, 8.2019078 ], [ -2.0658236, 8.2046081 ], [ -2.0682118, 8.2073464 ], [ -2.0705992, 8.2100558 ], [ -2.0730011, 8.2127854 ], [ -2.0753704, 8.2154907 ], [ -2.0777614, 8.2182122 ], [ -2.0801498, 8.2209364 ], [ -2.0821464, 8.223221 ], [ -2.0863881, 8.2246633 ], [ -2.0898457, 8.225732300000015 ], [ -2.0931704, 8.226760600000015 ], [ -2.0965392, 8.2278096 ], [ -2.0999166, 8.2288772 ], [ -2.1032858, 8.2299233 ], [ -2.1066577, 8.2309801 ], [ -2.1100405, 8.232045 ], [ -2.1132657, 8.2330453 ], [ -2.1165344, 8.2332148 ], [ -2.1199335, 8.2333788 ], [ -2.1234032, 8.2335616 ], [ -2.1270116, 8.2337364 ], [ -2.130464200000011, 8.233904499999989 ], [ -2.1339728, 8.2340753 ], [ -2.1376083, 8.2342743 ], [ -2.1416242, 8.2344867 ], [ -2.1462405, 8.2347045 ], [ -2.1505037, 8.2349196 ], [ -2.1540169, 8.2350998 ], [ -2.1574595, 8.2352665 ], [ -2.1610546, 8.2354682 ], [ -2.1633451, 8.2372726 ], [ -2.1663122, 8.2396174 ], [ -2.1690076, 8.2417283 ], [ -2.1717491, 8.2438957 ], [ -2.1744554, 8.2460523 ], [ -2.1770638, 8.2480744 ], [ -2.1797211, 8.2501907 ], [ -2.1824029, 8.252323 ], [ -2.1852477, 8.2545737 ], [ -2.1879077, 8.2566603 ], [ -2.1909651, 8.257886099999972 ], [ -2.1944264, 8.259298099999974 ], [ -2.1975587, 8.260394499999975 ], [ -2.2008991, 8.261750099999976 ], [ -2.2041389, 8.263045799999976 ], [ -2.2073786, 8.264308299999975 ], [ -2.2107426, 8.265633899999973 ], [ -2.2138849, 8.266853299999973 ], [ -2.2171348, 8.268145599999972 ], [ -2.2205687, 8.2694836 ], [ -2.2236825, 8.2707071 ], [ -2.227068, 8.2720138 ], [ -2.2299242, 8.274407300000012 ], [ -2.2324482, 8.276490900000013 ], [ -2.2325757, 8.276795100000017 ] ] } },
{ "type": "Feature", "properties": { "line_id": 256119934, "circuits": 2.0, "tag_frequency": 50.0, "tag_type": "line", "voltage": 161000, "bus0": null, "bus1": null, "length": null, "underground": false, "under_construction": "False", "dc": false, "country": "GH" }, "geometry": { "type": "LineString", "coordinates": [ [ 0.0629956, 6.1746296 ], [ 0.064158, 6.177733 ], [ 0.0654337, 6.1806035 ], [ 0.0666018, 6.1833764 ], [ 0.0678061, 6.1861134 ], [ 0.0690831, 6.1890615 ], [ 0.0702578, 6.1918083 ], [ 0.0714326, 6.1945648 ], [ 0.0726047, 6.1972218 ], [ 0.0737881, 6.2000683 ], [ 0.075109, 6.2030636 ], [ 0.0761022, 6.205352 ], [ 0.0761828, 6.2089087 ], [ 0.0761977, 6.2118878 ], [ 0.0762096, 6.2161145 ], [ 0.076169, 6.2200963 ], [ 0.0761714, 6.2247706 ], [ 0.0761703, 6.2287038 ], [ 0.0762019, 6.2308268 ], [ 0.0761908, 6.2348039 ], [ 0.0762076, 6.2381459 ], [ 0.076217, 6.2417877 ], [ 0.0763577, 6.2458616 ], [ 0.0766776, 6.2504449 ], [ 0.0766763, 6.2545202 ], [ 0.0768161, 6.2580019 ], [ 0.0768418, 6.2597344 ], [ 0.0751289, 6.2622372 ], [ 0.0727907, 6.2656822 ], [ 0.0702619, 6.2693072 ], [ 0.0683438, 6.2721629 ], [ 0.0661508, 6.275784200000023 ], [ 0.065428, 6.276977800000012 ], [ 0.0653614, 6.277453400000023 ], [ 0.0653527, 6.277515500000023 ], [ 0.0647486, 6.281829400000013 ], [ 0.0630266, 6.285178800000013 ], [ 0.060306, 6.290648900000013 ], [ 0.0589898, 6.2925896 ], [ 0.0578109, 6.2945336 ] ] } },
{ "type": "Feature", "properties": { "line_id": 256119935, "circuits": 2.0, "tag_frequency": 50.0, "tag_type": "line", "voltage": 161000, "bus0": null, "bus1": null, "length": null, "underground": false, "under_construction": "False", "dc": false, "country": "GH" }, "geometry": { "type": "LineString", "coordinates": [ [ 0.0576196, 6.2942688 ], [ 0.0587538, 6.2924377 ], [ 0.0600753, 6.290515700000014 ], [ 0.0628867, 6.284940900000013 ], [ 0.0645763, 6.281578100000012 ], [ 0.0651507, 6.277091300000013 ], [ 0.0660015, 6.275618400000026 ], [ 0.0662709, 6.2751594 ], [ 0.0683023, 6.271698 ], [ 0.0702176, 6.268906 ], [ 0.0725639, 6.2655295 ], [ 0.0749374, 6.2621244 ], [ 0.0766273, 6.2596511 ], [ 0.0765666, 6.2576097 ], [ 0.0764694, 6.2545236 ], [ 0.0765102, 6.2504075 ], [ 0.0761449, 6.2458576 ], [ 0.0760036, 6.2417807 ], [ 0.0760112, 6.2381456 ], [ 0.0759567, 6.2348148 ], [ 0.0759652, 6.2308412 ], [ 0.0759645, 6.2287018 ], [ 0.0759331, 6.2247643 ], [ 0.0759455, 6.2200982 ], [ 0.0759735, 6.2160881 ], [ 0.0759715, 6.2118809 ], [ 0.0759668, 6.2089098 ], [ 0.0758826, 6.2054082 ], [ 0.074932, 6.2031503 ], [ 0.0736173, 6.200124 ], [ 0.0724023, 6.1973232 ], [ 0.0712446, 6.1946545 ], [ 0.0700466, 6.191893 ], [ 0.068863, 6.1891644 ], [ 0.0675846, 6.1862176 ], [ 0.0663922, 6.1834688 ], [ 0.065211, 6.1807252 ], [ 0.0639538, 6.1778183 ], [ 0.0626337, 6.1747818 ] ] } },
{ "type": "Feature", "properties": { "line_id": 256119936, "circuits": 2.0, "tag_frequency": 50.0, "tag_type": "line", "voltage": 161000, "bus0": null, "bus1": null, "length": null, "underground": false, "under_construction": "False", "dc": false, "country": "GH" }, "geometry": { "type": "LineString", "coordinates": [ [ 0.0624388, 6.1748718 ], [ 0.0637682, 6.177906 ], [ 0.0650201, 6.1807835 ], [ 0.0662216, 6.1835449 ], [ 0.0674178, 6.1862942 ], [ 0.0687009, 6.1892432 ], [ 0.0698804, 6.191954 ], [ 0.071082, 6.1947158 ], [ 0.0722479, 6.1973955 ], [ 0.0734663, 6.2001957 ], [ 0.0747694, 6.2032209 ], [ 0.0756962, 6.2054416 ], [ 0.0757619, 6.2089494 ], [ 0.0757678, 6.2119182 ], [ 0.0757776, 6.2161009 ], [ 0.0757145, 6.2198974 ], [ 0.0757353, 6.2246335 ], [ 0.075773, 6.2287126 ], [ 0.0757514, 6.2308123 ], [ 0.0757541, 6.2348112 ], [ 0.0757864, 6.2381332 ], [ 0.0758026, 6.241803 ], [ 0.0759344, 6.2458953 ], [ 0.0763084, 6.2503995 ], [ 0.076236, 6.2543956 ], [ 0.0763493, 6.257514 ], [ 0.0764474, 6.2595739 ], [ 0.0747476, 6.2620099 ], [ 0.0724433, 6.2653474 ], [ 0.0698839, 6.2690489 ], [ 0.0678796, 6.2719101 ], [ 0.0649437, 6.276940700000012 ], [ 0.0643832, 6.281515500000013 ], [ 0.0627036, 6.284834800000013 ], [ 0.0598979, 6.290409600000014 ], [ 0.0585959, 6.2923148 ], [ 0.0574416, 6.2941317 ] ] } },
{ "type": "Feature", "properties": { "line_id": 256217659, "circuits": 2.0, "tag_frequency": 50.0, "tag_type": "line", "voltage": 161000, "bus0": null, "bus1": null, "length": null, "underground": false, "under_construction": "False", "dc": false, "country": "GH" }, "geometry": { "type": "LineString", "coordinates": [ [ 0.0145902, 5.8070253 ], [ 0.0149444, 5.8101187 ], [ 0.0153402, 5.8131655 ], [ 0.0156596, 5.816347 ], [ 0.0160069, 5.8193005 ], [ 0.0163767, 5.822197 ], [ 0.0167099, 5.8250136 ], [ 0.0170557, 5.8281343 ], [ 0.0174236, 5.8310367 ], [ 0.0177569, 5.8341559 ], [ 0.0181319, 5.8371922 ], [ 0.0184965, 5.8402389 ], [ 0.0188455, 5.8434099 ], [ 0.0191944, 5.8463684 ], [ 0.0195538, 5.8493684 ], [ 0.0198391, 5.8522345 ], [ 0.0201997, 5.8551093 ], [ 0.0205643, 5.8582284 ], [ 0.020908, 5.8614303 ], [ 0.0212882, 5.8644561 ], [ 0.0216528, 5.8675389 ], [ 0.0220122, 5.8707046 ], [ 0.0223976, 5.8738443 ], [ 0.0227381, 5.8769227 ], [ 0.0230634, 5.8800382 ], [ 0.0234324, 5.8830974 ], [ 0.0238004, 5.8861898 ], [ 0.0241221, 5.8892848 ], [ 0.0244966, 5.8923085 ], [ 0.0248349, 5.8953254 ], [ 0.0251685, 5.8983838 ], [ 0.0254393, 5.9011841 ], [ 0.0256931, 5.9044163 ], [ 0.025991, 5.9076051 ], [ 0.0262565, 5.9108297 ], [ 0.0265456, 5.9140399 ], [ 0.0268138, 5.9172199 ], [ 0.027084, 5.920425 ], [ 0.0273608, 5.923707200000016 ] ] } },
{ "type": "Feature", "properties": { "line_id": 256479379, "circuits": 1.0, "tag_frequency": 50.0, "tag_type": "line", "voltage": 161000, "bus0": null, "bus1": null, "length": null, "underground": false, "under_construction": "False", "dc": false, "country": "GH" }, "geometry": { "type": "LineString", "coordinates": [ [ -0.9452899, 9.3270796 ], [ -0.945468, 9.326274099999976 ], [ -0.946793, 9.323807399999977 ], [ -0.9480107, 9.321615799999977 ], [ -0.9493733, 9.319201899999976 ], [ -0.9505749, 9.317042099999977 ], [ -0.9519589, 9.314564699999977 ], [ -0.9520584, 9.312542 ], [ -0.9546503, 9.3105225 ], [ -0.9572502, 9.308386100000019 ], [ -0.9601702, 9.305878800000029 ], [ -0.9627715, 9.303740400000029 ], [ -0.965408, 9.30152210000003 ], [ -0.9683238, 9.299127800000019 ], [ -0.9709027, 9.2970157 ], [ -0.9738672, 9.2949193 ], [ -0.9789914, 9.29046 ], [ -0.9814593, 9.287831500000019 ], [ -0.9840505, 9.28553470000003 ], [ -0.9865694, 9.283277200000029 ], [ -0.9892494, 9.2817057 ], [ -0.994826, 9.278362 ], [ -0.9976393, 9.2766911 ], [ -1.0005281, 9.27509210000002 ], [ -1.0033543, 9.273453 ], [ -1.0062048, 9.2717997 ], [ -1.0093, 9.270004600000028 ], [ -1.0123389, 9.268014300000029 ], [ -1.0152517, 9.26585670000002 ], [ -1.0180702, 9.26357560000003 ], [ -1.0207987, 9.26119360000002 ], [ -1.0231771, 9.258792200000029 ], [ -1.0254462, 9.256305900000029 ], [ -1.027135, 9.254139 ], [ -1.0290867, 9.25112680000003 ], [ -1.0310515, 9.248094500000031 ], [ -1.0329161, 9.245216500000019 ], [ -1.0347847, 9.24253530000003 ], [ -1.0375621, 9.24025530000003 ], [ -1.0399776, 9.238184200000029 ], [ -1.0424726, 9.236090300000029 ], [ -1.0445543, 9.23437680000003 ], [ -1.0468634, 9.23246870000003 ], [ -1.0497906, 9.22996590000003 ], [ -1.052066, 9.22807660000003 ], [ -1.0548561, 9.225748600000019 ], [ -1.057624, 9.22343130000003 ], [ -1.0603072, 9.22115730000003 ], [ -1.0630609, 9.21885350000003 ], [ -1.0658708, 9.21650260000003 ], [ -1.068505, 9.214195 ], [ -1.0710508, 9.21190040000003 ], [ -1.0737719, 9.209623 ], [ -1.0766318, 9.207374100000029 ], [ -1.0794674, 9.20512690000003 ], [ -1.0820024, 9.203005900000029 ], [ -1.08431, 9.201075100000029 ], [ -1.0863013, 9.199409100000029 ], [ -1.0890132, 9.197140100000029 ], [ -1.0914438, 9.195106400000029 ], [ -1.0938164, 9.193121200000029 ], [ -1.0963048, 9.191039100000028 ], [ -1.0990382, 9.188752100000027 ], [ -1.1018361, 9.186418800000027 ], [ -1.1044751, 9.184202900000018 ], [ -1.1071946, 9.181917 ], [ -1.1098872, 9.179683900000027 ], [ -1.1126105, 9.177396600000026 ], [ -1.1153337, 9.175123900000019 ], [ -1.1178876, 9.172988200000018 ], [ -1.1202063, 9.171032300000018 ], [ -1.1225543, 9.169049900000026 ], [ -1.1248466, 9.167137900000018 ], [ -1.1280931, 9.165665200000017 ], [ -1.1314542, 9.1641281 ], [ -1.1345565, 9.162709300000017 ], [ -1.1378126, 9.1611915 ], [ -1.1410755, 9.159670500000026 ], [ -1.1443383, 9.158149500000025 ], [ -1.1475661, 9.156677800000017 ], [ -1.1510664, 9.1550644 ], [ -1.1539427, 9.1537386 ], [ -1.157066, 9.152298900000025 ], [ -1.1600181, 9.150934700000017 ], [ -1.1624768, 9.148399200000016 ], [ -1.1650128, 9.145792200000026 ], [ -1.1675363, 9.143201400000017 ], [ -1.1702374, 9.140408600000017 ], [ -1.1725318, 9.138044400000016 ], [ -1.1744789, 9.136058400000016 ], [ -1.1766068, 9.133881400000016 ], [ -1.1787261, 9.131678800000026 ], [ -1.1816413, 9.128664 ], [ -1.184664, 9.128366500000027 ], [ -1.1888566, 9.127953900000026 ], [ -1.1925112, 9.127597400000026 ], [ -1.1957043, 9.127281900000026 ], [ -1.1992648, 9.126930200000027 ], [ -1.2025445, 9.126606200000026 ], [ -1.2055485, 9.126309400000027 ], [ -1.2085772, 9.126010200000026 ], [ -1.211771, 9.125694700000027 ], [ -1.2151544, 9.125360400000027 ], [ -1.2186164, 9.125018400000016 ], [ -1.2222172, 9.124663100000026 ], [ -1.2261525, 9.124274800000027 ], [ -1.2297763, 9.123917200000028 ], [ -1.2331542, 9.123583900000028 ], [ -1.236461, 9.123257600000029 ], [ -1.2399653, 9.122911800000029 ], [ -1.2435843, 9.122554700000029 ], [ -1.2471885, 9.122199100000028 ], [ -1.2507789, 9.121844800000028 ], [ -1.2542963, 9.121494400000028 ], [ -1.2578075, 9.121144600000028 ], [ -1.2613677, 9.120789900000027 ], [ -1.2649512, 9.120432900000027 ], [ -1.2683588, 9.120093400000027 ], [ -1.2713427, 9.119796100000027 ], [ -1.2743472, 9.119496800000016 ], [ -1.2759279, 9.1168032 ], [ -1.2775505, 9.114038200000026 ], [ -1.2792472, 9.1111469 ], [ -1.280982, 9.1081908 ], [ -1.2824784, 9.105640700000016 ], [ -1.2840123, 9.1030212 ], [ -1.2857618, 9.100041200000016 ], [ -1.2872718, 9.0974411 ], [ -1.2891008, 9.094326 ], [ -1.2909151, 9.0912262 ], [ -1.2927301, 9.0881088 ], [ -1.2945652, 9.0849767 ], [ -1.2963894, 9.0818595 ], [ -1.2982209, 9.0787297 ], [ -1.3000485, 9.0756065 ], [ -1.3021043, 9.0725853 ], [ -1.3041472, 9.0695966 ], [ -1.3061755, 9.0665965 ], [ -1.3078258, 9.0634978 ], [ -1.3094221, 9.0602499 ], [ -1.31102, 9.0570034 ], [ -1.3128376, 9.0538668 ], [ -1.3146871, 9.0507675 ], [ -1.3165026, 9.0476351 ], [ -1.3183359, 9.0445199 ], [ -1.3201607, 9.0413838 ], [ -1.3219246, 9.0383765 ], [ -1.3237484, 9.0352668 ], [ -1.3255742, 9.0321537 ], [ -1.3273574, 9.0291044 ], [ -1.3291706, 9.0260041 ], [ -1.3309841, 9.0229029 ], [ -1.3328154, 9.0197714 ], [ -1.3346111, 9.0167007 ], [ -1.336396, 9.0136486 ], [ -1.3382477, 9.0104821 ], [ -1.3400515, 9.0073975 ], [ -1.3418358, 9.0043463 ], [ -1.3436222, 9.0012919 ], [ -1.3454336, 8.9981948 ], [ -1.3472424, 8.995102 ], [ -1.348993, 8.9921087 ], [ -1.3508204, 8.9889842 ], [ -1.3526221, 8.9859034 ], [ -1.3544443, 8.9827877 ], [ -1.3562221, 8.9797477 ], [ -1.3578718, 8.9769269 ], [ -1.3594024, 8.9743097 ], [ -1.3609359, 8.9716875 ], [ -1.3623411, 8.9692847 ], [ -1.3637521, 8.9668718 ], [ -1.3654222, 8.9640159 ], [ -1.3672537, 8.9608842 ], [ -1.3690767, 8.9577669 ], [ -1.3708968, 8.954654300000017 ], [ -1.372716, 8.9515566 ], [ -1.3745486, 8.9484362 ], [ -1.3763625, 8.9453477 ], [ -1.3781195, 8.9423559 ], [ -1.3797317, 8.9396106 ], [ -1.3811979, 8.9371141 ], [ -1.3827311, 8.9345033 ], [ -1.3841898, 8.9320193 ], [ -1.3856539, 8.9295263 ], [ -1.3873054, 8.9267139 ], [ -1.3891193, 8.9236252 ], [ -1.390882, 8.9206235 ], [ -1.3942784, 8.9147029 ], [ -1.3996834, 8.9056355 ], [ -1.4019654, 8.9017306 ], [ -1.403772, 8.8985415 ], [ -1.4060672, 8.8946218 ], [ -1.4091904, 8.8892463 ], [ -1.4110516, 8.8861091 ], [ -1.4130505, 8.882685 ], [ -1.4147075, 8.879926 ], [ -1.417871, 8.8745125 ], [ -1.4194315, 8.8718419 ], [ -1.420988, 8.8691858 ], [ -1.4226439, 8.86636 ], [ -1.4242444, 8.8636289 ], [ -1.4258397, 8.8609064 ], [ -1.4273885, 8.858263300000017 ], [ -1.4289921, 8.8555091 ], [ -1.4307927, 8.8524361 ], [ -1.4326352, 8.8492917 ], [ -1.4342767, 8.8464904 ], [ -1.4359704, 8.8435998 ], [ -1.437747, 8.840567800000017 ], [ -1.43953, 8.837499900000017 ], [ -1.4413294, 8.8344219 ], [ -1.4431152, 8.8313674 ], [ -1.4448976, 8.8283184 ], [ -1.446682, 8.8252661 ], [ -1.4482057, 8.822659700000017 ], [ -1.4484942, 8.818878900000017 ], [ -1.4487601, 8.815231400000018 ], [ -1.4489133, 8.811623600000017 ], [ -1.4490548, 8.808401100000017 ], [ -1.449219, 8.804417100000016 ], [ -1.4493862, 8.800640200000016 ], [ -1.449539, 8.796973400000017 ], [ -1.4496974, 8.793297400000016 ], [ -1.4498435, 8.789762100000017 ], [ -1.4499983, 8.786087200000017 ], [ -1.4501202, 8.783080500000016 ], [ -1.4502054, 8.7811986 ], [ -1.4500452, 8.780951600000016 ] ] } },
{ "type": "Feature", "properties": { "line_id": 256777454, "circuits": 2.0, "tag_frequency": 50.0, "tag_type": "line", "voltage": 161000, "bus0": null, "bus1": null, "length": null, "underground": false, "under_construction": "False", "dc": false, "country": "GH" }, "geometry": { "type": "LineString", "coordinates": [ [ 0.0028192, 5.6942664 ], [ 0.0037506, 5.6919493 ], [ 0.0046799, 5.6896389 ], [ 0.005582, 5.6873958 ], [ 0.0065012, 5.6851649 ], [ 0.0073173, 5.6829311 ], [ 0.0081142, 5.6807633 ], [ 0.009203, 5.6784713 ], [ 0.0098794, 5.6768276 ] ] } },
{ "type": "Feature", "properties": { "line_id": 256780493, "circuits": 1.0, "tag_frequency": 50.0, "tag_type": "line", "voltage": 161000, "bus0": null, "bus1": null, "length": null, "underground": false, "under_construction": "False", "dc": false, "country": "GH" }, "geometry": { "type": "LineString", "coordinates": [ [ 0.013212, 5.675707 ], [ 0.0128245, 5.6759136 ], [ 0.0098633, 5.6773306 ], [ 0.0086151, 5.6804684 ], [ 0.0071348, 5.684147 ], [ 0.0056913, 5.6877193 ], [ 0.004216, 5.6914266 ], [ 0.0030428, 5.6943803 ] ] } },
{ "type": "Feature", "properties": { "line_id": 256780494, "circuits": 1.0, "tag_frequency": 50.0, "tag_type": "line", "voltage": 161000, "bus0": null, "bus1": null, "length": null, "underground": false, "under_construction": "False", "dc": false, "country": "GH" }, "geometry": { "type": "LineString", "coordinates": [ [ 0.013297, 5.675803800000014 ], [ 0.012916, 5.6760134 ], [ 0.0100559, 5.6774535 ], [ 0.0088331, 5.6805466 ], [ 0.0073605, 5.6842351 ], [ 0.0058987, 5.6878364 ], [ 0.0044218, 5.6915168 ], [ 0.0032474, 5.6944639 ] ] } },
{ "type": "Feature", "properties": { "line_id": 256780495, "circuits": 2.0, "tag_frequency": 50.0, "tag_type": "line", "voltage": 161000, "bus0": null, "bus1": null, "length": null, "underground": false, "under_construction": "False", "dc": false, "country": "GH" }, "geometry": { "type": "LineString", "coordinates": [ [ 0.0459127, 5.682124 ], [ 0.0440053, 5.6823701 ], [ 0.041316, 5.6826807 ], [ 0.0392466, 5.680284 ], [ 0.0377885, 5.6785526 ], [ 0.0348406, 5.6773519 ], [ 0.0320085, 5.6761492 ], [ 0.0286781, 5.6748279 ], [ 0.0256198, 5.6734755 ] ] } },
{ "type": "Feature", "properties": { "line_id": 256780496, "circuits": 1.0, "tag_frequency": 50.0, "tag_type": "line", "voltage": 161000, "bus0": null, "bus1": null, "length": null, "underground": false, "under_construction": "False", "dc": false, "country": "GH" }, "geometry": { "type": "LineString", "coordinates": [ [ 0.0134675, 5.675944600000014 ], [ 0.013099, 5.676212900000014 ], [ 0.0104461, 5.6777828 ], [ 0.0092668, 5.680661 ], [ 0.0078009, 5.6843287 ], [ 0.0063387, 5.6879871 ], [ 0.0048534, 5.6916885 ], [ 0.0036846, 5.6946396 ] ] } },
{ "type": "Feature", "properties": { "line_id": 258689058, "circuits": 1.0, "tag_frequency": 50.0, "tag_type": "line", "voltage": 161000, "bus0": null, "bus1": null, "length": null, "underground": false, "under_construction": "False", "dc": false, "country": "GH" }, "geometry": { "type": "LineString", "coordinates": [ [ -1.9833765, 7.4865753 ], [ -1.95815, 7.439855 ], [ -1.9566614, 7.437098 ], [ -1.9543255, 7.4327715 ], [ -1.9528665, 7.4300691 ], [ -1.9514017, 7.4273562 ], [ -1.9493882, 7.4236268 ], [ -1.9476002, 7.4203149 ], [ -1.9459535, 7.417265 ], [ -1.9442966, 7.414196 ], [ -1.9427401, 7.4113129 ], [ -1.9408784, 7.4078647 ], [ -1.9393305, 7.4049976 ], [ -1.9375307, 7.4016637 ], [ -1.9359479, 7.398732 ], [ -1.934345, 7.395763 ], [ -1.9325404, 7.3924201 ], [ -1.9310306, 7.3896235 ], [ -1.9293964, 7.3865965 ], [ -1.9278258, 7.3836871 ], [ -1.9256938, 7.3797379 ], [ -1.9242921, 7.3771413 ], [ -1.9228438, 7.3744586 ], [ -1.9212517, 7.3715093 ], [ -1.9197083, 7.3686502 ], [ -1.9182203, 7.3658938 ], [ -1.9167297, 7.3631327 ], [ -1.9157509, 7.361319299999956 ], [ -1.9145891, 7.3591672 ], [ -1.9131218, 7.3564492 ], [ -1.9116426, 7.3537089 ], [ -1.9092773, 7.349327199999957 ], [ -1.9081146, 7.3471733 ], [ -1.906873, 7.3448731 ], [ -1.9046057, 7.3406728 ], [ -1.9032781, 7.3382134 ], [ -1.9020354, 7.3359114 ], [ -1.9007141, 7.3334636 ], [ -1.8992992, 7.3308424 ], [ -1.897617, 7.3277259 ], [ -1.8954823, 7.3237712 ], [ -1.8941018, 7.3212135 ], [ -1.8925826, 7.3183991 ], [ -1.8910347, 7.3155313 ], [ -1.8891656, 7.3120684 ], [ -1.8872739, 7.3085639 ], [ -1.8858947, 7.3060086 ], [ -1.8844596, 7.3033498 ], [ -1.8829828, 7.3006136 ], [ -1.881092, 7.2971106 ], [ -1.8797693, 7.2946601 ], [ -1.8783797, 7.292085400000029 ], [ -1.8758526, 7.287403400000029 ], [ -1.8742415, 7.2844183 ], [ -1.8724924, 7.28117770000001 ], [ -1.870882, 7.278193899999957 ], [ -1.8687326, 7.27421150000001 ], [ -1.8670151, 7.271029299999957 ], [ -1.8656779, 7.2685516 ], [ -1.8641711, 7.2657597 ], [ -1.8624341, 7.2625413 ], [ -1.8607724, 7.2594624 ], [ -1.8590762, 7.25631940000001 ], [ -1.857664, 7.2537029 ], [ -1.8563403, 7.2512501 ], [ -1.8547994, 7.248395 ], [ -1.853563, 7.246104 ], [ -1.8522929, 7.24375060000003 ], [ -1.8507583, 7.2409071 ], [ -1.8495031, 7.238581099999957 ], [ -1.8474856, 7.23484270000001 ], [ -1.8458192, 7.2317549 ], [ -1.8441495, 7.2286609 ], [ -1.8427832, 7.22612920000001 ], [ -1.8414114, 7.22358730000001 ], [ -1.8396202, 7.220268 ], [ -1.8380219, 7.21730630000001 ], [ -1.8361467, 7.21383160000001 ], [ -1.8347476, 7.2112389 ], [ -1.8332273, 7.2084216 ], [ -1.8318314, 7.20583490000001 ], [ -1.8304704, 7.2033129 ], [ -1.8281493, 7.1990116 ], [ -1.8263796, 7.19573210000001 ], [ -1.8251583, 7.19346880000001 ], [ -1.8236254, 7.1906281 ], [ -1.8224688, 7.18848470000001 ], [ -1.8204767, 7.18479310000001 ], [ -1.8191764, 7.18238320000001 ], [ -1.818026, 7.18025130000001 ], [ -1.8166233, 7.17765180000001 ], [ -1.8150033, 7.17464970000001 ], [ -1.8138149, 7.17244720000001 ], [ -1.8120837, 7.169239 ], [ -1.8112525, 7.16769850000001 ], [ -1.8093673, 7.16420470000001 ], [ -1.8077817, 7.16126610000001 ], [ -1.8058782, 7.15773850000001 ], [ -1.804144, 7.15452450000001 ], [ -1.8023073, 7.15112040000001 ], [ -1.7990032, 7.14499690000001 ], [ -1.7975701, 7.1423408 ], [ -1.795038, 7.13764780000001 ], [ -1.7928189, 7.13353490000001 ], [ -1.7906086, 7.12943850000001 ], [ -1.7884644, 7.12546430000001 ], [ -1.787194, 7.1231097 ], [ -1.7853565, 7.119704 ], [ -1.7838399, 7.116893 ], [ -1.7817686, 7.1130539 ], [ -1.780258, 7.1102541 ], [ -1.7786277, 7.1072324 ], [ -1.7767204, 7.1036972 ], [ -1.7753977, 7.1012455 ], [ -1.7742311, 7.0990831 ], [ -1.7726534, 7.0961588 ], [ -1.771157, 7.0933852 ], [ -1.7697795, 7.0908319 ], [ -1.7687256, 7.0888785 ], [ -1.7670124, 7.0857028 ], [ -1.7642764, 7.0806314 ], [ -1.762213, 7.0768066 ], [ -1.7611334, 7.0748054 ], [ -1.7589215, 7.0707054 ], [ -1.7569157, 7.0669874 ], [ -1.7553271, 7.0640425 ], [ -1.7529781, 7.0596882 ], [ -1.7511602, 7.0563185 ], [ -1.7493985, 7.0530527 ], [ -1.7480407, 7.0505359 ], [ -1.7463041, 7.0473167 ], [ -1.7449914, 7.0448832 ], [ -1.7437359, 7.0425558 ], [ -1.7420312, 7.0393957 ], [ -1.7401881, 7.0359789 ], [ -1.7387162, 7.0332504 ], [ -1.737167, 7.0303785 ], [ -1.7358764, 7.0279859 ], [ -1.734006, 7.0245185 ], [ -1.7324127, 7.0215647 ], [ -1.7308314, 7.0186333 ], [ -1.728869, 7.0149952 ], [ -1.7261828, 7.0100154 ], [ -1.7249242, 7.007682 ], [ -1.7232902, 7.0046527 ], [ -1.7216488, 7.0016098 ], [ -1.7200218, 6.9985934 ], [ -1.7127286, 6.985072 ], [ -1.710529, 6.9809939 ], [ -1.7085571, 6.9773381 ], [ -1.7073008, 6.9750089 ], [ -1.7060519, 6.9726934 ], [ -1.7044619, 6.9697454 ], [ -1.7006415, 6.9626622 ], [ -1.6986527, 6.9589747 ], [ -1.696431, 6.9548554 ], [ -1.6948939, 6.9520056 ], [ -1.6934769, 6.9493781 ], [ -1.692775, 6.9480768 ], [ -1.6912676, 6.9452819 ], [ -1.6896254, 6.942237 ], [ -1.6876929, 6.9386539 ], [ -1.6863638, 6.9361895 ], [ -1.6834595, 6.9308042 ], [ -1.6821616, 6.9283977 ], [ -1.678756, 6.922083 ], [ -1.6775962, 6.9199323 ], [ -1.6745276, 6.9142424 ], [ -1.6683681, 6.902821 ], [ -1.6660356, 6.8984957 ], [ -1.6638143, 6.8943767 ], [ -1.6625764, 6.8920812 ], [ -1.6608984, 6.8889695 ], [ -1.6586837, 6.8848627 ], [ -1.6576479, 6.8829419 ], [ -1.6557948, 6.8795055 ], [ -1.654586, 6.87726390000001 ], [ -1.6533762, 6.87502050000001 ], [ -1.6521389, 6.87272590000001 ], [ -1.650782, 6.87020960000001 ], [ -1.6486068, 6.8661758 ], [ -1.647492, 6.8641085 ], [ -1.6460547, 6.861443 ], [ -1.644507, 6.8585729 ], [ -1.6430109, 6.8557983 ], [ -1.6418532, 6.8536514 ], [ -1.6403207, 6.85080930000001 ], [ -1.6389723, 6.84830880000001 ], [ -1.6375135, 6.84560340000001 ], [ -1.6363623, 6.84346840000001 ], [ -1.6342485, 6.83954810000001 ], [ -1.6331126, 6.83744170000001 ], [ -1.6317888, 6.83498640000001 ], [ -1.6302307, 6.83209690000001 ], [ -1.6285948, 6.8290629 ], [ -1.627215, 6.8265039 ], [ -1.6253369, 6.8230208 ], [ -1.623842, 6.8202482 ], [ -1.6221287, 6.8170708 ], [ -1.620553, 6.8141483 ], [ -1.6191871, 6.8116152 ], [ -1.6179465, 6.8093142 ], [ -1.6166924, 6.8069882 ], [ -1.6149114, 6.8036851 ], [ -1.6137048, 6.8014471 ], [ -1.6120108, 6.7983052 ], [ -1.6098704, 6.7943353 ], [ -1.6087389, 6.7922367 ], [ -1.6074523, 6.7898504 ], [ -1.6061946, 6.7875177 ], [ -1.6046136, 6.7845852 ], [ -1.6032078, 6.7819778 ], [ -1.6020811, 6.7798881 ], [ -1.6014839, 6.778780299999974 ], [ -1.6002705, 6.7765297 ], [ -1.5933713, 6.7637329 ], [ -1.6582005, 6.7292654 ], [ -1.6593478, 6.7286554 ], [ -1.6611556, 6.7276942 ], [ -1.6624129, 6.7270257 ], [ -1.6636826, 6.7263506 ], [ -1.6662435, 6.724989 ], [ -1.668396, 6.7238446 ], [ -1.6707407, 6.7225979 ], [ -1.6745292, 6.7205836 ], [ -1.6778192, 6.7188343 ], [ -1.6827822, 6.7161955 ], [ -1.6803644, 6.7117105 ], [ -1.6797799, 6.7106261 ], [ -1.6776106, 6.7066018 ], [ -1.6764382, 6.7044271 ], [ -1.6755119, 6.7027087 ], [ -1.6739709, 6.69985 ], [ -1.6600385, 6.6740052 ] ] } },
{ "type": "Feature", "properties": { "line_id": 258689063, "circuits": 1.0, "tag_frequency": 50.0, "tag_type": "line", "voltage": 161000, "bus0": null, "bus1": null, "length": null, "underground": false, "under_construction": "False", "dc": false, "country": "GH" }, "geometry": { "type": "LineString", "coordinates": [ [ -1.4500818, 8.779353600000016 ], [ -1.4502893, 8.779345700000016 ], [ -1.4503836, 8.776908 ], [ -1.4503998, 8.776490200000016 ], [ -1.45053, 8.773425600000015 ], [ -1.4506508, 8.7706688 ], [ -1.4507976, 8.767320100000015 ], [ -1.4509573, 8.763600400000016 ], [ -1.4511196, 8.760250500000016 ], [ -1.4512519, 8.756960800000018 ], [ -1.4513837, 8.753885400000016 ], [ -1.4537353, 8.751197500000016 ], [ -1.4561445, 8.748429600000016 ], [ -1.4583076, 8.745949600000015 ], [ -1.4603556, 8.7436085 ], [ -1.4624684, 8.7411933 ], [ -1.4649724, 8.7383308 ], [ -1.4671181, 8.7358781 ], [ -1.4693143, 8.7333675 ], [ -1.4716475, 8.7307002 ], [ -1.4740299, 8.7279767 ], [ -1.4763809, 8.7252892 ], [ -1.4787392, 8.7225932 ], [ -1.4811377, 8.719851200000019 ], [ -1.4835034, 8.717157 ], [ -1.4858814, 8.7144489 ], [ -1.4882497, 8.7117517 ], [ -1.4903994, 8.7093036 ], [ -1.4923648, 8.707065200000018 ], [ -1.4937454, 8.704347 ], [ -1.4950989, 8.7016703 ], [ -1.4965244, 8.6988509 ], [ -1.4981299, 8.6956756 ], [ -1.4997152, 8.6925402 ], [ -1.5013395, 8.689327800000019 ], [ -1.5029328, 8.6861396 ], [ -1.5045556, 8.682934 ], [ -1.5061727, 8.6797397 ], [ -1.5077906, 8.6765438 ], [ -1.5094067, 8.6733516 ], [ -1.5110247, 8.6701554 ], [ -1.5126442, 8.6669563 ], [ -1.5142706, 8.6637435 ], [ -1.5158733, 8.6605775 ], [ -1.5174979, 8.6573682 ], [ -1.51911, 8.6541836 ], [ -1.5207396, 8.6509645 ], [ -1.5223589, 8.6477656 ], [ -1.5239761, 8.6445708 ], [ -1.5256192, 8.6413249 ], [ -1.5272834, 8.6380371 ], [ -1.528878, 8.634887 ], [ -1.530514, 8.6316588 ], [ -1.5321409, 8.6284487 ], [ -1.5337447, 8.625284 ], [ -1.535365, 8.6220868 ], [ -1.5369769, 8.618906 ], [ -1.5385917, 8.6157196 ], [ -1.5402062, 8.6125337 ], [ -1.5418267, 8.609336 ], [ -1.5434374, 8.6061575 ], [ -1.5450526, 8.6029702 ], [ -1.5466713, 8.599776 ], [ -1.5482888, 8.5965839 ], [ -1.5498748, 8.5934542 ], [ -1.5514989, 8.5901796 ], [ -1.5531205, 8.5869967 ], [ -1.5547621, 8.5837746 ], [ -1.5564091, 8.5805418 ], [ -1.5580471, 8.577326600000019 ], [ -1.5596581, 8.5740796 ], [ -1.5613125, 8.5708578 ], [ -1.5629465, 8.5676206 ], [ -1.5645576, 8.5644038 ], [ -1.5661938, 8.5611526 ], [ -1.567834, 8.557938 ], [ -1.5678647, 8.5546639 ], [ -1.5678934, 8.551608 ], [ -1.5679226, 8.5484998 ], [ -1.5679519, 8.5453814 ], [ -1.5679857, 8.5417741 ], [ -1.5680196, 8.5381603 ], [ -1.5680537, 8.5345319 ], [ -1.5680876, 8.53092 ], [ -1.5681214, 8.5273142 ], [ -1.5681553, 8.5237022 ], [ -1.5681893, 8.520082200000019 ], [ -1.5682217, 8.5164564 ], [ -1.5682501, 8.5132684 ], [ -1.5682768, 8.510274 ], [ -1.5683068, 8.5069151 ], [ -1.5683388, 8.5033208 ], [ -1.5683712, 8.4996935 ], [ -1.5684027, 8.4960776 ], [ -1.5684355, 8.4924895 ], [ -1.5684676, 8.4888923 ], [ -1.5684997, 8.485288 ], [ -1.5685317, 8.4817076 ], [ -1.5685604, 8.4781294 ], [ -1.5685955, 8.4745521 ], [ -1.5686274, 8.4709726 ], [ -1.5686575, 8.4676075 ], [ -1.5686837, 8.464662 ], [ -1.5687102, 8.4616991 ], [ -1.5687366, 8.4587326 ], [ -1.5687633, 8.4557385 ], [ -1.5687906, 8.4526849 ], [ -1.5688182, 8.4495922 ], [ -1.5688466, 8.4464025 ], [ -1.5688763, 8.4430804 ], [ -1.5689084, 8.4394721 ], [ -1.5689376, 8.4362012 ], [ -1.5689662, 8.4329937 ], [ -1.5689943, 8.4298489 ], [ -1.5690257, 8.4263266 ], [ -1.5690577, 8.4227415 ], [ -1.5690895, 8.4191787 ], [ -1.5691219, 8.415541800000019 ], [ -1.5691531, 8.4119879 ], [ -1.5691852, 8.4084142 ], [ -1.5692172, 8.40482 ], [ -1.569249, 8.401242 ], [ -1.5692809, 8.3976526 ], [ -1.5693126, 8.3940783 ], [ -1.5693445, 8.3904867 ], [ -1.5693763, 8.3869063 ], [ -1.5694082, 8.3833225 ], [ -1.5694397, 8.3797741 ], [ -1.5694711, 8.3761844 ], [ -1.5695035, 8.3725907 ], [ -1.5695354, 8.3689997 ], [ -1.5695673, 8.3654105 ], [ -1.5695985, 8.3618976 ], [ -1.569631, 8.3582464 ], [ -1.5696622, 8.3547378 ], [ -1.5696917, 8.351412900000019 ], [ -1.5697148, 8.348344800000019 ], [ -1.5710592, 8.3455293 ], [ -1.5726117, 8.3422782 ], [ -1.574131, 8.3390965 ], [ -1.5757216, 8.3357653 ], [ -1.5772819, 8.3324977 ], [ -1.578833, 8.3292492 ], [ -1.5803904, 8.3259875 ], [ -1.5819426, 8.3227369 ], [ -1.5835003, 8.3194745 ], [ -1.5850936, 8.3161375 ], [ -1.5866093, 8.3129631 ], [ -1.5881648, 8.309705300000019 ], [ -1.5897307, 8.306439 ], [ -1.5912886, 8.3031766 ], [ -1.5928572, 8.299892 ], [ -1.5944091, 8.2966421 ], [ -1.5959737, 8.2933688 ], [ -1.5975323, 8.2901081 ], [ -1.5990928, 8.2868432 ], [ -1.6006485, 8.2835886 ], [ -1.6022061, 8.2803298 ], [ -1.603747, 8.277106 ], [ -1.6052571, 8.2739466 ], [ -1.6067771, 8.2707665 ], [ -1.6083548, 8.2674656 ], [ -1.6097028, 8.2646454 ], [ -1.6109892, 8.2619538 ], [ -1.6122623, 8.259290200000022 ], [ -1.6140787, 8.2569066 ], [ -1.6159136, 8.2544989 ], [ -1.6176247, 8.252253500000021 ], [ -1.6189037, 8.2495123 ], [ -1.6201303, 8.2468742 ], [ -1.6217339, 8.243425 ], [ -1.6232555, 8.240850600000021 ], [ -1.6248997, 8.238401300000021 ], [ -1.6267767, 8.236071800000024 ], [ -1.6286475, 8.233743400000021 ], [ -1.6307077, 8.2311506 ], [ -1.6329442, 8.228335900000024 ], [ -1.6351579, 8.2255716 ], [ -1.637366, 8.2228142 ], [ -1.6396536, 8.2199575 ], [ -1.6407746, 8.2185574 ], [ -1.6418694, 8.2171905 ], [ -1.6440607, 8.214454 ], [ -1.6462774, 8.2116722 ], [ -1.6485117, 8.2088682 ], [ -1.6507029, 8.2061184 ], [ -1.6529188, 8.2033376 ], [ -1.6551226, 8.2005718 ], [ -1.6573786, 8.1977561 ], [ -1.6595856, 8.1950015 ], [ -1.6618454, 8.192181 ], [ -1.6640837, 8.1893873 ], [ -1.6663053, 8.1866145 ], [ -1.6685778, 8.183778 ], [ -1.6708295, 8.1809676 ], [ -1.6730371, 8.178212 ], [ -1.6742487, 8.1750335 ], [ -1.6754677, 8.171816 ], [ -1.6765937, 8.168851700000024 ], [ -1.6779434, 8.1652528 ], [ -1.6791304, 8.1620878 ], [ -1.6802772, 8.159030100000024 ], [ -1.6812324, 8.1564832 ], [ -1.6823368, 8.1535384 ], [ -1.6836492, 8.150039200000023 ], [ -1.6850855, 8.1463037 ], [ -1.6866287, 8.14218 ], [ -1.6880182, 8.1385132 ], [ -1.6893657, 8.134944 ], [ -1.6905665, 8.131772900000023 ], [ -1.692394, 8.126909 ], [ -1.6936415, 8.1235888 ], [ -1.6948465, 8.1203816 ], [ -1.6962427, 8.1167482 ], [ -1.6972689, 8.1142398 ], [ -1.6983436, 8.1111099 ], [ -1.6994115, 8.1082723 ], [ -1.7003452, 8.1057295 ], [ -1.7016461, 8.102326100000022 ], [ -1.7028964, 8.098940400000021 ], [ -1.7041382, 8.0956599 ], [ -1.7056977, 8.091540200000022 ], [ -1.7065214, 8.0890559 ], [ -1.7067271, 8.0884468 ] ] } },
{ "type": "Feature", "properties": { "line_id": 282576406, "circuits": 1.0, "tag_frequency": 50.0, "tag_type": "line", "voltage": 161000, "bus0": null, "bus1": null, "length": null, "underground": false, "under_construction": "False", "dc": false, "country": "GH" }, "geometry": { "type": "LineString", "coordinates": [ [ -0.3637304, 6.20514710000008 ], [ -0.3612371, 6.203080400000078 ], [ -0.358151, 6.200535700000077 ], [ -0.3552335, 6.198183400000075 ], [ -0.3530667, 6.196411600000075 ], [ -0.3503884, 6.1943983 ], [ -0.3466943, 6.191584 ], [ -0.3438068, 6.1894452 ], [ -0.341376, 6.187633700000073 ], [ -0.3383482, 6.185351300000073 ], [ -0.3360997, 6.183664100000072 ], [ -0.3332919, 6.181244700000073 ], [ -0.3264661, 6.174579600000072 ], [ -0.3242642, 6.1722144 ], [ -0.3221684, 6.1699631 ], [ -0.319998, 6.1676401 ], [ -0.3181171, 6.165397 ], [ -0.3154281, 6.1622845 ], [ -0.3102467, 6.1562238 ], [ -0.3079001, 6.153479100000072 ], [ -0.3008191, 6.145163 ], [ -0.2981423, 6.1420349 ], [ -0.295507, 6.138608 ], [ -0.2908064, 6.1325636 ], [ -0.286299, 6.1271632 ], [ -0.2846172, 6.1251403 ], [ -0.2832091, 6.1234415 ], [ -0.2823119, 6.1233602 ], [ -0.2763095, 6.1228254 ], [ -0.2726358, 6.1225334 ], [ -0.2691825, 6.1222241 ], [ -0.2657801, 6.121248 ], [ -0.2625353, 6.1203216 ], [ -0.2586696, 6.11920910000001 ], [ -0.2552524, 6.118253 ], [ -0.2514128, 6.117122300000011 ], [ -0.2484912, 6.116293500000011 ], [ -0.245241, 6.117051 ], [ -0.2410622, 6.118025 ], [ -0.238215, 6.119642500000011 ], [ -0.2357447, 6.121048 ], [ -0.2328908, 6.122234800000012 ], [ -0.2311622, 6.121525400000012 ], [ -0.2300008, 6.121028 ], [ -0.2278604, 6.122388100000011 ], [ -0.2256167, 6.123817600000011 ], [ -0.2228272, 6.125620400000011 ], [ -0.2209617, 6.127755200000011 ], [ -0.2196501, 6.129255300000011 ], [ -0.2170444, 6.130419400000011 ], [ -0.2130117, 6.13217960000001 ], [ -0.2110349, 6.13305030000001 ], [ -0.2074809, 6.1346091 ], [ -0.2049436, 6.13593050000001 ], [ -0.2027817, 6.1372226 ], [ -0.2000539, 6.13898 ], [ -0.1976587, 6.1407108 ], [ -0.1955089, 6.1423976 ], [ -0.1932143, 6.144207 ], [ -0.1911543, 6.1458324 ], [ -0.1878445, 6.1467884 ], [ -0.1837192, 6.1480018 ], [ -0.1800312, 6.1490672 ], [ -0.1765276, 6.1500792 ], [ -0.1727235, 6.1510993 ], [ -0.1687606, 6.1523033 ], [ -0.161469, 6.1543714 ], [ -0.1543424, 6.15645010000001 ], [ -0.1504894, 6.15757680000001 ], [ -0.1465264, 6.15870750000001 ], [ -0.1425916, 6.159882200000011 ], [ -0.1386756, 6.160952900000011 ], [ -0.1339482, 6.162142300000011 ], [ -0.1259733, 6.164041300000011 ], [ -0.1233655, 6.165283600000011 ], [ -0.1204547, 6.166710300000011 ], [ -0.1173614, 6.168238300000011 ], [ -0.1141508, 6.169395700000011 ], [ -0.1105486, 6.170662300000012 ], [ -0.1067989, 6.171954300000012 ], [ -0.1028037, 6.173338300000012 ], [ -0.0999673, 6.174331700000011 ], [ -0.0979784, 6.177190300000011 ], [ -0.0959171, 6.180150200000011 ], [ -0.093652, 6.183391500000011 ], [ -0.0913547, 6.18669410000001 ], [ -0.0891097, 6.18996 ], [ -0.0866903, 6.19342320000001 ], [ -0.0834355, 6.198100300000011 ], [ -0.0814037, 6.201700100000011 ], [ -0.0796106, 6.204881200000011 ], [ -0.0717625, 6.21892420000001 ], [ -0.0700338, 6.22203050000001 ], [ -0.066504, 6.228297900000011 ], [ -0.0642094, 6.232341400000012 ], [ -0.0604892, 6.239015300000012 ], [ -0.0574006, 6.244315900000012 ], [ -0.0526799, 6.252674100000024 ], [ -0.0510758, 6.255562800000024 ], [ -0.0478035, 6.256157200000024 ], [ -0.0443835, 6.256334800000023 ], [ -0.0412253, 6.255862400000024 ], [ -0.0349618, 6.254428100000023 ], [ -0.0261352, 6.252504100000023 ], [ -0.0230086, 6.252776800000024 ], [ -0.0205874, 6.252956 ], [ -0.0184837, 6.254613700000023 ], [ -0.0162342, 6.256386200000025 ], [ -0.0122031, 6.259626400000024 ], [ -0.0086355, 6.262469 ], [ -0.0059458, 6.264611500000024 ], [ -0.0034159, 6.266552400000023 ], [ -0.0014474, 6.268062700000024 ], [ 0.0009826, 6.269756 ], [ 0.0038338, 6.271798600000023 ], [ 0.0069354, 6.274059800000024 ], [ 0.0102812, 6.2764831 ], [ 0.0132239, 6.2788782 ], [ 0.0164055, 6.281446600000011 ], [ 0.0193031, 6.283799900000012 ], [ 0.0220463, 6.2860497 ], [ 0.0252671, 6.288658700000012 ], [ 0.0284686, 6.291261500000012 ], [ 0.0299001, 6.2924252 ], [ 0.03242, 6.2943488 ], [ 0.0344691, 6.295891900000012 ], [ 0.0394068, 6.2994949 ], [ 0.0419209, 6.3013526 ], [ 0.0439988, 6.3012001 ], [ 0.0484448, 6.2996496 ], [ 0.0510794, 6.2981417 ], [ 0.0534853, 6.297364 ], [ 0.0557226, 6.2965886 ] ] } },
{ "type": "Feature", "properties": { "line_id": 282576407, "circuits": 1.0, "tag_frequency": 50.0, "tag_type": "line", "voltage": 161000, "bus0": null, "bus1": null, "length": null, "underground": false, "under_construction": "False", "dc": false, "country": "GH" }, "geometry": { "type": "LineString", "coordinates": [ [ 0.0562272, 6.2961647 ], [ 0.0543728, 6.29681970000001 ], [ 0.0534132, 6.2971586 ], [ 0.0509152, 6.2978422 ], [ 0.0482812, 6.2993456 ], [ 0.0438442, 6.3008629 ], [ 0.0417648, 6.3007737 ], [ 0.0396813, 6.2991085 ], [ 0.0345759, 6.294953 ], [ 0.0323259, 6.2930324 ], [ 0.0304117, 6.2915493 ], [ 0.0286983, 6.289930800000012 ], [ 0.0265206, 6.287922300000012 ], [ 0.0235534, 6.285118700000011 ], [ 0.020788, 6.282584200000011 ], [ 0.0178818, 6.280803700000011 ], [ 0.0140892, 6.278457 ], [ 0.0107093, 6.2763628 ], [ 0.0073375, 6.273907300000023 ], [ 0.0041899, 6.271574 ], [ 0.0015504, 6.2697191 ], [ -0.001036, 6.267976400000023 ], [ -0.0032676, 6.266269600000023 ], [ -0.0056549, 6.264379100000012 ], [ -0.0076665, 6.262786100000024 ], [ -0.010122, 6.260830100000024 ], [ -0.0130695, 6.258498300000023 ], [ -0.015708, 6.256429200000023 ], [ -0.0181188, 6.254465200000023 ], [ -0.0204239, 6.252614300000023 ], [ -0.0261229, 6.252185500000023 ], [ -0.0289836, 6.252842500000011 ], [ -0.0346873, 6.254152400000024 ], [ -0.03735, 6.254767600000012 ], [ -0.0412655, 6.255538500000024 ], [ -0.0442638, 6.255999300000023 ], [ -0.0477234, 6.255795800000024 ], [ -0.0508349, 6.255265100000024 ], [ -0.0523726, 6.252514700000024 ], [ -0.0568897, 6.244467900000012 ], [ -0.0599983, 6.239139300000011 ], [ -0.0640243, 6.231904200000011 ], [ -0.0675635, 6.225616800000011 ], [ -0.0719409, 6.21763890000001 ] ] } },
{ "type": "Feature", "properties": { "line_id": 282576408, "circuits": 1.0, "tag_frequency": 50.0, "tag_type": "line", "voltage": 161000, "bus0": null, "bus1": null, "length": null, "underground": false, "under_construction": "False", "dc": false, "country": "GH" }, "geometry": { "type": "LineString", "coordinates": [ [ -0.3669818, 6.208673 ], [ -0.3653297, 6.207150099999959 ], [ -0.3630678, 6.204983299999959 ], [ -0.3605665, 6.202851499999959 ], [ -0.3575797, 6.200443800000077 ], [ -0.3551067, 6.198371200000075 ], [ -0.3528874, 6.196616400000075 ], [ -0.3497666, 6.194259600000072 ], [ -0.346164, 6.191573600000074 ], [ -0.3438005, 6.1897679 ], [ -0.3414064, 6.187938800000073 ], [ -0.3380001, 6.185426500000073 ], [ -0.3349428, 6.184662400000073 ], [ -0.331026, 6.183709400000073 ], [ -0.3273046, 6.1827795 ], [ -0.3238204, 6.1818942 ], [ -0.3210296, 6.1800009 ], [ -0.3179719, 6.1779263 ], [ -0.3146794, 6.1756543 ], [ -0.3111577, 6.173257 ], [ -0.3080624, 6.1711583 ], [ -0.3021227, 6.167073 ], [ -0.299415, 6.1655503 ], [ -0.2942947, 6.1632076 ], [ -0.2911524, 6.1614196 ], [ -0.2885038, 6.1596409 ], [ -0.2858028, 6.1573742 ], [ -0.2835739, 6.1543394 ], [ -0.2802466, 6.1498126 ], [ -0.2799766, 6.147018 ], [ -0.2794695, 6.1417675 ], [ -0.2788787, 6.1356518 ], [ -0.2782591, 6.1322489 ], [ -0.2777474, 6.1295267 ], [ -0.271917, 6.124791 ], [ -0.2691248, 6.1225028 ], [ -0.2654649, 6.1214387 ], [ -0.262194, 6.12051590000001 ], [ -0.2581646, 6.11932980000001 ], [ -0.2545752, 6.118313 ], [ -0.2512412, 6.117360900000011 ], [ -0.2457962, 6.1172016 ], [ -0.2436108, 6.11770660000001 ], [ -0.2411655, 6.118271700000011 ], [ -0.2394019, 6.119309100000011 ], [ -0.2358547, 6.121302700000012 ], [ -0.2329163, 6.122512100000011 ], [ -0.2310509, 6.121757400000011 ], [ -0.2300088, 6.121350700000011 ], [ -0.2280106, 6.122612100000011 ], [ -0.2257629, 6.124062900000011 ], [ -0.2235114, 6.125518900000031 ], [ -0.2232926, 6.125660400000011 ], [ -0.2225486, 6.1264604 ], [ -0.2210194, 6.128209900000011 ], [ -0.2199304, 6.129434 ], [ -0.217735, 6.130411400000011 ], [ -0.2134931, 6.13226420000001 ], [ -0.2113219, 6.1332196 ], [ -0.2075949, 6.1348558 ], [ -0.2050334, 6.1361958 ], [ -0.2029252, 6.1374506 ], [ -0.2003127, 6.1391267 ], [ -0.1978236, 6.1409161 ], [ -0.1958938, 6.1424362 ], [ -0.1930909, 6.1446403 ], [ -0.1912978, 6.1460644 ], [ -0.1889355, 6.1467498 ], [ -0.186093, 6.1475725 ], [ -0.1838078, 6.1482378 ], [ -0.1800312, 6.1493379 ], [ -0.1769058, 6.1502459 ], [ -0.1700306, 6.1521713 ], [ -0.1654239, 6.1535527 ], [ -0.1618405, 6.15456210000001 ], [ -0.1585615, 6.15551540000001 ], [ -0.1549137, 6.15658080000001 ], [ -0.1509427, 6.15771820000001 ], [ -0.1474243, 6.158712800000011 ], [ -0.1441473, 6.159666200000011 ], [ -0.14082, 6.16062760000001 ], [ -0.1372339, 6.16167960000001 ], [ -0.1340286, 6.16262760000001 ], [ -0.1306088, 6.163614300000011 ], [ -0.1262844, 6.164823 ], [ -0.1230872, 6.165739 ], [ -0.1197539, 6.167386300000011 ], [ -0.1167941, 6.168805 ], [ -0.1144432, 6.169610300000011 ], [ -0.1117784, 6.170549 ], [ -0.1085208, 6.171658300000011 ], [ -0.1057414, 6.172531 ], [ -0.1028949, 6.173555700000012 ], [ -0.100202, 6.174563600000011 ], [ -0.0978175, 6.177960900000012 ], [ -0.0960358, 6.180502900000011 ], [ -0.0940778, 6.183282900000011 ], [ -0.092205, 6.185966100000011 ], [ -0.0898936, 6.189266 ], [ -0.0874507, 6.192777900000011 ], [ -0.0836648, 6.198232300000011 ], [ -0.0814869, 6.20211740000001 ], [ -0.0794604, 6.20570250000001 ], [ -0.0725417, 6.2181402 ], [ -0.0710236, 6.22074670000001 ], [ -0.067703, 6.226704700000011 ], [ -0.063563, 6.234009200000012 ], [ -0.0609116, 6.238898 ], [ -0.0577708, 6.244215900000012 ], [ -0.0542852, 6.250349700000012 ], [ -0.052834, 6.252955900000024 ], [ -0.051087, 6.256134300000024 ], [ -0.0485341, 6.256352100000024 ], [ -0.045998, 6.256604300000023 ], [ -0.0439953, 6.256769700000024 ], [ -0.0415983, 6.256285800000024 ], [ -0.0260867, 6.252820700000024 ], [ -0.0206825, 6.253267900000024 ], [ -0.018845, 6.254725800000023 ], [ -0.016583, 6.256520600000024 ], [ -0.0136568, 6.258843600000024 ], [ -0.0104193, 6.261435200000023 ], [ -0.0079812, 6.263344200000024 ], [ -0.0058462, 6.265082500000024 ], [ -0.0036575, 6.266796900000024 ], [ -0.0015573, 6.26829 ], [ 0.000727, 6.2699352 ], [ 0.0030424, 6.271607500000023 ], [ 0.0066211, 6.274179700000023 ], [ 0.010286, 6.2768549 ], [ 0.0136934, 6.279628 ], [ 0.0175423, 6.282737 ], [ 0.0201346, 6.284831100000011 ], [ 0.0224625, 6.2867115 ], [ 0.0254908, 6.289184600000013 ], [ 0.028081, 6.291305200000012 ], [ 0.02978, 6.2926728 ], [ 0.0323556, 6.2945903 ], [ 0.0346252, 6.296348800000011 ], [ 0.0396822, 6.299995 ], [ 0.0418802, 6.3015795 ], [ 0.0440641, 6.3014594 ], [ 0.0487471, 6.2998145 ], [ 0.0511901, 6.2983494 ], [ 0.0533446, 6.2976552 ], [ 0.0558849, 6.296768 ] ] } },
{ "type": "Feature", "properties": { "line_id": 282576409, "circuits": 2.0, "tag_frequency": 50.0, "tag_type": "line", "voltage": 161000, "bus0": null, "bus1": null, "length": null, "underground": false, "under_construction": "False", "dc": false, "country": "GH" }, "geometry": { "type": "LineString", "coordinates": [ [ 0.0607074, 6.2938297 ], [ 0.0625545, 6.2919844 ], [ 0.0671395, 6.293073 ], [ 0.0689766, 6.2937878 ], [ 0.0750793, 6.2961341 ], [ 0.0791591, 6.2961046 ], [ 0.0828711, 6.2960653 ], [ 0.0859303, 6.2959575 ], [ 0.0927704, 6.2957217 ], [ 0.0977783, 6.2955255 ], [ 0.1054218, 6.2958818 ], [ 0.1105203, 6.296131 ], [ 0.1142662, 6.2962344 ], [ 0.1207574, 6.2963738 ], [ 0.1254065, 6.2964904 ], [ 0.1293654, 6.2966027 ], [ 0.1335316, 6.2966615 ], [ 0.1380606, 6.296075 ], [ 0.1425771, 6.2954822 ], [ 0.1469946, 6.2948957 ], [ 0.1512488, 6.2943376 ], [ 0.1556467, 6.2937323 ], [ 0.1604938, 6.293081400000023 ], [ 0.1641846, 6.292580200000023 ], [ 0.1685834, 6.291977700000023 ], [ 0.1723009, 6.291481800000023 ], [ 0.1772362, 6.29081 ], [ 0.1818871, 6.290186100000023 ], [ 0.1863503, 6.289583600000022 ], [ 0.1908028, 6.288970400000022 ], [ 0.1952606, 6.288405200000023 ], [ 0.2000779, 6.287749300000023 ], [ 0.2046215, 6.287098800000023 ], [ 0.2081191, 6.286661600000023 ], [ 0.212636, 6.286032400000023 ], [ 0.2166217, 6.285525800000023 ], [ 0.2209493, 6.284962200000023 ], [ 0.2250977, 6.284400800000023 ], [ 0.230243, 6.283705600000023 ], [ 0.2342779, 6.283171800000023 ], [ 0.2394476, 6.282470900000023 ], [ 0.2441409, 6.281853500000023 ], [ 0.248372, 6.281268600000023 ], [ 0.2537191, 6.280553800000023 ], [ 0.2585199, 6.279927100000023 ], [ 0.2627696, 6.27937 ], [ 0.2675983, 6.278710900000023 ], [ 0.2723524, 6.278079600000023 ], [ 0.2768122, 6.277466800000023 ], [ 0.2812861, 6.276877300000023 ], [ 0.2856152, 6.276292400000023 ], [ 0.2899676, 6.275707500000023 ], [ 0.2945162, 6.275108700000024 ], [ 0.2987612, 6.274514500000024 ], [ 0.3032958, 6.273938900000023 ], [ 0.3077463, 6.273298300000024 ], [ 0.3124303, 6.272629900000023 ], [ 0.317133, 6.272031 ], [ 0.3221859, 6.271455400000023 ], [ 0.326884, 6.270828700000023 ], [ 0.3313858, 6.270174200000024 ], [ 0.3357149, 6.269640400000023 ], [ 0.3399034, 6.2690883 ], [ 0.3438501, 6.268568100000024 ], [ 0.3477682, 6.268066700000023 ], [ 0.3519712, 6.267491100000023 ], [ 0.356175, 6.2669137 ], [ 0.360194, 6.2663617 ], [ 0.3648978, 6.2657156 ], [ 0.3692082, 6.265123500000023 ], [ 0.3737667, 6.265018 ], [ 0.378127, 6.264912400000022 ], [ 0.3828341, 6.264821 ], [ 0.3870457, 6.264680300000022 ], [ 0.3915688, 6.264504300000023 ], [ 0.3960282, 6.264405800000023 ], [ 0.4004801, 6.2642463 ], [ 0.4052584, 6.264075100000023 ], [ 0.4094135, 6.263934400000022 ], [ 0.413887, 6.263786700000022 ], [ 0.4185304, 6.263688200000022 ], [ 0.4232659, 6.263540400000022 ], [ 0.428065, 6.263427800000023 ], [ 0.4327863, 6.263273 ], [ 0.4372882, 6.263097100000023 ], [ 0.4418254, 6.262991600000023 ], [ 0.446299, 6.262857900000022 ], [ 0.4507654, 6.262717200000022 ], [ 0.4550762, 6.262590500000022 ], [ 0.4595639, 6.262492 ], [ 0.4636056, 6.262386500000022 ], [ 0.4682632, 6.262210600000022 ], [ 0.4729916, 6.262055800000022 ], [ 0.4775288, 6.261964300000022 ], [ 0.4822997, 6.261809500000022 ], [ 0.486483, 6.261689900000023 ], [ 0.4909707, 6.261570300000023 ], [ 0.4953593, 6.261394400000023 ], [ 0.5000735, 6.261253600000023 ], [ 0.504363, 6.26112 ], [ 0.5088578, 6.261000300000023 ], [ 0.5130907, 6.260859600000023 ], [ 0.5169909, 6.260754100000023 ], [ 0.5213087, 6.260641500000023 ], [ 0.5261645, 6.260521900000024 ], [ 0.5308574, 6.260324900000024 ], [ 0.5353239, 6.260240400000024 ], [ 0.5399107, 6.260078600000024 ], [ 0.5445824, 6.259846400000024 ], [ 0.5493359, 6.259733200000023 ], [ 0.551831, 6.2598655 ] ] } },
{ "type": "Feature", "properties": { "line_id": 282649339, "circuits": 1.0, "tag_frequency": 50.0, "tag_type": "line", "voltage": 161000, "bus0": null, "bus1": null, "length": null, "underground": false, "under_construction": "False", "dc": false, "country": "GH" }, "geometry": { "type": "LineString", "coordinates": [ [ 0.0133687, 5.675857800000014 ], [ 0.0130075, 5.676113200000014 ], [ 0.0102729, 5.6776323 ], [ 0.0090721, 5.6805685 ], [ 0.0075752, 5.6842604 ], [ 0.0061033, 5.6879229 ], [ 0.0046376, 5.6916027 ], [ 0.0034716, 5.6945448 ] ] } },
{ "type": "Feature", "properties": { "line_id": 282652303, "circuits": 1.0, "tag_frequency": 50.0, "tag_type": "line", "voltage": 161000, "bus0": null, "bus1": null, "length": null, "underground": false, "under_construction": "False", "dc": false, "country": "GH" }, "geometry": { "type": "LineString", "coordinates": [ [ 0.0020518, 5.6963271 ], [ 0.0007252, 5.695845799999977 ], [ -0.0004855, 5.6954449 ], [ -0.0019263, 5.6948828 ], [ -0.0056313, 5.6934104 ], [ -0.0072531, 5.6927541 ], [ -0.0092827, 5.6919422 ], [ -0.0114838, 5.6910762 ], [ -0.0140446, 5.6900108 ], [ -0.016467, 5.6890405 ], [ -0.018462, 5.6882445 ], [ -0.020587, 5.6873779 ], [ -0.0227274, 5.6865011 ], [ -0.0248692, 5.6856384 ], [ -0.0266957, 5.6848971 ], [ -0.0288698, 5.6840284 ], [ -0.031033, 5.6831503 ], [ -0.0332129, 5.6822703 ], [ -0.035413, 5.6814049 ], [ -0.0375856, 5.6805229 ], [ -0.0417115, 5.678861 ], [ -0.0441747, 5.677829400000027 ], [ -0.0463636, 5.676973 ], [ -0.0486811, 5.676066099999968 ], [ -0.0509529, 5.675120800000028 ], [ -0.0533253, 5.674139700000028 ], [ -0.0558764, 5.673146500000028 ], [ -0.0581748, 5.672208300000028 ], [ -0.0604155, 5.671303600000027 ], [ -0.0625731, 5.670434600000028 ], [ -0.064754, 5.669551700000027 ], [ -0.0669266, 5.6686702 ], [ -0.0691575, 5.6677994 ], [ -0.0716064, 5.6668106 ], [ -0.0738548, 5.6659024 ], [ -0.0761924, 5.6649483 ], [ -0.0782403, 5.6641302 ], [ -0.080441, 5.6632488 ], [ -0.0823427, 5.6624901 ], [ -0.0843719, 5.6616588 ], [ -0.086411, 5.6608354 ], [ -0.0884307, 5.6600107 ], [ -0.0904967, 5.659188 ], [ -0.0926049, 5.6583199 ], [ -0.0945609, 5.6575339 ], [ -0.0967812, 5.6566417 ], [ -0.0990061, 5.6557443 ], [ -0.101223, 5.6548528 ], [ -0.1034519, 5.6539601 ], [ -0.105593, 5.6530919 ], [ -0.1075356, 5.6523093 ], [ -0.1081981, 5.6520891 ] ] } },
{ "type": "Feature", "properties": { "line_id": 302110048, "circuits": 1.0, "tag_frequency": 50.0, "tag_type": "line", "voltage": 161000, "bus0": null, "bus1": null, "length": null, "underground": false, "under_construction": "False", "dc": false, "country": "GH" }, "geometry": { "type": "LineString", "coordinates": [ [ -2.3181101, 7.333207899999977 ], [ -2.317303, 7.333394899999982 ], [ -2.3160294, 7.333214799999981 ], [ -2.315001, 7.33086169999998 ], [ -2.3140669, 7.328198399999981 ], [ -2.3130441, 7.325223499999981 ], [ -2.3141712, 7.322069699999981 ], [ -2.3152574, 7.318934 ], [ -2.3187738, 7.316826799999981 ], [ -2.322951, 7.314292 ], [ -2.3246064, 7.313255199999981 ], [ -2.3262604, 7.312229499999981 ], [ -2.3301234, 7.309626199999982 ], [ -2.3340653, 7.306877499999981 ], [ -2.3364941, 7.305200599999981 ], [ -2.3384623, 7.303808799999981 ], [ -2.3396542, 7.301226399999981 ], [ -2.340522, 7.299500599999981 ], [ -2.3420816, 7.296250199999982 ], [ -2.3450458, 7.289964499999981 ], [ -2.3458976, 7.2879141 ], [ -2.3484027, 7.2818773 ], [ -2.3513451, 7.2748001 ], [ -2.3522007, 7.2727381 ], [ -2.3530671, 7.2706096 ], [ -2.3552236, 7.2654373 ], [ -2.3559505, 7.2637026 ], [ -2.3569644, 7.2612308 ], [ -2.3579273, 7.2588441 ], [ -2.3588982, 7.2565985 ], [ -2.3597699, 7.2545018 ], [ -2.36058, 7.2525595 ], [ -2.3642841, 7.2435953 ], [ -2.3651236, 7.2415864 ], [ -2.3678219, 7.2366373 ], [ -2.3695171, 7.2334602 ], [ -2.3732936, 7.2264514 ], [ -2.3757957, 7.221748800000017 ], [ -2.3769963, 7.219514200000017 ], [ -2.3794561, 7.214937200000016 ], [ -2.3810197, 7.21190920000001 ], [ -2.3820725, 7.20999620000001 ], [ -2.3877604, 7.1994015 ], [ -2.3889699, 7.1972437 ], [ -2.391102, 7.193239900000017 ], [ -2.3925366, 7.1905459 ], [ -2.3977928, 7.181441500000017 ], [ -2.426733, 7.126906100000017 ], [ -2.4321698, 7.1168132 ], [ -2.4354187, 7.114120300000017 ], [ -2.4804528, 7.07679160000001 ], [ -2.4821003, 7.07543760000001 ], [ -2.4836684, 7.07411940000001 ], [ -2.4946496, 7.0644185 ], [ -2.5417032, 6.980121200000018 ], [ -2.5531691, 6.9597926 ], [ -2.56024, 6.9471938 ], [ -2.5600663, 6.916138100000014 ] ] } },
{ "type": "Feature", "properties": { "line_id": 302127320, "circuits": 1.0, "tag_frequency": 50.0, "tag_type": "line", "voltage": 161000, "bus0": null, "bus1": null, "length": null, "underground": false, "under_construction": "False", "dc": false, "country": "GH" }, "geometry": { "type": "LineString", "coordinates": [ [ -1.6921038, 6.1853341 ], [ -1.692836, 6.1853688 ], [ -1.6965964, 6.1840808 ], [ -1.7001021, 6.1827369 ], [ -1.7038223, 6.1813342 ], [ -1.7064858, 6.1802649 ], [ -1.7094415, 6.1775716 ], [ -1.7110616, 6.1761183 ], [ -1.7129311, 6.1743903 ], [ -1.7155945, 6.1719583 ], [ -1.7180407, 6.1697503 ], [ -1.719355, 6.167945 ], [ -1.7213398, 6.1652036 ], [ -1.7233354, 6.1624089 ], [ -1.7395011, 6.1398401 ], [ -1.7465445, 6.1299674 ], [ -1.7613637, 6.1078612 ], [ -1.7632091, 6.1050876 ], [ -1.7651323, 6.1021699 ], [ -1.7670903, 6.0992548 ], [ -1.7722803, 6.0913364 ], [ -1.7740549, 6.085939299999965 ], [ -1.7720156, 6.077446299999967 ], [ -1.7704113, 6.070746199999967 ], [ -1.7692247, 6.065947 ], [ -1.764912, 6.047544699999969 ], [ -1.7640774, 6.04353669999997 ], [ -1.7638558, 6.03730169999997 ], [ -1.7634938, 6.02785869999997 ], [ -1.7650017, 6.019440199999972 ], [ -1.7706801, 6.005629299999972 ], [ -1.7790412, 5.985432599999974 ], [ -1.7803015, 5.982388299999974 ] ] } },
{ "type": "Feature", "properties": { "line_id": 302127321, "circuits": 2.0, "tag_frequency": 50.0, "tag_type": "line", "voltage": 161000, "bus0": null, "bus1": null, "length": null, "underground": false, "under_construction": "False", "dc": false, "country": "GH" }, "geometry": { "type": "LineString", "coordinates": [ [ -1.9306889, 5.959766 ], [ -1.9281002, 5.961698399999976 ], [ -1.9226413, 5.965840499999977 ], [ -1.9199289, 5.967851599999976 ], [ -1.9174076, 5.968909399999976 ], [ -1.91534, 5.969772 ], [ -1.9120652, 5.971092899999976 ], [ -1.9111998, 5.9714374 ], [ -1.9092109, 5.972229199999976 ], [ -1.9047459, 5.974096599999975 ], [ -1.9017216, 5.975302599999975 ], [ -1.8989655, 5.976403899999974 ], [ -1.8988604, 5.976528199999975 ] ] } },
{ "type": "Feature", "properties": { "line_id": 302127322, "circuits": 1.0, "tag_frequency": 50.0, "tag_type": "line", "voltage": 161000, "bus0": null, "bus1": null, "length": null, "underground": false, "under_construction": "False", "dc": false, "country": "GH" }, "geometry": { "type": "LineString", "coordinates": [ [ -1.7797449, 5.96307 ], [ -1.7807523, 5.963301899999977 ], [ -1.7828412, 5.9640645 ], [ -1.7903256, 5.966371199999977 ], [ -1.7955515, 5.968535599999976 ], [ -1.797952, 5.969375599999976 ], [ -1.8006941, 5.970346199999976 ], [ -1.8031629, 5.971214099999976 ], [ -1.8069551, 5.970541099999976 ], [ -1.8103858, 5.969964499999976 ], [ -1.813902, 5.969387799999976 ], [ -1.8172522, 5.968838299999976 ], [ -1.8197772, 5.968402 ], [ -1.8231323, 5.967857399999977 ], [ -1.8261703, 5.967359499999977 ], [ -1.8310618, 5.966546299999977 ], [ -1.8328831, 5.966255399999977 ], [ -1.8370856, 5.965562899999978 ], [ -1.8405845, 5.964969 ], [ -1.8462953, 5.964063399999977 ], [ -1.8497471, 5.96349 ], [ -1.8525063, 5.963788799999977 ], [ -1.8544292, 5.964040199999977 ], [ -1.858047, 5.964478899999977 ], [ -1.8599401, 5.964690799999977 ], [ -1.8658376, 5.965363599999978 ], [ -1.8694604, 5.965839299999978 ], [ -1.872543, 5.966236099999978 ], [ -1.8752538, 5.966635299999977 ], [ -1.8786511, 5.969023499999977 ], [ -1.8806483, 5.970438099999976 ], [ -1.8829751, 5.972111499999976 ], [ -1.8856265, 5.974048599999976 ], [ -1.88832, 5.975059 ], [ -1.8915587, 5.975507499999975 ], [ -1.89675, 5.976222199999975 ], [ -1.8988604, 5.976528199999975 ], [ -1.9009981, 5.979073199999974 ], [ -1.9031514, 5.981833399999974 ], [ -1.9046704, 5.983723599999974 ], [ -1.907488, 5.987325799999974 ], [ -1.9101775, 5.990778399999973 ], [ -1.9139724, 5.995549599999973 ], [ -1.9170177, 5.999433799999973 ], [ -1.9184317, 6.001253 ], [ -1.9197774, 6.002512899999973 ], [ -1.921696, 6.004346099999973 ], [ -1.9237793, 6.006309899999972 ], [ -1.9256349, 6.008056 ], [ -1.9280494, 6.010340499999972 ], [ -1.9301257, 6.012297299999972 ], [ -1.9328188, 6.014848399999972 ], [ -1.9349582, 6.016868 ], [ -1.9375006, 6.019270899999971 ], [ -1.9392405, 6.020915799999972 ], [ -1.9425381, 6.02405929999997 ], [ -1.94729, 6.028541 ], [ -1.950587, 6.031644 ], [ -1.9527071, 6.033670399999971 ], [ -1.9538986, 6.034827399999971 ], [ -1.9555071, 6.036346899999971 ], [ -1.9578918, 6.03855629999997 ], [ -1.960725, 6.041264099999969 ], [ -1.9624264, 6.042888 ], [ -1.9639701, 6.04438649999997 ], [ -1.9669768, 6.04774239999997 ], [ -1.9691074, 6.052307499999968 ], [ -1.9707823, 6.055812399999968 ], [ -1.9716076, 6.057539099999969 ], [ -1.973316, 6.061130199999969 ], [ -1.974362, 6.063416099999968 ], [ -1.9753169, 6.065376299999969 ], [ -1.9778734, 6.065975699999968 ], [ -1.9806926, 6.066611599999968 ], [ -1.9838886, 6.067343399999968 ], [ -1.9862452, 6.067859199999968 ], [ -1.9919205, 6.069162499999967 ], [ -1.9948309, 6.069850699999967 ], [ -2.0050002, 6.072117499999966 ], [ -2.0075479, 6.072669799999966 ], [ -2.0086579, 6.073603699999966 ], [ -2.0109971, 6.075400099999967 ], [ -2.0143805, 6.078022299999967 ], [ -2.0167512, 6.079869099999966 ], [ -2.0196896, 6.082137599999965 ], [ -2.0212385, 6.083395599999965 ], [ -2.0227401, 6.084542 ], [ -2.0314608, 6.091305699999964 ], [ -2.0357956, 6.094673499999963 ], [ -2.0375846, 6.096074299999963 ], [ -2.0560422, 6.110400699999964 ], [ -2.0579443, 6.110709099999965 ], [ -2.0626962, 6.111482599999964 ], [ -2.0681051, 6.112369399999964 ], [ -2.0721474, 6.113031399999964 ], [ -2.0739714, 6.113334599999964 ], [ -2.0767801, 6.113777099999965 ], [ -2.0826745, 6.114747499999964 ], [ -2.0847578, 6.115099399999965 ], [ -2.0886494, 6.115751 ], [ -2.0978623, 6.117242299999964 ], [ -2.1154087, 6.129138799999964 ], [ -2.1401515, 6.144133099999962 ], [ -2.1425613, 6.145549299999962 ], [ -2.1446534, 6.146775699999962 ], [ -2.1464392, 6.149902099999961 ], [ -2.1518164, 6.1592437 ], [ -2.1521439, 6.159812699999961 ], [ -2.153163, 6.161597699999961 ], [ -2.1549625, 6.16471589999996 ], [ -2.1579587, 6.16993159999996 ], [ -2.1615892, 6.17627249999996 ], [ -2.1633484, 6.179328 ], [ -2.1679058, 6.18726269999996 ], [ -2.1697543, 6.19048179999996 ], [ -2.1711701, 6.192925799999959 ], [ -2.1742364, 6.198331 ], [ -2.1767367, 6.202637 ], [ -2.183299, 6.21399769999996 ], [ -2.1856556, 6.21576569999996 ], [ -2.1883259, 6.21780719999996 ], [ -2.1906739, 6.21957689999996 ], [ -2.1939977, 6.22208169999996 ], [ -2.2009131, 6.227358399999959 ], [ -2.2038836, 6.229605299999959 ], [ -2.2076151, 6.232421099999959 ], [ -2.2093268, 6.233723599999959 ], [ -2.2216092, 6.24550209999996 ], [ -2.183299, 6.21399769999996 ] ] } },
{ "type": "Feature", "properties": { "line_id": 302127323, "circuits": 1.0, "tag_frequency": 50.0, "tag_type": "line", "voltage": 161000, "bus0": null, "bus1": null, "length": null, "underground": false, "under_construction": "False", "dc": false, "country": "GH" }, "geometry": { "type": "LineString", "coordinates": [ [ -0.3698375, 6.21055969999996 ], [ -0.3724431, 6.21268769999996 ], [ -0.3776598, 6.215832700000022 ], [ -0.3803681, 6.217470300000021 ], [ -0.3835022, 6.219361500000021 ], [ -0.3860558, 6.220906100000022 ], [ -0.3894112, 6.222935800000021 ], [ -0.3920624, 6.224550300000022 ], [ -0.3954139, 6.226575400000021 ], [ -0.3980304, 6.228136600000021 ], [ -0.4008475, 6.229852100000022 ], [ -0.4032648, 6.231324200000022 ], [ -0.405493, 6.232672100000022 ], [ -0.4086775, 6.234983800000022 ], [ -0.4113396, 6.236986200000022 ], [ -0.4145019, 6.239336600000022 ], [ -0.4168689, 6.241175 ], [ -0.4202096, 6.243705300000022 ], [ -0.4241122, 6.246704900000021 ], [ -0.4301392, 6.251545500000021 ], [ -0.4323506, 6.253677200000021 ], [ -0.4340082, 6.255544900000021 ], [ -0.4383492, 6.260388700000019 ], [ -0.4401049, 6.262347800000021 ], [ -0.4424934, 6.268404 ], [ -0.4437204, 6.271499800000019 ], [ -0.4487845, 6.284311500000021 ], [ -0.4512683, 6.290450100000021 ], [ -0.456925, 6.304628 ], [ -0.4608692, 6.310393900000021 ], [ -0.4632765, 6.313924200000021 ], [ -0.4688984, 6.322000700000021 ], [ -0.4694872, 6.322973700000021 ], [ -0.472558, 6.327846299999983 ], [ -0.4761243, 6.333505200000021 ], [ -0.4792558, 6.337519900000021 ], [ -0.481561, 6.340593400000019 ], [ -0.487871, 6.348800200000021 ], [ -0.4906632, 6.351166100000021 ], [ -0.4938832, 6.353653200000021 ], [ -0.4959109, 6.35523930000002 ], [ -0.4987997, 6.35748250000002 ], [ -0.5015463, 6.35964980000002 ], [ -0.5034211, 6.36111460000002 ], [ -0.5074418, 6.36395620000002 ], [ -0.5114517, 6.36681640000002 ], [ -0.5154723, 6.36965140000002 ], [ -0.5188713, 6.37204650000002 ], [ -0.5218922, 6.37419630000002 ], [ -0.5246474, 6.376154200000021 ], [ -0.5277139, 6.37833330000002 ], [ -0.5303907, 6.38022860000002 ], [ -0.5335386, 6.38223380000002 ], [ -0.5364183, 6.384049 ], [ -0.5391227, 6.385745 ], [ -0.5417801, 6.38738230000002 ], [ -0.5449162, 6.38943750000002 ], [ -0.5475006, 6.39103880000002 ], [ -0.5496839, 6.39244480000002 ], [ -0.5516915, 6.39371960000002 ], [ -0.5538145, 6.395047700000021 ], [ -0.5557805, 6.39630050000002 ], [ -0.557373, 6.397814 ], [ -0.5590662, 6.399423200000021 ], [ -0.5609787, 6.40158220000002 ], [ -0.5630185, 6.40390650000002 ], [ -0.5644615, 6.40552980000002 ], [ -0.5664665, 6.408199200000021 ], [ -0.568635, 6.411088600000021 ], [ -0.5711254, 6.414407 ], [ -0.5726004, 6.417444400000021 ], [ -0.5740745, 6.420480200000021 ], [ -0.5756798, 6.423750600000021 ], [ -0.5772335, 6.426999600000022 ], [ -0.5787201, 6.430131400000022 ], [ -0.5800116, 6.432788800000022 ], [ -0.5818355, 6.434782400000022 ], [ -0.5877954, 6.441349700000022 ], [ -0.5905286, 6.442372900000023 ], [ -0.5936659, 6.443547300000023 ], [ -0.5972005, 6.444870500000023 ], [ -0.5996843, 6.446013900000023 ], [ -0.6021578, 6.447147900000023 ], [ -0.6054255, 6.448645800000023 ], [ -0.6086013, 6.450098400000023 ], [ -0.611482, 6.451689500000023 ], [ -0.615567, 6.453944300000023 ], [ -0.6206551, 6.456726800000023 ], [ -0.6225689, 6.457907500000023 ], [ -0.6247737, 6.459266700000023 ], [ -0.6288895, 6.461789300000023 ], [ -0.6338489, 6.464840900000023 ], [ -0.6363434, 6.466585200000023 ], [ -0.6382236, 6.467891200000023 ], [ -0.6418687, 6.470448400000023 ], [ -0.6445201, 6.472431200000023 ], [ -0.6466109, 6.474027600000023 ], [ -0.648699, 6.475613300000023 ], [ -0.6520571, 6.478162500000023 ], [ -0.6552368, 6.479932100000023 ], [ -0.657557, 6.481223300000023 ], [ -0.6598569, 6.482372 ], [ -0.6624466, 6.483661900000023 ], [ -0.6683609, 6.486616100000022 ], [ -0.6706287, 6.487759400000022 ], [ -0.6747526, 6.489808800000022 ], [ -0.6776655, 6.491266500000021 ], [ -0.6823001, 6.493937200000021 ], [ -0.6858999, 6.49629410000002 ], [ -0.6886411, 6.498114200000021 ], [ -0.6914252, 6.501236300000021 ], [ -0.6933799, 6.503480100000021 ], [ -0.6959943, 6.506464900000021 ], [ -0.6982085, 6.508989900000022 ], [ -0.700302, 6.511361700000021 ], [ -0.7024209, 6.513798100000022 ], [ -0.704735, 6.516437600000022 ], [ -0.7073736, 6.519434900000022 ], [ -0.7090071, 6.521323700000021 ], [ -0.7121298, 6.523494200000021 ], [ -0.7145472, 6.525176400000022 ], [ -0.7183144, 6.527785200000022 ], [ -0.721356, 6.529898400000022 ], [ -0.7239175, 6.531277500000021 ], [ -0.7270242, 6.532937600000021 ], [ -0.7283123, 6.53365580000002 ], [ -0.7310897, 6.53516140000002 ], [ -0.7345498, 6.537044100000021 ], [ -0.7375498, 6.538674900000021 ], [ -0.7413907, 6.540764100000021 ], [ -0.7452826, 6.542897200000021 ], [ -0.7482907, 6.544530700000021 ], [ -0.7514235, 6.54621940000002 ], [ -0.7536216, 6.54800410000002 ], [ -0.7564285, 6.55024120000002 ], [ -0.7590229, 6.55232360000002 ], [ -0.7612451, 6.554073600000019 ], [ -0.7632011, 6.554792400000019 ], [ -0.7651833, 6.555525200000019 ], [ -0.7677461, 6.556787 ], [ -0.7723267, 6.559045900000019 ], [ -0.7742921, 6.560009900000018 ], [ -0.774579, 6.560153700000019 ], [ -0.77544, 6.560476200000019 ] ] } },
{ "type": "Feature", "properties": { "line_id": 302127324, "circuits": 1.0, "tag_frequency": 50.0, "tag_type": "line", "voltage": 161000, "bus0": null, "bus1": null, "length": null, "underground": false, "under_construction": "False", "dc": false, "country": "GH" }, "geometry": { "type": "LineString", "coordinates": [ [ 0.0180469, 5.6728707 ], [ 0.0199952, 5.671399799999977 ], [ 0.0212547, 5.670277199999978 ], [ 0.0214026, 5.6699049 ], [ 0.0214873, 5.6696916 ] ] } },
{ "type": "Feature", "properties": { "line_id": 302127325, "circuits": 1.0, "tag_frequency": 50.0, "tag_type": "line", "voltage": 161000, "bus0": null, "bus1": null, "length": null, "underground": false, "under_construction": "False", "dc": false, "country": "GH" }, "geometry": { "type": "LineString", "coordinates": [ [ -1.6879866, 6.164539600000021 ], [ -1.6879705, 6.1638036 ], [ -1.6879463, 6.1622863 ], [ -1.6902289, 6.1615342 ], [ -1.6895315, 6.1586542 ], [ -1.6887054, 6.1553688 ], [ -1.6852963, 6.1542594 ], [ -1.6818523, 6.1564781 ], [ -1.6799855, 6.1583422 ], [ -1.677011, 6.1613342 ], [ -1.6735107, 6.1648863 ], [ -1.6701606, 6.1640169 ], [ -1.6667032, 6.1630836 ], [ -1.6626611, 6.1625529 ], [ -1.6579029, 6.1619369 ], [ -1.654754, 6.1616036 ], [ -1.6519725, 6.1595102 ], [ -1.649324, 6.1574418 ], [ -1.6476796, 6.157075599999961 ], [ -1.6449967, 6.1566295 ], [ -1.6424321, 6.1562476 ], [ -1.640313, 6.1558954 ], [ -1.6381028, 6.1555181 ], [ -1.6358178, 6.155103499999961 ], [ -1.631525, 6.154338199999961 ], [ -1.6277775, 6.153684700000021 ], [ -1.6248297, 6.153170599999961 ], [ -1.6211776, 6.15254630000002 ], [ -1.6181452, 6.152027899999961 ], [ -1.6150553, 6.151490399999961 ], [ -1.6101339, 6.1506279 ], [ -1.6072143, 6.150116299999961 ], [ -1.6040337, 6.14954310000002 ], [ -1.6014833, 6.149155299999961 ], [ -1.5961516, 6.148173599999962 ], [ -1.5920401, 6.147483899999962 ], [ -1.5908899, 6.14725530000002 ], [ -1.5902965, 6.14712830000002 ], [ -1.5859232, 6.14641070000002 ], [ -1.5825749, 6.145950099999962 ], [ -1.5791607, 6.145421499999962 ], [ -1.5749587, 6.14473610000002 ], [ -1.5716097, 6.144189899999962 ], [ -1.5691034, 6.143791199999963 ], [ -1.5655624, 6.143253599999963 ], [ -1.5617028, 6.142644899999963 ], [ -1.5578324, 6.142071799999963 ], [ -1.5544633, 6.141495099999963 ], [ -1.5512482, 6.140961099999963 ], [ -1.5477645, 6.140366599999963 ], [ -1.5438109, 6.13968980000002 ], [ -1.5411035, 6.1392264 ], [ -1.5344133, 6.138081199999963 ], [ -1.5314172, 6.13756870000002 ], [ -1.5290246, 6.13715950000002 ], [ -1.5259637, 6.136635899999964 ], [ -1.522715, 6.13608840000002 ], [ -1.5196235, 6.13556740000002 ], [ -1.5160783, 6.134969899999963 ], [ -1.5134754, 6.134521399999963 ], [ -1.5108071, 6.13407090000002 ], [ -1.5074982, 6.13351220000002 ], [ -1.5043884, 6.132987099999964 ], [ -1.5009785, 6.132391 ], [ -1.4976463, 6.13179790000002 ], [ -1.4952657, 6.131378 ], [ -1.4914168, 6.130758599999965 ], [ -1.488574, 6.130292199999965 ], [ -1.4854055, 6.12977220000002 ], [ -1.4819288, 6.129128199999964 ], [ -1.4785848, 6.128562099999963 ], [ -1.4755594, 6.128056599999963 ], [ -1.4729958, 6.127608099999963 ], [ -1.4688748, 6.126896099999963 ], [ -1.4661596, 6.128050499999963 ], [ -1.4633935, 6.126413199999964 ], [ -1.4598073, 6.12584290000002 ], [ -1.4572869, 6.125370099999963 ], [ -1.4556328, 6.124629699999963 ], [ -1.4528186, 6.124174 ], [ -1.4501405, 6.123689799999964 ], [ -1.4470328, 6.123145199999964 ], [ -1.4435598, 6.122529299999965 ], [ -1.4403447, 6.121984599999965 ], [ -1.4375627, 6.121496899999965 ], [ -1.433679, 6.120810699999964 ], [ -1.4307675, 6.120309799999965 ], [ -1.428613, 6.119932199999965 ], [ -1.4253092, 6.119383399999965 ], [ -1.420147, 6.118472199999965 ], [ -1.4137393, 6.117352 ], [ -1.4113772, 6.116941699999964 ], [ -1.4088607, 6.116508699999964 ], [ -1.405291, 6.115889399999964 ], [ -1.4007998, 6.115106599999964 ], [ -1.3979455, 6.114609 ], [ -1.3951528, 6.114107099999964 ], [ -1.3917121, 6.113523199999965 ], [ -1.3893686, 6.113118499999964 ], [ -1.3856935, 6.112483699999964 ], [ -1.38289, 6.111986099999964 ], [ -1.3791304, 6.111344199999964 ], [ -1.3762089, 6.110830599999964 ], [ -1.3725252, 6.110186199999964 ], [ -1.3701353, 6.109758199999964 ], [ -1.3672593, 6.109252299999963 ], [ -1.3638213, 6.108640599999963 ], [ -1.3607275, 6.108104399999963 ], [ -1.3570642, 6.107452399999963 ], [ -1.3546616, 6.107019399999963 ], [ -1.3516033, 6.106470599999963 ], [ -1.3486286, 6.105934399999963 ], [ -1.3461272, 6.105509 ], [ -1.3427171, 6.104927499999963 ], [ -1.3403449, 6.104537299999963 ], [ -1.3355473, 6.103704099999963 ], [ -1.3324029, 6.103142699999964 ], [ -1.3296105, 6.102636699999964 ], [ -1.3260028, 6.101997299999964 ], [ -1.3229521, 6.101458599999964 ], [ -1.3136329, 6.099809699999964 ], [ -1.3103063, 6.099250899999964 ], [ -1.3062657, 6.098528399999964 ], [ -1.3012884, 6.09764930000002 ], [ -1.2972234, 6.096302799999964 ], [ -1.2950133, 6.095580299999964 ], [ -1.2916056, 6.094429799999963 ], [ -1.2887726, 6.093465699999963 ], [ -1.285846, 6.092476299999963 ], [ -1.2831827, 6.092436099999963 ], [ -1.2802383, 6.092463799999964 ], [ -1.2777015, 6.092466299999963 ], [ -1.2738787, 6.092473799999963 ], [ -1.271747, 6.092488499999963 ], [ -1.2692503, 6.09204230000002 ], [ -1.2660709, 6.091474 ], [ -1.2641241, 6.091139199999964 ], [ -1.2612379, 6.090633199999965 ], [ -1.2582125, 6.09010340000002 ], [ -1.25152, 6.088931399999964 ], [ -1.2484617, 6.088380099999965 ], [ -1.2459275, 6.087944599999965 ], [ -1.2418211, 6.087222099999964 ], [ -1.2395932, 6.086854499999965 ], [ -1.2355653, 6.086119499999965 ], [ -1.2333652, 6.085739299999965 ], [ -1.230269, 6.085228299999964 ], [ -1.2269803, 6.084629099999964 ], [ -1.2237245, 6.084040099999965 ], [ -1.22029, 6.083469800000019 ], [ -1.2173188, 6.082952400000019 ], [ -1.215603, 6.08263960000002 ], [ -1.2131723, 6.08223260000002 ], [ -1.209334, 6.081496799999965 ], [ -1.20662, 6.080983199999966 ], [ -1.2033718, 6.080338699999966 ], [ -1.1993971, 6.079623799999966 ], [ -1.1961103, 6.079004299999966 ], [ -1.1926982, 6.078359899999967 ], [ -1.1897158, 6.077800899999967 ], [ -1.1868121, 6.077274 ], [ -1.1835898, 6.076665199999967 ], [ -1.1802636, 6.076035099999967 ], [ -1.1771594, 6.075472499999966 ], [ -1.1741233, 6.074917099999967 ], [ -1.1710728, 6.074326099999967 ], [ -1.1677932, 6.073699499999966 ], [ -1.1644706, 6.073101399999966 ], [ -1.1613235, 6.072375099999967 ], [ -1.1568087, 6.071317699999967 ], [ -1.1537297, 6.070611899999967 ], [ -1.1514486, 6.070249399999967 ], [ -1.1490384, 6.069894399999967 ], [ -1.1456586, 6.069370799999967 ], [ -1.1423193, 6.068945299999967 ], [ -1.1390205, 6.068331 ], [ -1.1362787, 6.067825 ], [ -1.1338558, 6.067379399999968 ], [ -1.1296456, 6.066588899999968 ], [ -1.1271798, 6.066128199999969 ], [ -1.124243, 6.065586899999968 ], [ -1.1198834, 6.064761199999968 ], [ -1.1162504, 6.064073899999968 ], [ -1.1125086, 6.063338799999968 ], [ -1.1098579, 6.062832699999968 ], [ -1.1068477, 6.062301499999968 ], [ -1.1032021, 6.061591599999969 ], [ -1.1004602, 6.061075499999969 ], [ -1.0969716, 6.060410899999969 ], [ -1.0942677, 6.059889699999969 ], [ -1.090617, 6.059179799999969 ], [ -1.0889435, 6.058860099999968 ], [ -1.0852878, 6.058160199999969 ], [ -1.0822953, 6.057591199999969 ], [ -1.079281, 6.057037899999968 ], [ -1.0761053, 6.056435699999968 ], [ -1.0737857, 6.056023099999968 ], [ -1.069892, 6.055280399999967 ], [ -1.0671223, 6.054787 ], [ -1.0640362, 6.054190299999967 ], [ -1.0614943, 6.053719499999967 ], [ -1.0587525, 6.053213499999967 ], [ -1.0552284, 6.052566499999967 ], [ -1.0521752, 6.051989899999968 ], [ -1.0494106, 6.051486399999968 ], [ -1.0464485, 6.050937599999968 ], [ -1.0427117, 6.050222599999969 ], [ -1.0405977, 6.049839899999968 ], [ -1.0375572, 6.049268399999969 ], [ -1.0350305, 6.048807699999969 ], [ -1.0318608, 6.048203499999969 ], [ -1.029076, 6.04770249999997 ], [ -1.0262354, 6.047173799999969 ], [ -1.0231518, 6.046582099999969 ], [ -1.021215, 6.046232199999969 ], [ -1.0180049, 6.04560279999997 ], [ -1.0145592, 6.04492549999997 ], [ -1.0114959, 6.04432889999997 ], [ -1.0084958, 6.043754799999969 ], [ -1.0054983, 6.04319089999997 ], [ -1.0021463, 6.042561499999969 ], [ -0.9993209, 6.04201769999997 ], [ -0.996088, 6.041431099999969 ], [ -0.9932879, 6.040904899999969 ], [ -0.9895461, 6.040192399999969 ], [ -0.9872245, 6.03976439999997 ], [ -0.9846801, 6.03929859999997 ], [ -0.9820866, 6.038810700000019 ], [ -0.9787594, 6.038184900000019 ], [ -0.9754319, 6.037576500000019 ], [ -0.9728134, 6.037081300000019 ], [ -0.969091, 6.036396300000019 ], [ -0.9576777, 6.034219200000019 ], [ -0.9557939, 6.033864900000019 ], [ -0.9521852, 6.033186 ], [ -0.9492447, 6.032632900000019 ], [ -0.946096, 6.032040600000019 ], [ -0.9436286, 6.031576500000019 ], [ -0.9401468, 6.030935600000019 ], [ -0.9371863, 6.030379600000019 ], [ -0.9338159, 6.02977169999997 ], [ -0.9307475, 6.029210299999971 ], [ -0.9277247, 6.02862869999997 ], [ -0.9250082, 6.028112599999971 ], [ -0.9217803, 6.02757879999997 ], [ -0.9187827, 6.02698209999997 ], [ -0.9156308, 6.026398 ], [ -0.9096408, 6.025255 ], [ -0.906823, 6.02472119999997 ], [ -0.9031394, 6.02402379999997 ], [ -0.8994051, 6.02353789999997 ], [ -0.8951898, 6.02316529999997 ], [ -0.8926657, 6.02293109999997 ], [ -0.8905163, 6.02275989999997 ], [ -0.8874884, 6.022498099999971 ], [ -0.8847061, 6.022037299999971 ], [ -0.8812402, 6.021438099999971 ], [ -0.8778806, 6.020864099999971 ], [ -0.8749363, 6.020393199999972 ], [ -0.8716957, 6.019967699999971 ], [ -0.8687564, 6.019587599999971 ], [ -0.866726, 6.019320699999971 ], [ -0.8630576, 6.018849899999971 ], [ -0.8600347, 6.018447 ], [ -0.8566853, 6.018016499999971 ], [ -0.8537181, 6.017641399999971 ], [ -0.8509864, 6.017276299999971 ], [ -0.8474142, 6.016818099999972 ], [ -0.8448673, 6.016480699999971 ], [ -0.8413356, 6.016012399999972 ], [ -0.8382368, 6.015607 ], [ -0.8355684, 6.015259599999972 ], [ -0.8321481, 6.014826499999971 ], [ -0.8296543, 6.014514299999972 ], [ -0.8268619, 6.014154299999972 ], [ -0.8243023, 6.013794199999973 ] ] } },
{ "type": "Feature", "properties": { "line_id": 302127326, "circuits": 1.0, "tag_frequency": 50.0, "tag_type": "line", "voltage": 161000, "bus0": null, "bus1": null, "length": null, "underground": false, "under_construction": "False", "dc": false, "country": "GH" }, "geometry": { "type": "LineString", "coordinates": [ [ -2.133586, 7.806450799999954 ], [ -2.1357622, 7.804206299999954 ], [ -2.1431821, 7.796513 ], [ -2.1505059, 7.788907799999953 ], [ -2.1540977, 7.787843499999953 ], [ -2.1569751, 7.786976 ], [ -2.1646062, 7.784695299999953 ], [ -2.1742175, 7.781822799999953 ], [ -2.1771509, 7.780955799999952 ], [ -2.1910145, 7.776823399999953 ], [ -2.1943845, 7.775811799999953 ], [ -2.1977942, 7.774788 ], [ -2.2011295, 7.773791199999953 ], [ -2.2051091, 7.772605399999953 ], [ -2.2078967, 7.771780399999953 ], [ -2.2112122, 7.770783599999953 ], [ -2.2120845, 7.767582099999952 ], [ -2.2129022, 7.764655399999953 ], [ -2.2137843, 7.761495499999953 ], [ -2.2146426, 7.758310799999953 ], [ -2.2155992, 7.754824699999952 ], [ -2.2164788, 7.751626699999952 ], [ -2.2174626, 7.748063399999952 ], [ -2.2183249, 7.744859199999953 ], [ -2.2191323, 7.742194900000015 ], [ -2.2200859, 7.738707900000016 ], [ -2.2209173, 7.735687300000015 ], [ -2.2218326, 7.732368800000016 ], [ -2.2238282, 7.729554800000016 ], [ -2.225866, 7.726681300000016 ], [ -2.227879, 7.723871900000016 ], [ -2.2298625, 7.721089100000015 ], [ -2.2319533, 7.718110900000015 ], [ -2.2338885, 7.715386600000016 ], [ -2.235933, 7.712540600000016 ], [ -2.2379051, 7.709774300000015 ], [ -2.2399141, 7.706948900000016 ], [ -2.2417259, 7.704364 ], [ -2.2436799, 7.701619600000016 ], [ -2.245882, 7.698535 ], [ -2.2459075, 7.695289500000015 ], [ -2.2459142, 7.691843300000015 ], [ -2.2459035, 7.688359900000015 ], [ -2.2458407, 7.684900399999952 ], [ -2.2458547, 7.682101199999952 ], [ -2.2458652, 7.678020599999952 ], [ -2.2458757, 7.674797699999952 ], [ -2.2458862, 7.671817899999952 ], [ -2.2458757, 7.669022099999952 ], [ -2.2458722, 7.665472699999953 ], [ -2.2473651, 7.662437299999953 ], [ -2.2491067, 7.658797499999952 ], [ -2.2506066, 7.655696 ], [ -2.2522186, 7.652337499999952 ], [ -2.2536659, 7.649295 ], [ -2.2552638, 7.645971199999952 ], [ -2.2567987, 7.642775799999952 ], [ -2.258218, 7.639830599999952 ], [ -2.2598545, 7.636395499999952 ], [ -2.261407, 7.633189699999952 ], [ -2.2627772, 7.630289499999952 ], [ -2.2644382, 7.626816099999952 ], [ -2.2656928, 7.624235399999952 ], [ -2.2673293, 7.620789799999952 ], [ -2.268731, 7.617903399999951 ], [ -2.2703536, 7.614489099999951 ], [ -2.2717728, 7.611522699999951 ], [ -2.2734654, 7.608004099999951 ], [ -2.2748531, 7.605103699999951 ], [ -2.2765562, 7.601567699999951 ], [ -2.2748461, 7.59825039999995 ], [ -2.2733287, 7.59524579999995 ], [ -2.2728154, 7.591620800000015 ], [ -2.2723647, 7.588217300000015 ], [ -2.2718941, 7.584662900000016 ], [ -2.2714287, 7.581166600000016 ], [ -2.2709687, 7.577827200000016 ], [ -2.2704886, 7.574247100000016 ], [ -2.269991, 7.570579300000016 ], [ -2.2695471, 7.567259700000016 ], [ -2.2701024, 7.563812500000016 ], [ -2.2706817, 7.560282900000016 ], [ -2.2712423, 7.556838300000016 ], [ -2.271831, 7.553274 ], [ -2.2723313, 7.550117800000016 ], [ -2.2729133, 7.546487 ], [ -2.2734511, 7.543199100000016 ], [ -2.2740506, 7.539528400000016 ], [ -2.2744676, 7.536910600000016 ], [ -2.2748891, 7.533905799999953 ], [ -2.2705468, 7.516026099999953 ], [ -2.2698424, 7.513137299999953 ], [ -2.2689909, 7.509631799999953 ], [ -2.2683349, 7.507506899999953 ], [ -2.2674325, 7.503188399999953 ], [ -2.2648923, 7.492752 ], [ -2.2667096, 7.486277099999985 ], [ -2.2676421, 7.482918399999985 ], [ -2.2685168, 7.479774599999985 ], [ -2.2694368, 7.476470799999984 ], [ -2.2702512, 7.473568899999984 ], [ -2.2701924, 7.469667099999984 ], [ -2.2701415, 7.467167199999984 ], [ -2.2700769, 7.463682499999984 ], [ -2.2698981, 7.453027899999984 ], [ -2.2695284, 7.432672299999984 ], [ -2.2694553, 7.428048499999984 ], [ -2.2693923, 7.424579299999984 ], [ -2.2693394, 7.421175199999984 ], [ -2.2692889, 7.418195899999985 ], [ -2.2692486, 7.415049099999985 ], [ -2.2691579, 7.410325099999985 ], [ -2.2690974, 7.407248299999985 ], [ -2.2690218, 7.402804199999985 ], [ -2.2689537, 7.399222399999985 ], [ -2.2688579, 7.393705899999985 ], [ -2.2688178, 7.390381299999985 ], [ -2.2687486, 7.386796099999986 ], [ -2.2686993, 7.384052099999986 ], [ -2.2660426, 7.381255599999986 ], [ -2.2638221, 7.378913399999986 ], [ -2.2611755, 7.376131299999986 ], [ -2.2591465, 7.374004099999985 ], [ -2.2562252, 7.370932 ], [ -2.2537803, 7.368369799999986 ], [ -2.2513203, 7.365797599999985 ], [ -2.2489586, 7.363272899999985 ], [ -2.2464331, 7.360648199999985 ], [ -2.2440638, 7.358163499999985 ], [ -2.2414626, 7.355406199999985 ], [ -2.2397008, 7.353576399999985 ], [ -2.2402805, 7.349279199999985 ], [ -2.2405174, 7.347486899999984 ], [ -2.2409938, 7.343909599999984 ], [ -2.2416668, 7.340134799999984 ], [ -2.2423194, 7.336504799999983 ], [ -2.2428665, 7.333386599999982 ], [ -2.2436871, 7.32875209999998 ], [ -2.2443979, 7.325042199999981 ], [ -2.2449121, 7.321914799999981 ], [ -2.2455347, 7.318379799999981 ], [ -2.2460816, 7.315339799999981 ], [ -2.246621, 7.312259799999981 ], [ -2.2475007, 7.307369799999981 ], [ -2.2478359, 7.305397199999981 ], [ -2.2490609, 7.298504499999981 ], [ -2.2494137, 7.294501899999982 ], [ -2.249633, 7.291706699999981 ], [ -2.2500262, 7.288154 ], [ -2.2502934, 7.284563799999981 ] ] } },
{ "type": "Feature", "properties": { "line_id": 302127327, "circuits": 1.0, "tag_frequency": 50.0, "tag_type": "line", "voltage": 161000, "bus0": null, "bus1": null, "length": null, "underground": false, "under_construction": "False", "dc": false, "country": "GH" }, "geometry": { "type": "LineString", "coordinates": [ [ -0.775681400000011, 6.56064 ], [ -0.776110600000011, 6.560895799999989 ], [ -0.779486200000011, 6.5625679 ], [ -0.782119400000011, 6.563848299999989 ], [ -0.785041, 6.5655989 ], [ -0.786919200000011, 6.566712699999989 ], [ -0.788989200000011, 6.567936499999989 ], [ -0.791337500000011, 6.569354699999989 ], [ -0.793943300000011, 6.5712013 ], [ -0.796889700000011, 6.573348899999989 ], [ -0.800125700000011, 6.575723 ], [ -0.802199100000011, 6.577212499999989 ], [ -0.804704300000011, 6.579216299999989 ], [ -0.807469600000011, 6.581402499999989 ], [ -0.810354400000011, 6.583688699999989 ], [ -0.812733, 6.585573799999986 ], [ -0.815568800000012, 6.587821099999986 ], [ -0.818353400000012, 6.590028 ], [ -0.822515500000012, 6.592809299999987 ], [ -0.828082400000011, 6.596211799999987 ], [ -0.831360100000011, 6.598036899999989 ], [ -0.833383100000011, 6.598671699999989 ], [ -0.836454900000011, 6.599664199999989 ], [ -0.839735300000011, 6.60068 ], [ -0.842441600000011, 6.601516699999989 ], [ -0.845669700000011, 6.602554499999989 ], [ -0.849900800000011, 6.603083399999989 ], [ -0.854755600000011, 6.603612199999988 ], [ -0.858866100000011, 6.604047899999988 ], [ -0.861514800000012, 6.603796099999986 ], [ -0.865205500000012, 6.603528299999986 ], [ -0.867792500000012, 6.603311199999986 ], [ -0.873131500000012, 6.602836899999986 ], [ -0.876902600000012, 6.602518499999986 ], [ -0.883598100000012, 6.601977599999986 ], [ -0.886985100000012, 6.601631199999987 ], [ -0.890631500000012, 6.601338199999987 ], [ -0.901585700000012, 6.601271399999987 ], [ -0.905069200000012, 6.601250199999987 ], [ -0.908048500000012, 6.601192899999987 ], [ -0.912881800000012, 6.601185499999987 ], [ -0.916143300000012, 6.601180499999987 ], [ -0.918474200000012, 6.601177 ], [ -0.922450600000012, 6.601151599999986 ], [ -0.927585700000012, 6.601430099999987 ], [ -0.932337200000012, 6.601684499999987 ], [ -0.935490100000012, 6.601841699999987 ], [ -0.938481500000012, 6.602021099999987 ], [ -0.943555500000012, 6.602325299999987 ], [ -0.947305300000012, 6.602506499999986 ], [ -0.951595500000012, 6.602763599999986 ], [ -0.954914700000012, 6.602980799999987 ], [ -0.958799900000012, 6.603146 ], [ -0.961618900000012, 6.603239199999987 ], [ -0.965116500000012, 6.603465699999987 ], [ -0.968954700000012, 6.603926599999986 ], [ -0.972961900000012, 6.603926599999986 ], [ -0.975646800000012, 6.604091799999986 ], [ -0.977614200000012, 6.604201099999986 ], [ -0.981703900000012, 6.604482799999986 ], [ -0.985734600000011, 6.604666 ], [ -0.987315800000012, 6.604744599999986 ], [ -0.990126700000012, 6.605170899999986 ], [ -0.993940800000012, 6.605727799999986 ], [ -0.997915900000011, 6.606329899999986 ], [ -1.001677700000011, 6.606906799999987 ], [ -1.005428700000011, 6.607483599999987 ], [ -1.007770300000011, 6.608037799999987 ], [ -1.010132, 6.608592 ], [ -1.013102500000011, 6.609282099999986 ], [ -1.016301100000011, 6.610242599999986 ], [ -1.018795500000011, 6.610976599999986 ], [ -1.021944400000011, 6.611917099999985 ], [ -1.025198, 6.611866499999985 ], [ -1.028857800000011, 6.611797299999985 ], [ -1.032429200000011, 6.611757299999985 ], [ -1.035806100000012, 6.611708 ], [ -1.038705600000012, 6.611666699999985 ], [ -1.041794800000012, 6.610387099999985 ], [ -1.044000900000012, 6.609485199999986 ], [ -1.047787500000012, 6.607951899999986 ], [ -1.050597800000012, 6.606805499999986 ], [ -1.054453500000011, 6.605238899999986 ], [ -1.058828200000012, 6.603405099999986 ], [ -1.061469500000012, 6.602378599999986 ], [ -1.065858900000012, 6.600620099999985 ], [ -1.070694900000012, 6.598637799999985 ], [ -1.073424100000012, 6.597494699999985 ], [ -1.076390600000012, 6.596566099999985 ], [ -1.08032, 6.595311199999985 ], [ -1.081814, 6.594846199999985 ], [ -1.084296400000012, 6.594252099999985 ], [ -1.087819500000012, 6.593438099999985 ], [ -1.092355100000012, 6.592394899999985 ], [ -1.096181300000012, 6.591491699999986 ], [ -1.098379300000012, 6.591181299999986 ], [ -1.102036500000012, 6.590665699999986 ], [ -1.105268600000012, 6.590155399999986 ], [ -1.108035300000012, 6.590838899999986 ], [ -1.112261100000012, 6.591918 ], [ -1.115616600000012, 6.592744 ], [ -1.118791, 6.593801799999986 ], [ -1.121494600000012, 6.594755599999986 ], [ -1.124537600000012, 6.595694899999986 ], [ -1.128341600000011, 6.597031799999986 ], [ -1.132082, 6.598382599999986 ], [ -1.135081400000011, 6.599456399999986 ], [ -1.137983500000011, 6.600508199999986 ], [ -1.141469, 6.601785799999986 ], [ -1.143703300000011, 6.603012699999986 ], [ -1.147511400000012, 6.605068299999986 ], [ -1.150895700000012, 6.606940099999986 ], [ -1.155057100000012, 6.609214099999986 ], [ -1.158283800000012, 6.610958 ], [ -1.162139500000011, 6.613068199999986 ], [ -1.165945500000011, 6.614473599999986 ], [ -1.169337200000012, 6.615761799999986 ], [ -1.172722800000012, 6.617038 ], [ -1.176756200000012, 6.618556699999987 ], [ -1.180457600000012, 6.619884899999986 ], [ -1.184227500000012, 6.621261 ], [ -1.188734900000012, 6.622902199999986 ], [ -1.192294200000012, 6.624259699999986 ], [ -1.198041500000012, 6.626407099999986 ], [ -1.200614400000012, 6.627358299999987 ], [ -1.203611800000012, 6.628439299999987 ], [ -1.206771400000012, 6.629606899999986 ], [ -1.212802400000011, 6.631848899999986 ], [ -1.217079200000011, 6.633422099999986 ], [ -1.220057800000012, 6.635199199999986 ], [ -1.223933500000012, 6.635545499999987 ], [ -1.226877300000011, 6.635813299999986 ], [ -1.231123200000011, 6.636210299999987 ], [ -1.233588200000011, 6.636375499999987 ], [ -1.237045500000011, 6.636677799999988 ], [ -1.239995900000011, 6.637464199999988 ], [ -1.241369200000011, 6.637780799999987 ], [ -1.246379600000011, 6.638047299999988 ], [ -1.250663100000011, 6.638195099999987 ], [ -1.254683700000011, 6.638343 ], [ -1.258425400000011, 6.638648 ], [ -1.262672700000011, 6.639043699999988 ], [ -1.266446600000011, 6.639315399999988 ], [ -1.269335300000011, 6.639515199999988 ], [ -1.273606700000011, 6.639897599999988 ], [ -1.278507100000011, 6.640310499999988 ], [ -1.282943500000011, 6.640699499999988 ], [ -1.285891200000011, 6.640976599999988 ], [ -1.290121100000011, 6.641328199999988 ], [ -1.293052700000011, 6.641621299999988 ], [ -1.296652300000011, 6.641921 ], [ -1.299432400000011, 6.642155499999989 ], [ -1.303674300000011, 6.642536499999989 ], [ -1.307807600000011, 6.642892099999989 ], [ -1.311411100000011, 6.643217199999989 ], [ -1.314958300000011, 6.643534199999989 ], [ -1.318405, 6.643828599999988 ], [ -1.322396100000011, 6.644186899999989 ], [ -1.326139100000011, 6.64452 ], [ -1.328643, 6.644729099999989 ], [ -1.332581800000011, 6.645083399999988 ], [ -1.33497830000001, 6.645769499999987 ], [ -1.33873750000001, 6.646844499999987 ], [ -1.34166910000001, 6.649251499999988 ], [ -1.34419840000001, 6.651334899999988 ], [ -1.347256200000011, 6.653839199999988 ], [ -1.349765400000011, 6.655897299999988 ], [ -1.352130400000011, 6.657839399999988 ], [ -1.353910700000011, 6.659292699999988 ], [ -1.357008700000011, 6.661842199999987 ], [ -1.360385600000011, 6.664560899999987 ], [ -1.363970300000011, 6.667442099999987 ], [ -1.365906900000011, 6.669023299999988 ], [ -1.368485800000011, 6.671119899999987 ], [ -1.3718088, 6.673821 ], [ -1.3744757, 6.675798499999959 ], [ -1.3781474, 6.678495499999959 ], [ -1.3810979, 6.68066 ], [ -1.3838979, 6.682743099999959 ], [ -1.3865288, 6.684671399999959 ], [ -1.3894265, 6.68681479999996 ], [ -1.3928053, 6.68928969999996 ], [ -1.395909, 6.69155909999996 ], [ -1.3983894, 6.69332729999996 ], [ -1.402172, 6.69600059999996 ], [ -1.4049323, 6.697965599999959 ], [ -1.4079278, 6.700069599999959 ], [ -1.4116074, 6.70268779999996 ], [ -1.4140428, 6.70429069999996 ], [ -1.4176484, 6.706680599999959 ], [ -1.420039, 6.708301899999959 ], [ -1.4236411, 6.710685499999958 ], [ -1.4263668, 6.712509099999957 ], [ -1.4283778, 6.713612099999957 ], [ -1.431642, 6.715402499999957 ], [ -1.4352287, 6.717729 ], [ -1.438699, 6.719998299999957 ], [ -1.4420625, 6.722180099999957 ], [ -1.4455248, 6.724440499999957 ], [ -1.4488978, 6.726645199999957 ] ] } },
{ "type": "Feature", "properties": { "line_id": 302127328, "circuits": 1.0, "tag_frequency": 50.0, "tag_type": "line", "voltage": 161000, "bus0": null, "bus1": null, "length": null, "underground": false, "under_construction": "False", "dc": false, "country": "GH" }, "geometry": { "type": "LineString", "coordinates": [ [ -1.519204, 6.696387 ], [ -1.5178734, 6.698834899999959 ], [ -1.5172242, 6.700055599999959 ], [ -1.5155987, 6.700621599999959 ], [ -1.5139781, 6.701209799999959 ], [ -1.5123402, 6.701775799999959 ], [ -1.5075503, 6.70348379999996 ], [ -1.5061181, 6.703980899999959 ], [ -1.5046734, 6.704495199999959 ], [ -1.5033254, 6.704982499999959 ], [ -1.5021434, 6.705415599999959 ], [ -1.5010655, 6.70581679999996 ], [ -1.5000124, 6.70622779999996 ], [ -1.4984562, 6.706843 ], [ -1.4972445, 6.707293399999959 ], [ -1.496065, 6.707746199999959 ], [ -1.4943701, 6.708405699999958 ], [ -1.4933319, 6.708806899999958 ], [ -1.4922614, 6.709222799999958 ], [ -1.4912206, 6.709616499999957 ], [ -1.4898528, 6.709498399999958 ], [ -1.488153, 6.709323699999958 ], [ -1.4864828, 6.709163699999959 ], [ -1.4841387, 6.708873299999959 ], [ -1.4814352, 6.708639499999958 ], [ -1.4797279, 6.708548499999958 ], [ -1.4781792, 6.708691199999958 ] ] } },
{ "type": "Feature", "properties": { "line_id": 302127330, "circuits": 1.0, "tag_frequency": 50.0, "tag_type": "line", "voltage": 161000, "bus0": null, "bus1": null, "length": null, "underground": false, "under_construction": "False", "dc": false, "country": "GH" }, "geometry": { "type": "LineString", "coordinates": [ [ -0.8226298, 6.013611799999973 ], [ -0.8205639, 6.013902 ], [ -0.8178464, 6.013957099999972 ], [ -0.8159202, 6.013966 ], [ -0.8128544, 6.013524899999973 ], [ -0.8100707, 6.013136799999972 ], [ -0.8073675, 6.012722 ], [ -0.8040951, 6.012253799999971 ], [ -0.8020471, 6.011961799999971 ], [ -0.799403, 6.011582599999972 ], [ -0.7958012, 6.011062699999973 ], [ -0.7931105, 6.012912499999972 ], [ -0.7897432, 6.015308799999972 ], [ -0.7859641, 6.017993499999971 ], [ -0.7814206, 6.021187399999971 ], [ -0.7781231, 6.02347869999997 ], [ -0.7739466, 6.02639829999997 ], [ -0.7667125, 6.03148459999997 ], [ -0.7633953, 6.033806099999971 ], [ -0.7612757, 6.035347799999971 ], [ -0.7584365, 6.03727929999997 ], [ -0.7548857, 6.03975660000002 ], [ -0.7520641, 6.04172520000002 ], [ -0.7488089, 6.043996199999969 ], [ -0.7458193, 6.04610749999997 ], [ -0.7412537, 6.049251300000019 ], [ -0.7380764, 6.051471200000019 ], [ -0.7346834, 6.05382160000002 ], [ -0.7278722, 6.05851420000002 ], [ -0.7245507, 6.06083190000002 ], [ -0.7112784, 6.070034399999967 ], [ -0.7073451, 6.071667199999967 ], [ -0.7037149, 6.073129399999966 ], [ -0.6984287, 6.075314599999967 ], [ -0.6876332, 6.079726699999966 ], [ -0.6545359, 6.093296799999963 ], [ -0.6193905, 6.096732899999964 ], [ -0.6144812, 6.097134500000013 ], [ -0.6100729, 6.097667200000012 ], [ -0.6065123, 6.097984600000013 ], [ -0.6018508, 6.098407099999964 ], [ -0.5979294, 6.098820100000013 ], [ -0.5908904, 6.09914530000002 ], [ -0.5889379, 6.09930150000002 ], [ -0.5802194, 6.100190100000019 ], [ -0.5756584, 6.100655 ], [ -0.5622876, 6.101828500000013 ], [ -0.5391079, 6.103794100000013 ], [ -0.5335812, 6.106142400000014 ], [ -0.5288981, 6.108119900000013 ], [ -0.5205604, 6.111637700000013 ], [ -0.5175935, 6.112895900000013 ], [ -0.5153936, 6.113828800000013 ], [ -0.5067227, 6.117547200000013 ], [ -0.5040294, 6.118697400000013 ], [ -0.4938121, 6.123026800000012 ], [ -0.4477988, 6.154602100000012 ], [ -0.446005, 6.156248 ], [ -0.4410128, 6.161395600000012 ], [ -0.4355852, 6.167107300000012 ], [ -0.4331577, 6.169635400000012 ], [ -0.4307279, 6.172196 ], [ -0.4281197, 6.173535100000012 ], [ -0.4252578, 6.175004400000012 ], [ -0.4214699, 6.176954100000012 ], [ -0.4179229, 6.178827500000012 ], [ -0.4149935, 6.180421 ], [ -0.4085376, 6.18374549999996 ], [ -0.4039487, 6.186899500000012 ], [ -0.4007593, 6.189111900000012 ], [ -0.3978186, 6.191153500000012 ], [ -0.394027, 6.193744400000012 ], [ -0.3905837, 6.196176499999959 ], [ -0.3875203, 6.198249 ], [ -0.3841737, 6.200572800000012 ], [ -0.3791547, 6.204081799999958 ], [ -0.3761994, 6.206382399999959 ], [ -0.3723549, 6.21007369999996 ], [ -0.370038, 6.21035969999996 ] ] } },
{ "type": "Feature", "properties": { "line_id": 302127331, "circuits": 1.0, "tag_frequency": 50.0, "tag_type": "line", "voltage": 161000, "bus0": null, "bus1": null, "length": null, "underground": false, "under_construction": "False", "dc": false, "country": "GH" }, "geometry": { "type": "LineString", "coordinates": [ [ -2.3182853, 7.333637099999976 ], [ -2.3176933, 7.333757299999982 ], [ -2.3149156, 7.333715499999983 ], [ -2.3111796, 7.333645199999983 ], [ -2.3072335, 7.333558199999983 ], [ -2.3045126, 7.333520699999982 ], [ -2.3029232, 7.3336039 ], [ -2.3013468, 7.333458199999982 ], [ -2.2971291, 7.333385299999982 ], [ -2.2946464, 7.333328799999982 ], [ -2.2913955, 7.333259799999981 ], [ -2.2889894, 7.333229799999981 ], [ -2.2847048, 7.333152 ], [ -2.2821893, 7.333107 ], [ -2.2780647, 7.33301829999998 ], [ -2.2754864, 7.332962899999981 ], [ -2.2728457, 7.33290609999998 ], [ -2.2690869, 7.33283539999998 ], [ -2.2660676, 7.33277859999998 ], [ -2.260835, 7.33266389999998 ], [ -2.2567625, 7.33258439999998 ], [ -2.2529805, 7.33252959999998 ], [ -2.2498134, 7.33247479999998 ], [ -2.2451134, 7.336539399999984 ], [ -2.2433537, 7.338047199999983 ], [ -2.2407747, 7.340269899999983 ], [ -2.2390447, 7.341758 ], [ -2.235179, 7.345083099999984 ], [ -2.2328368, 7.347097799999984 ], [ -2.2310727, 7.348615199999984 ], [ -2.2277078, 7.351535899999985 ], [ -2.2259509, 7.353045399999985 ], [ -2.2236322, 7.355069399999985 ], [ -2.2216895, 7.356711499999985 ], [ -2.218469, 7.359497199999985 ], [ -2.2160273, 7.361579399999985 ], [ -2.213664, 7.363643899999985 ], [ -2.2112597, 7.365710199999985 ], [ -2.209358, 7.367347 ], [ -2.2062016, 7.370051299999986 ], [ -2.2042001, 7.371753499999985 ], [ -2.2004306, 7.374989799999986 ], [ -2.1985861, 7.376603499999956 ], [ -2.1965973, 7.378323299999956 ], [ -2.1948704, 7.379790499999956 ], [ -2.1930095, 7.381388 ], [ -2.1896762, 7.384249599999956 ], [ -2.1874758, 7.386166299999956 ], [ -2.1852447, 7.388062699999955 ], [ -2.1823412, 7.390571199999956 ], [ -2.1799917, 7.392773699999956 ], [ -2.1776907, 7.395206299999955 ], [ -2.1751407, 7.397902099999955 ], [ -2.1734326, 7.399936099999955 ], [ -2.1718754, 7.402131699999956 ], [ -2.1700198, 7.404749 ], [ -2.1681505, 7.407415599999956 ], [ -2.1661131, 7.410289699999955 ], [ -2.1644153, 7.412697899999955 ], [ -2.1629353, 7.414767499999955 ], [ -2.1607178, 7.417940899999954 ], [ -2.1593424, 7.419917 ], [ -2.1564904, 7.423864099999955 ], [ -2.1549384, 7.426166699999955 ], [ -2.1532337, 7.428527099999955 ], [ -2.1505566, 7.432324499999955 ], [ -2.1485124, 7.435157599999955 ], [ -2.1467803, 7.437642099999954 ], [ -2.1448955, 7.440308599999955 ], [ -2.1431188, 7.442798099999955 ], [ -2.141114, 7.445617599999955 ], [ -2.1384129, 7.449445399999955 ], [ -2.1367817, 7.451771899999954 ], [ -2.1353434, 7.453789599999954 ], [ -2.1334614, 7.456430099999954 ], [ -2.131429, 7.459337499999954 ], [ -2.1297901, 7.461683399999954 ], [ -2.1281638, 7.464132899999954 ], [ -2.1265794, 7.466369599999954 ], [ -2.1245809, 7.469188 ], [ -2.1221022, 7.472732599999953 ], [ -2.1203026, 7.475250399999953 ], [ -2.1186364, 7.477561299999953 ], [ -2.1163711, 7.480802799999953 ], [ -2.1144381, 7.483527299999953 ], [ -2.1130169, 7.485556899999954 ], [ -2.1109728, 7.488417699999953 ], [ -2.1091218, 7.491008199999953 ], [ -2.1073462, 7.493570699999953 ], [ -2.1055026, 7.496184699999954 ], [ -2.103882, 7.498430199999953 ], [ -2.1015784, 7.501719199999953 ], [ -2.1000197, 7.503935099999953 ], [ -2.0985011, 7.506082899999953 ], [ -2.0962889, 7.509211399999953 ], [ -2.0949511, 7.511104199999953 ], [ -2.0927235, 7.514231599999953 ], [ -2.091368, 7.516150199999953 ], [ -2.0899878, 7.518088499999953 ], [ -2.0863081, 7.523306399999953 ], [ -2.0691687, 7.547395 ], [ -2.0675379, 7.549649800000012 ], [ -2.0652688, 7.549841300000011 ], [ -2.061924, 7.550131100000011 ], [ -2.0584774, 7.550327900000012 ], [ -2.0540652, 7.550676200000011 ], [ -2.0500553, 7.550982 ], [ -2.0469359, 7.551205300000011 ], [ -2.0336053, 7.552226300000011 ], [ -2.0263754, 7.552853099999953 ], [ -2.0234564, 7.553064399999953 ], [ -2.0209933, 7.553256 ], [ -2.0180074, 7.553506499999953 ], [ -2.0149669, 7.553752199999953 ], [ -2.0112153, 7.554044499999953 ], [ -2.0086828, 7.554258199999953 ], [ -2.0048024, 7.554570199999953 ], [ -2.0020172, 7.554771599999953 ], [ -1.9992369, 7.555012299999952 ], [ -1.9965167, 7.555176099999953 ], [ -1.9940159, 7.555326699999952 ], [ -1.9909953, 7.556216 ], [ -1.9880316, 7.557092899999952 ], [ -1.9847038, 7.558082799999952 ], [ -1.9816658, 7.558999099999952 ], [ -1.9788484, 7.559822 ], [ -1.9758897, 7.560698899999952 ], [ -1.9726585, 7.561666699999952 ], [ -1.9699179, 7.562467499999952 ], [ -1.9672169, 7.563263399999952 ], [ -1.9646398, 7.564027299999952 ], [ -1.9610964, 7.565086 ], [ -1.9583508, 7.565901599999952 ], [ -1.9553872, 7.566798099999952 ], [ -1.9524533, 7.567655399999952 ], [ -1.9486371, 7.568798299999951 ], [ -1.9456427, 7.569679799999951 ], [ -1.942147, 7.570708899999952 ], [ -1.9391293, 7.571621199999951 ], [ -1.9361335, 7.572483299999951 ], [ -1.9326426, 7.573511399999951 ], [ -1.9301467, 7.574273399999951 ], [ -1.9272276, 7.575416199999951 ] ] } },
{ "type": "Feature", "properties": { "line_id": 302127335, "circuits": 1.0, "tag_frequency": 50.0, "tag_type": "line", "voltage": 161000, "bus0": null, "bus1": null, "length": null, "underground": false, "under_construction": "False", "dc": false, "country": "GH" }, "geometry": { "type": "LineString", "coordinates": [ [ 0.0583163, 6.2952077 ], [ 0.0608471, 6.29407029999996 ], [ 0.068061, 6.29558259999996 ], [ 0.068667, 6.29703419999996 ] ] } },
{ "type": "Feature", "properties": { "line_id": 302127336, "circuits": 1.0, "tag_frequency": 50.0, "tag_type": "line", "voltage": 161000, "bus0": null, "bus1": null, "length": null, "underground": false, "under_construction": "False", "dc": false, "country": "GH" }, "geometry": { "type": "LineString", "coordinates": [ [ -1.219691600000011, 6.634649 ], [ -1.220124800000011, 6.634935399999987 ], [ -1.224091, 6.635285299999987 ], [ -1.227969, 6.635627499999988 ], [ -1.230815400000011, 6.635878599999987 ], [ -1.233438, 6.636089 ], [ -1.237089800000011, 6.636399399999987 ], [ -1.24127370000001, 6.636772499999987 ], [ -1.246532500000011, 6.637241299999987 ], [ -1.250468600000011, 6.637575699999988 ], [ -1.254707900000011, 6.637964699999988 ], [ -1.258685600000011, 6.638352299999988 ], [ -1.262845700000011, 6.638698699999988 ], [ -1.266565900000011, 6.638994399999988 ], [ -1.269820800000011, 6.639268799999988 ], [ -1.273811900000011, 6.639615199999988 ], [ -1.277748100000011, 6.639942899999988 ], [ -1.28196990000001, 6.640312899999987 ], [ -1.285133500000011, 6.640590299999988 ], [ -1.289796600000011, 6.641002799999987 ], [ -1.293050100000011, 6.641313599999988 ], [ -1.297155200000011, 6.641675899999988 ], [ -1.30069970000001, 6.641974299999988 ], [ -1.304595600000011, 6.64233 ], [ -1.308856300000011, 6.642700299999988 ], [ -1.312578100000011, 6.643024599999988 ], [ -1.320825700000011, 6.643743299999988 ], [ -1.328051500000011, 6.644393399999988 ], [ -1.332623400000011, 6.644763699999988 ], [ -1.33542090000001, 6.645563 ], [ -1.33885150000001, 6.646558099999987 ], [ -1.34176840000001, 6.648963799999986 ], [ -1.34453770000001, 6.651231 ], [ -1.34795220000001, 6.654031 ], [ -1.35087180000001, 6.656402099999987 ], [ -1.353580500000011, 6.658612699999988 ], [ -1.35707570000001, 6.661465299999987 ], [ -1.35992830000001, 6.663779 ], [ -1.363150300000011, 6.666398499999987 ], [ -1.365531400000011, 6.668323899999987 ], [ -1.368821100000011, 6.670994699999987 ], [ -1.3719752, 6.673554599999959 ], [ -1.372691, 6.6740848 ], [ -1.3780829, 6.678079299999959 ], [ -1.3812246, 6.680381499999958 ], [ -1.3846688, 6.682932299999959 ], [ -1.3875097, 6.68501739999996 ], [ -1.3902013, 6.68701719999996 ], [ -1.3931318, 6.68916229999996 ], [ -1.3960586, 6.69134019999996 ], [ -1.3988585, 6.69333259999996 ], [ -1.4023737, 6.69580169999996 ], [ -1.4063465, 6.698606499999959 ], [ -1.4091464, 6.700634099999959 ], [ -1.4117557, 6.70246129999996 ], [ -1.41438, 6.704179099999959 ], [ -1.4182855, 6.706720499999959 ], [ -1.4216084, 6.708859299999959 ], [ -1.424948, 6.711042699999958 ], [ -1.4285192, 6.713352499999957 ], [ -1.4312065, 6.712233199999957 ], [ -1.4353372, 6.711974799999957 ], [ -1.4381673, 6.711803699999957 ], [ -1.4429575, 6.711516499999957 ], [ -1.447647, 6.711228499999957 ], [ -1.4513887, 6.710881499999958 ], [ -1.4548677, 6.710583799999958 ], [ -1.4584591, 6.710267099999958 ], [ -1.4629845, 6.709868 ], [ -1.4668432, 6.709527699999957 ], [ -1.470225900000011, 6.709229399999987 ], [ -1.4735936, 6.708932399999958 ], [ -1.477422, 6.708605099999958 ], [ -1.4804352, 6.708376299999959 ], [ -1.4836838, 6.708649399999958 ], [ -1.4887376, 6.709229099999958 ], [ -1.4911337, 6.709450599999958 ], [ -1.4935993, 6.708517899999959 ], [ -1.4978391, 6.706861699999959 ], [ -1.5010009, 6.70565579999996 ], [ -1.507565, 6.70327849999996 ], [ -1.5114207, 6.701902799999959 ], [ -1.5170902, 6.699909299999959 ], [ -1.5187034, 6.697001299999959 ], [ -1.519105300000011, 6.696313099999988 ], [ -1.5194044, 6.6954034 ], [ -1.519201800000011, 6.695034499999988 ] ] } },
{ "type": "Feature", "properties": { "line_id": 302127337, "circuits": 1.0, "tag_frequency": 50.0, "tag_type": "line", "voltage": 161000, "bus0": null, "bus1": null, "length": null, "underground": false, "under_construction": "False", "dc": false, "country": "GH" }, "geometry": { "type": "LineString", "coordinates": [ [ -2.05138830000001, 5.5216973 ], [ -2.050977900000011, 5.5213009 ], [ -2.04936860000001, 5.5229588 ], [ -2.04753670000001, 5.524849 ], [ -2.04492960000001, 5.527755 ], [ -2.04310970000001, 5.52978 ], [ -2.04042350000001, 5.5327634 ], [ -2.03835820000001, 5.5350687 ], [ -2.03583420000001, 5.5378972 ], [ -2.03406930000001, 5.5398528 ], [ -2.031139, 5.543128499999989 ], [ -2.02965570000001, 5.544782299999989 ], [ -2.02748050000001, 5.547219699999989 ], [ -2.02530520000001, 5.549614399999989 ], [ -2.02304410000001, 5.552141199999989 ], [ -2.01624470000001, 5.559733599999989 ], [ -2.01278460000001, 5.560757299999989 ], [ -2.008236900000011, 5.562110799999989 ], [ -2.005470200000011, 5.562951699999989 ], [ -2.0019551, 5.564046699999977 ], [ -2.0003498, 5.564526299999978 ], [ -1.9990345, 5.567122499999978 ], [ -1.9969902, 5.571350399999978 ], [ -1.9958618, 5.573618799999978 ], [ -1.9939856, 5.577387599999978 ], [ -1.9931738, 5.579087399999978 ], [ -1.9907265, 5.580884799999978 ], [ -1.9874766, 5.583368199999978 ], [ -1.9851305, 5.585119399999979 ], [ -1.9814691, 5.587877599999978 ], [ -1.9801125, 5.588780599999978 ], [ -1.9770582, 5.590881599999978 ], [ -1.9738941, 5.593032199999978 ], [ -1.9705464, 5.595321 ], [ -1.9675504, 5.597360699999978 ], [ -1.9644977, 5.599439499999978 ], [ -1.9620162, 5.601603700000013 ], [ -1.9597467, 5.603585400000012 ], [ -1.9574602, 5.605541200000012 ], [ -1.9555134, 5.607169100000013 ], [ -1.9535154, 5.608911600000014 ], [ -1.9500214, 5.611871300000015 ], [ -1.9479015, 5.611516900000015 ], [ -1.9450332, 5.611067400000015 ], [ -1.9410384, 5.610407600000014 ], [ -1.9374681, 5.609818 ], [ -1.9329556, 5.609089200000014 ], [ -1.9300662, 5.608652100000014 ], [ -1.9273388, 5.608191300000014 ], [ -1.9241719, 5.607664700000013 ], [ -1.9207579, 5.607107400000013 ], [ -1.9174642, 5.606550600000013 ], [ -1.9138355, 5.605955400000012 ], [ -1.9107621, 5.605445600000012 ], [ -1.9075817, 5.604931100000011 ], [ -1.9050433, 5.604504600000012 ], [ -1.9009337, 5.603841100000012 ], [ -1.8980903, 5.603356 ], [ -1.8917107, 5.60229 ], [ -1.8883692, 5.601755100000013 ], [ -1.8853102, 5.601241200000012 ], [ -1.8823268, 5.600766400000013 ], [ -1.8792899, 5.600267200000014 ], [ -1.8756761, 5.599669600000015 ], [ -1.873028, 5.598624700000014 ], [ -1.8719872, 5.596105600000013 ], [ -1.870877, 5.593418600000011 ], [ -1.8672754, 5.584621200000012 ], [ -1.8664346, 5.582567300000012 ], [ -1.8657091, 5.580795300000012 ], [ -1.8645631, 5.578047800000013 ], [ -1.8634357, 5.575319600000014 ], [ -1.8620071, 5.571907200000014 ], [ -1.8606971, 5.568722900000013 ], [ -1.859366, 5.565487200000013 ], [ -1.8533235, 5.560977600000014 ], [ -1.84616990000001, 5.555522599999988 ], [ -1.841868100000011, 5.552327899999988 ], [ -1.841571100000011, 5.549053 ], [ -1.84125740000001, 5.545368299999988 ], [ -1.84099050000001, 5.541824299999988 ], [ -1.84056870000001, 5.535888299999988 ], [ -1.838311, 5.534976599999981 ], [ -1.8356127, 5.533879299999981 ], [ -1.8331182, 5.532859499999981 ], [ -1.8309027, 5.531943799999981 ], [ -1.8247336, 5.533174499999981 ], [ -1.8091875, 5.536129899999981 ], [ -1.7973912, 5.538623399999981 ], [ -1.7855117, 5.54274 ], [ -1.7740399, 5.546648399999981 ], [ -1.7633969, 5.546010399999981 ], [ -1.7610955, 5.541202299999981 ] ] } },
{ "type": "Feature", "properties": { "line_id": 302127340, "circuits": 1.0, "tag_frequency": 50.0, "tag_type": "line", "voltage": 161000, "bus0": null, "bus1": null, "length": null, "underground": false, "under_construction": "False", "dc": false, "country": "GH" }, "geometry": { "type": "LineString", "coordinates": [ [ -1.6921038, 6.1853341 ], [ -1.6933537, 6.1856861 ], [ -1.6966984, 6.1843955 ], [ -1.7002309, 6.1830248 ], [ -1.7039109, 6.1815955 ], [ -1.7066762, 6.1805449 ], [ -1.709742, 6.1777423 ], [ -1.7111743, 6.1764169 ], [ -1.713084, 6.1746996 ], [ -1.7157904, 6.1722063 ], [ -1.7182937, 6.16996229999996 ], [ -1.7214911, 6.16542439999996 ], [ -1.7235255, 6.16259809999996 ], [ -1.7272301, 6.15746249999996 ], [ -1.730947, 6.152237 ], [ -1.7347879, 6.147065699999962 ], [ -1.7371766, 6.143776699999963 ], [ -1.7395876, 6.140438399999963 ], [ -1.7420581, 6.136986699999963 ], [ -1.7443998, 6.133737 ], [ -1.7467935, 6.130201499999965 ], [ -1.7486495, 6.127348399999963 ], [ -1.751063, 6.123775899999964 ], [ -1.7527657, 6.121172799999965 ], [ -1.7555501, 6.117007199999964 ], [ -1.757411, 6.114223 ], [ -1.7598815, 6.110527199999964 ], [ -1.765395, 6.102290499999964 ], [ -1.767241, 6.099506199999964 ], [ -1.7690437, 6.096753799999964 ], [ -1.7705813, 6.094405899999963 ], [ -1.772581, 6.091451599999964 ], [ -1.7739166, 6.087962699999965 ], [ -1.7744543, 6.086403 ], [ -1.7738795, 6.083916799999964 ], [ -1.7733534, 6.081659499999965 ], [ -1.7723176, 6.077251399999967 ], [ -1.7711282, 6.072500699999966 ], [ -1.7705756, 6.070322499999967 ], [ -1.7699413, 6.067291699999968 ], [ -1.7692004, 6.063871599999969 ], [ -1.7687816, 6.062035799999968 ], [ -1.7677738, 6.058009899999969 ], [ -1.7671816, 6.055617199999968 ], [ -1.7656374, 6.049544799999969 ], [ -1.7643678, 6.043514 ], [ -1.7642414, 6.04016269999997 ], [ -1.7641398, 6.03730419999997 ], [ -1.7638672, 6.03036 ], [ -1.7637901, 6.028076099999971 ], [ -1.7648344, 6.021862299999971 ], [ -1.7652353, 6.019503799999971 ], [ -1.7684231, 6.011904299999972 ], [ -1.7696993, 6.008863299999972 ], [ -1.7709304, 6.005902199999972 ], [ -1.772245, 6.002641199999973 ], [ -1.7738481, 5.998781899999972 ], [ -1.7755265, 5.997173 ], [ -1.7775468, 5.995364 ], [ -1.7800667, 5.992966399999973 ], [ -1.7847549, 5.991996699999973 ], [ -1.7881455, 5.991241699999973 ], [ -1.7914658, 5.990554299999974 ], [ -1.7942452, 5.989941599999974 ], [ -1.7962703, 5.988125299999974 ], [ -1.7982082, 5.986400699999974 ], [ -1.8015018, 5.983465099999974 ], [ -1.805882, 5.979581599999975 ], [ -1.809161, 5.976633899999975 ], [ -1.8125895, 5.970325399999976 ], [ -1.8128747, 5.969098099999976 ], [ -1.8132807, 5.967351099999977 ], [ -1.8140495, 5.964104299999978 ], [ -1.8149037, 5.960474399999977 ], [ -1.8156672, 5.957229499999976 ], [ -1.8165549, 5.953449499999977 ], [ -1.8175368, 5.949317599999977 ], [ -1.8189156, 5.943454899999977 ], [ -1.8199955, 5.9398285 ], [ -1.8206218, 5.9377583 ], [ -1.8215579, 5.9344902 ], [ -1.8223116, 5.9319664 ], [ -1.822375, 5.9273671 ], [ -1.8224393, 5.9226982 ], [ -1.8225016, 5.9181681 ], [ -1.8225466, 5.915384 ], [ -1.8225944, 5.9124241 ], [ -1.8226528, 5.9086555 ], [ -1.8226908, 5.9054939 ], [ -1.8227415, 5.9023017 ], [ -1.8227676, 5.8988547 ], [ -1.8216443, 5.8965339 ], [ -1.8198239, 5.892773 ], [ -1.8176312, 5.8883467 ], [ -1.8168216, 5.8866749 ], [ -1.814788, 5.8824756 ], [ -1.813423, 5.8796621 ], [ -1.8114728, 5.8756426 ], [ -1.8098662, 5.8723875 ], [ -1.8071786, 5.8668618 ], [ -1.8043891, 5.861144 ], [ -1.8032331, 5.8587973 ], [ -1.8013099, 5.854863 ], [ -1.80008670000001, 5.8523423 ], [ -1.7974407, 5.8469087 ], [ -1.7960622, 5.844078 ], [ -1.7929602, 5.8376981 ], [ -1.7906548, 5.8336169 ], [ -1.7879418, 5.8287712 ], [ -1.7869024, 5.8269288 ], [ -1.7852569, 5.8239922 ], [ -1.7833022, 5.8170171 ], [ -1.7828912, 5.81431 ], [ -1.78268260000001, 5.808652 ], [ -1.7824857, 5.8033121 ], [ -1.7823276, 5.7990263 ], [ -1.782175, 5.7948876 ], [ -1.78225950000001, 5.7914572 ], [ -1.78351480000001, 5.7858627 ], [ -1.78421080000001, 5.7826751 ], [ -1.78502620000001, 5.7789057 ], [ -1.7903381, 5.7714249 ], [ -1.7984706, 5.7605529 ], [ -1.8092876, 5.747476600000012 ], [ -1.8151241, 5.7409128 ], [ -1.8204374, 5.7355497 ], [ -1.8236655, 5.7325127 ], [ -1.8274327, 5.7289192 ], [ -1.83039040000001, 5.7261001 ], [ -1.83318410000001, 5.723465 ], [ -1.8358613, 5.7210124 ], [ -1.8392967, 5.717685500000012 ], [ -1.84222160000001, 5.714904 ], [ -1.84741110000001, 5.7099689 ], [ -1.850215, 5.7073342 ], [ -1.8533585, 5.7043204 ], [ -1.85560980000001, 5.7020986 ], [ -1.8590946, 5.698904199999982 ], [ -1.8625876, 5.695581199999982 ], [ -1.8650062, 5.693284599999981 ], [ -1.8677966, 5.690621199999981 ], [ -1.87035, 5.688196 ], [ -1.8724331, 5.686217499999977 ], [ -1.87555280000001, 5.6832686 ], [ -1.877685, 5.6812531 ], [ -1.88072760000001, 5.6783422 ], [ -1.88226130000001, 5.676886 ], [ -1.885205, 5.674091 ], [ -1.887924, 5.6715094 ], [ -1.89034180000001, 5.6692138 ], [ -1.89246630000001, 5.66722 ], [ -1.895666, 5.6640903 ], [ -1.89830550000001, 5.6616041 ], [ -1.90157120000001, 5.6585416 ], [ -1.9052138, 5.655081700000015 ], [ -1.9099748, 5.650544099999982 ], [ -1.91157070000001, 5.6490263 ], [ -1.9161509, 5.644670299999981 ], [ -1.9206918, 5.640351699999981 ], [ -1.92580430000001, 5.6355008 ], [ -1.92957910000001, 5.6319191 ], [ -1.93380270000001, 5.6279115 ], [ -1.9358077, 5.626009099999978 ], [ -1.93735880000001, 5.6245374 ], [ -1.9414127, 5.620690799999981 ], [ -1.94305710000001, 5.6190987 ], [ -1.9479753, 5.614402900000016 ], [ -1.9499391, 5.612748399999978 ], [ -1.9538396, 5.609381 ], [ -1.9573102, 5.6064 ], [ -1.9606361, 5.603523799999977 ], [ -1.9645541, 5.600187800000014 ], [ -1.9679032, 5.597864100000013 ], [ -1.9694409, 5.596806500000014 ], [ -1.9708303, 5.595851 ], [ -1.9746862, 5.593199200000011 ], [ -1.9776279, 5.591176100000011 ], [ -1.9802274, 5.589388300000011 ], [ -1.9825566, 5.587786400000011 ], [ -1.9853822, 5.585630900000012 ], [ -1.987487, 5.584076200000012 ], [ -1.9907438, 5.581615300000013 ], [ -1.9935064, 5.579515 ], [ -1.9965299, 5.577230199999978 ], [ -1.9984644, 5.575760599999978 ], [ -2.000586, 5.5750875 ], [ -2.0055371, 5.576316900000014 ], [ -2.00606910000001, 5.576449 ], [ -2.00988990000001, 5.5760786 ], [ -2.015784, 5.575498 ], [ -2.01722510000001, 5.5753652 ], [ -2.01895720000001, 5.5738689 ], [ -2.02143480000001, 5.5701649 ], [ -2.022049, 5.5671724 ], [ -2.02044910000001, 5.5636479 ], [ -2.01918840000001, 5.5608935 ], [ -2.01935470000001, 5.5572869 ], [ -2.02161580000001, 5.5548149 ], [ -2.025181800000011, 5.5507931 ], [ -2.027223700000011, 5.5485012 ], [ -2.03103170000001, 5.5442498 ], [ -2.03215290000001, 5.5429977 ], [ -2.03404650000001, 5.540884 ], [ -2.03699290000001, 5.5375916 ], [ -2.03921250000001, 5.5351168 ], [ -2.04293670000001, 5.5309494 ], [ -2.04437090000001, 5.5293537 ], [ -2.04749070000001, 5.5258826 ], [ -2.049539, 5.5236036 ], [ -2.05180810000001, 5.5224462 ], [ -2.05225340000001, 5.5220071 ], [ -2.05450910000001, 5.518097199999988 ], [ -2.057002200000011, 5.515303199999988 ], [ -2.0692131, 5.5031783 ], [ -2.0713547, 5.5010517 ], [ -2.0726348, 5.4997942 ], [ -2.0753284, 5.4974981 ], [ -2.0786839, 5.4946347 ], [ -2.0847349, 5.4894911 ], [ -2.097395, 5.4787153 ], [ -2.1013083, 5.4753712 ], [ -2.1045336, 5.4726278 ], [ -2.1073822, 5.4702181 ], [ -2.1100791, 5.4671489 ], [ -2.1119982, 5.4649522 ], [ -2.1145088, 5.4621093 ], [ -2.1149849, 5.4609545 ], [ -2.1161583, 5.4582204 ], [ -2.1182236, 5.453515 ], [ -2.1193502, 5.450867 ], [ -2.1236685, 5.4472931 ], [ -2.1293736, 5.4436764 ], [ -2.1339065, 5.4411372 ], [ -2.1351162, 5.4403441 ], [ -2.1373773, 5.4384937 ] ] } },
{ "type": "Feature", "properties": { "line_id": 302127342, "circuits": 2.0, "tag_frequency": 50.0, "tag_type": "line", "voltage": 161000, "bus0": null, "bus1": null, "length": null, "underground": false, "under_construction": "False", "dc": false, "country": "GH" }, "geometry": { "type": "LineString", "coordinates": [ [ -3.0381724, 5.0796489 ], [ -3.0380536, 5.0801404 ], [ -3.038068, 5.0831579 ], [ -3.0351166, 5.0852309 ], [ -3.0309022, 5.0844768 ], [ -3.0261972, 5.0835973 ], [ -3.0164914, 5.0817831 ], [ -3.0117325, 5.0809248 ], [ -3.0070044, 5.0800211 ], [ -3.0021483, 5.0791301 ], [ -2.9973971, 5.0782076 ], [ -2.99255, 5.0772828 ], [ -2.9877582, 5.0763878 ], [ -2.9828812, 5.0754683 ], [ -2.9780171, 5.0745543 ], [ -2.9732121, 5.0736513 ], [ -2.9683666, 5.0727408 ], [ -2.9635371, 5.0718333 ], [ -2.9586131, 5.070908 ], [ -2.9538054, 5.0700264 ], [ -2.9491386, 5.0691385 ], [ -2.9444268, 5.0682421 ], [ -2.9393963, 5.0672926 ], [ -2.9344582, 5.0663604 ], [ -2.9252851, 5.0646289 ], [ -2.9208081, 5.0637838 ], [ -2.90716, 5.0612076 ], [ -2.8985118, 5.059575200000038 ], [ -2.8946844, 5.0606317 ], [ -2.8870044, 5.062804600000039 ], [ -2.8827996, 5.0618452 ], [ -2.864283, 5.0577536 ], [ -2.8597658, 5.0567684 ], [ -2.8559035, 5.055898800000039 ], [ -2.8526526, 5.0572561 ], [ -2.84932, 5.0586369 ], [ -2.8449763, 5.0604367 ], [ -2.8405356, 5.0622934 ], [ -2.8285247, 5.0672956 ], [ -2.8195998, 5.070951400000038 ], [ -2.8099418, 5.0710501 ], [ -2.8058252, 5.0710992 ], [ -2.801613, 5.0711397 ], [ -2.7968308, 5.070655 ], [ -2.7880487, 5.0698013 ], [ -2.7851667, 5.0695101 ], [ -2.7789321, 5.0689092 ], [ -2.7750315, 5.0685343 ], [ -2.7719939, 5.0682424 ], [ -2.7674604, 5.0668946 ], [ -2.7630066, 5.0655705 ], [ -2.7579712, 5.0640734 ], [ -2.7546701, 5.063092 ], [ -2.751486, 5.0621453 ], [ -2.7473065, 5.0609027 ], [ -2.7421157, 5.0593837 ], [ -2.7386785, 5.0583357 ], [ -2.7356192, 5.0574259 ], [ -2.7234138, 5.0563531 ], [ -2.7203581, 5.056084500000038 ], [ -2.7163729, 5.0588534 ], [ -2.7124113, 5.0616261 ], [ -2.7079981, 5.0646922 ], [ -2.7029982, 5.0681842 ], [ -2.6973769, 5.072148300000038 ], [ -2.6886309, 5.082032 ], [ -2.6851149, 5.0860054 ], [ -2.6810383, 5.0906993 ], [ -2.6442853, 5.132365800000039 ] ] } },
{ "type": "Feature", "properties": { "line_id": 302155669, "circuits": 2.0, "tag_frequency": 50.0, "tag_type": "line", "voltage": 161000, "bus0": null, "bus1": null, "length": null, "underground": false, "under_construction": "False", "dc": false, "country": "GH" }, "geometry": { "type": "LineString", "coordinates": [ [ -1.6583082, 4.9734093 ], [ -1.658315299999988, 4.973501499999981 ], [ -1.6583299, 4.9739068 ], [ -1.6599076, 4.9772105 ], [ -1.6613595, 4.9796153 ], [ -1.6638032, 4.9837022 ], [ -1.6657678, 4.9869878 ], [ -1.6676073, 4.9900941 ], [ -1.6690806, 4.9925308 ], [ -1.6705481, 4.9949946 ], [ -1.6729549, 4.9989783 ], [ -1.6755646, 5.0034318 ], [ -1.6774285, 5.0065499 ], [ -1.6773496, 5.0081672 ], [ -1.6772599, 5.009958 ], [ -1.6756474, 5.0128152 ], [ -1.6745878, 5.014702799999976 ], [ -1.6740861, 5.015596499999976 ], [ -1.6735092, 5.0166242 ], [ -1.671974199999988, 5.02097329999998 ], [ -1.6706456, 5.0245806 ], [ -1.670068299999988, 5.02734539999998 ], [ -1.669639, 5.0294721 ], [ -1.669370699999988, 5.03153179999998 ], [ -1.668701499999988, 5.035591 ], [ -1.668121399999988, 5.038920099999981 ], [ -1.667558899999988, 5.04250709999998 ], [ -1.667151199999988, 5.045365899999981 ], [ -1.666538299999988, 5.049073099999981 ], [ -1.665971, 5.052714699999981 ], [ -1.664487699999988, 5.05681319999998 ], [ -1.663128499999988, 5.06048819999998 ], [ -1.661636499999988, 5.06454529999998 ], [ -1.660208299999988, 5.06843529999998 ], [ -1.6590113, 5.0706866 ], [ -1.655142899999988, 5.07713169999998 ], [ -1.652896599999988, 5.079692499999981 ], [ -1.650666299999988, 5.08226 ], [ -1.644416799999988, 5.08751649999998 ], [ -1.639788599999988, 5.091637599999981 ], [ -1.634237799999988, 5.09676829999998 ], [ -1.630185, 5.097788899999981 ], [ -1.623362799999988, 5.099493299999981 ], [ -1.617278199999988, 5.099293 ], [ -1.607708, 5.099097899999982 ], [ -1.600353399999987, 5.098833399999982 ], [ -1.594318499999988, 5.098593 ], [ -1.590134199999988, 5.098510199999981 ], [ -1.578638299999988, 5.097537699999982 ], [ -1.564210699999988, 5.095672899999982 ], [ -1.559995599999988, 5.095063799999981 ], [ -1.551954299999988, 5.09425829999998 ], [ -1.544717699999988, 5.093492899999981 ], [ -1.538721599999988, 5.092893099999981 ], [ -1.535531099999988, 5.092573199999981 ], [ -1.532045599999988, 5.092186499999981 ], [ -1.524937799999988, 5.091441099999981 ], [ -1.517400099999988, 5.090663699999982 ], [ -1.503711399999987, 5.089267699999982 ], [ -1.492778099999987, 5.088571099999982 ], [ -1.490321799999987, 5.088565799999982 ] ] } },
{ "type": "Feature", "properties": { "line_id": 302155677, "circuits": 1.0, "tag_frequency": 50.0, "tag_type": "line", "voltage": 161000, "bus0": null, "bus1": null, "length": null, "underground": false, "under_construction": "False", "dc": false, "country": "GH" }, "geometry": { "type": "LineString", "coordinates": [ [ -0.8698798, 10.7943608 ], [ -0.869833, 10.7940667 ], [ -0.8695157, 10.7938422 ], [ -0.8678279, 10.7934963 ], [ -0.86538, 10.7930265 ], [ -0.8624297, 10.792703 ], [ -0.8597699, 10.7924114 ], [ -0.8576825, 10.792443 ], [ -0.8564453, 10.7929178 ], [ -0.8550585, 10.793448 ], [ -0.8535489, 10.7941217 ], [ -0.8516141, 10.7949342 ], [ -0.8497673, 10.7956927 ], [ -0.8480102, 10.7964497 ], [ -0.8457433, 10.7967939 ], [ -0.8429499, 10.7972164 ], [ -0.8406264, 10.7960255 ], [ -0.8384857, 10.7949211 ], [ -0.8368366, 10.7943126 ], [ -0.8340747, 10.7933077 ], [ -0.8319382, 10.7924929 ], [ -0.8292452, 10.7914985 ], [ -0.8270796, 10.7906844 ], [ -0.826567, 10.789167299999985 ], [ -0.82627, 10.7882885 ], [ -0.8252901, 10.785555799999969 ], [ -0.8244033, 10.783067899999971 ], [ -0.822133, 10.78202539999997 ], [ -0.819685, 10.780912799999971 ], [ -0.8172636, 10.779831099999971 ], [ -0.8145632, 10.778614 ], [ -0.8121186, 10.777522599999969 ], [ -0.8102519, 10.776695399999969 ], [ -0.8084383, 10.775853599999969 ], [ -0.805899, 10.776476799999969 ], [ -0.80327, 10.777237099999969 ], [ -0.8007689, 10.777968 ], [ -0.79857, 10.77858959999997 ], [ -0.7963994, 10.779227499999969 ], [ -0.7937538, 10.779860499999971 ], [ -0.7914653, 10.780537499999971 ], [ -0.7897115, 10.78107919999997 ], [ -0.788637, 10.78281829999997 ], [ -0.7873233, 10.784898399999969 ], [ -0.7861027, 10.7868822 ], [ -0.7847126, 10.7891058 ], [ -0.7833541, 10.7913131 ], [ -0.7820238, 10.7934323 ], [ -0.780765, 10.7954585 ], [ -0.7785694, 10.7969691 ], [ -0.7766994, 10.7982497 ], [ -0.774567, 10.7997033 ], [ -0.7723332, 10.8012221 ], [ -0.7704665, 10.8024129 ], [ -0.7685733, 10.8036136 ], [ -0.766592, 10.8048746 ], [ -0.7647003, 10.8061324 ], [ -0.7625048, 10.8075663 ], [ -0.7601731, 10.8091454 ], [ -0.7578115, 10.8107799 ], [ -0.7558119, 10.8119741 ], [ -0.753535, 10.8134699 ], [ -0.7514275, 10.8148386 ], [ -0.7492519, 10.8163002 ], [ -0.7471195, 10.817677 ], [ -0.7448957, 10.819132 ], [ -0.7427649, 10.8205529 ], [ -0.7408999, 10.8217567 ], [ -0.7402538, 10.8221874 ], [ -0.7381081, 10.8236033 ], [ -0.735906, 10.8249425 ], [ -0.7332701, 10.8266712 ], [ -0.7311861, 10.828038 ], [ -0.7292403, 10.8293186 ], [ -0.7268637, 10.830144 ], [ -0.7252378, 10.8306937 ], [ -0.7219362, 10.8318095 ], [ -0.7191826, 10.8326568 ], [ -0.7166719, 10.8334918 ], [ -0.7140838, 10.8343734 ], [ -0.7124762, 10.8349084 ], [ -0.7094436, 10.8359262 ], [ -0.7070222, 10.836993 ], [ -0.7045742, 10.8380337 ], [ -0.702108, 10.8391901 ], [ -0.6998875, 10.8401329 ], [ -0.6976689, 10.8403214 ], [ -0.6955551, 10.8404874 ], [ -0.6924337, 10.8423075 ], [ -0.689465, 10.8440398 ], [ -0.6860665, 10.846019 ], [ -0.6844952, 10.8469348 ], [ -0.6824378, 10.8481204 ], [ -0.680695, 10.8494376 ], [ -0.6785624, 10.8510315 ], [ -0.6765332, 10.8524478 ], [ -0.6742338, 10.8542631 ], [ -0.6719298, 10.8559931 ], [ -0.6697361, 10.8576285 ], [ -0.6676458, 10.8591924 ], [ -0.6652478, 10.8609662 ], [ -0.6632138, 10.8625047 ], [ -0.6610695, 10.8641239 ], [ -0.6587912, 10.8658008 ], [ -0.6569405, 10.8671848 ], [ -0.655287, 10.8684188 ], [ -0.6537111, 10.8695697 ], [ -0.6511369, 10.8701902 ], [ -0.6486003, 10.8708199 ], [ -0.6462164, 10.8713735 ], [ -0.6438208, 10.8719685 ], [ -0.6413171, 10.8725521 ], [ -0.6385926, 10.8732233 ], [ -0.6358517, 10.8738876 ], [ -0.6333903, 10.8744826 ], [ -0.6310322, 10.8750616 ], [ -0.628505, 10.8756774 ], [ -0.6264922, 10.8761572 ], [ -0.624066, 10.8767499 ], [ -0.6218723, 10.8768237 ], [ -0.6192465, 10.8769321 ], [ -0.6166865, 10.8770359 ], [ -0.6137905, 10.8771443 ], [ -0.6118811, 10.8772204 ], [ -0.6099857, 10.8772966 ], [ -0.6077991, 10.8773957 ], [ -0.605394, 10.8774903 ], [ -0.6031205, 10.8775779 ], [ -0.6004078, 10.8776725 ], [ -0.5975189, 10.8776448 ], [ -0.5950034, 10.877571 ], [ -0.5925068, 10.8775203 ], [ -0.5898035, 10.8774972 ], [ -0.586978, 10.8774373 ], [ -0.5847632, 10.8774096 ], [ -0.5826517, 10.8773704 ], [ -0.5802467, 10.8773381 ], [ -0.5773343, 10.8772989 ], [ -0.5750091, 10.877262 ], [ -0.5728037, 10.8772204 ], [ -0.5699148, 10.8771697 ], [ -0.567437, 10.8771236 ], [ -0.5650413, 10.8787912 ], [ -0.5628312, 10.8803642 ], [ -0.5605295, 10.8819671 ], [ -0.5585778, 10.8835263 ], [ -0.5567294, 10.8849886 ], [ -0.5549068, 10.8863863 ], [ -0.5528636, 10.8878378 ], [ -0.5506232, 10.8894719 ], [ -0.5484016, 10.891104 ], [ -0.5468369, 10.8922535 ], [ -0.5444818, 10.8939918 ], [ -0.5423871, 10.8955379 ], [ -0.5403402, 10.8970461 ], [ -0.5384519, 10.8984339 ], [ -0.5364008, 10.8999538 ], [ -0.5340807, 10.9016759 ], [ -0.5324847, 10.9027588 ], [ -0.5297247, 10.9048766 ], [ -0.5276109, 10.9064299 ], [ -0.5257802, 10.9077751 ], [ -0.5238693, 10.9091845 ], [ -0.5219999, 10.9105632 ], [ -0.5200359, 10.9120351 ], [ -0.5180038, 10.9135106 ], [ -0.5160926, 10.9148937 ], [ -0.5139894, 10.9164008 ], [ -0.5115796, 10.9181558 ], [ -0.5094019, 10.9197033 ], [ -0.5071599, 10.9213487 ], [ -0.5050723, 10.9228587 ], [ -0.5033235, 10.9241535 ], [ -0.5010865, 10.9257923 ], [ -0.4994324, 10.9269647 ], [ -0.4972949, 10.9284796 ], [ -0.4948835, 10.9301869 ], [ -0.4925568, 10.9318289 ], [ -0.4902101, 10.9332623 ], [ -0.4875911, 10.9336748 ], [ -0.4857974, 10.9339618 ], [ -0.4836135, 10.9343091 ], [ -0.4817551, 10.9346173 ], [ -0.479445, 10.9349826 ], [ -0.4781513, 10.9360669 ], [ -0.4764839, 10.9374578 ], [ -0.4746853, 10.9389612 ], [ -0.47287, 10.9404728 ], [ -0.4708871, 10.9421164 ], [ -0.4687779, 10.9438791 ], [ -0.4661954, 10.9451509 ], [ -0.4638371, 10.9463233 ], [ -0.4616997, 10.9473864 ], [ -0.460763, 10.947631 ], [ -0.4605762, 10.9477196 ] ] } },
{ "type": "Feature", "properties": { "line_id": 302155678, "circuits": 2.0, "tag_frequency": 50.0, "tag_type": "line", "voltage": 161000, "bus0": null, "bus1": null, "length": null, "underground": false, "under_construction": "False", "dc": false, "country": "GH" }, "geometry": { "type": "LineString", "coordinates": [ [ -1.6590169, 4.9733704 ], [ -1.6590241, 4.9734594 ], [ -1.6590913, 4.9741463 ], [ -1.660578, 4.9769289 ], [ -1.6624234, 4.9800259 ], [ -1.6646035, 4.983666 ], [ -1.6668525, 4.9874305 ], [ -1.6682218, 4.9897196 ], [ -1.6697141, 4.9922252 ], [ -1.6711701, 4.9946701 ], [ -1.6732873, 4.9982107 ], [ -1.6770347, 5.0034585 ], [ -1.6782663, 5.0050165 ], [ -1.6801254, 5.0048052 ], [ -1.6818541, 5.001751 ], [ -1.6836212, 4.9985382 ], [ -1.6852318, 4.9957493 ], [ -1.6905999, 4.9861013 ], [ -1.6931083, 4.981813 ], [ -1.6956043, 4.9775458 ], [ -1.6983039, 4.9751094 ], [ -1.7032525, 4.9723439 ], [ -1.7087019, 4.9692984 ], [ -1.7151097, 4.965785 ], [ -1.7231871, 4.9633401 ], [ -1.7314182, 4.9616071 ], [ -1.7350566, 4.96072 ] ] } },
{ "type": "Feature", "properties": { "line_id": 302155682, "circuits": 1.0, "tag_frequency": 50.0, "tag_type": "line", "voltage": 161000, "bus0": null, "bus1": null, "length": null, "underground": false, "under_construction": "False", "dc": false, "country": "GH" }, "geometry": { "type": "LineString", "coordinates": [ [ -2.4887474, 10.070466099999983 ], [ -2.4887252, 10.070305499999952 ], [ -2.4861023, 10.069980299999951 ], [ -2.4831263, 10.069585599999952 ], [ -2.4800242, 10.069194699999953 ], [ -2.4782966, 10.066535099999951 ], [ -2.4765423, 10.063772099999952 ], [ -2.4748567, 10.061153899999951 ], [ -2.4752117, 10.058246099999952 ], [ -2.4753165, 10.0574473 ], [ -2.4755916, 10.055086499999952 ], [ -2.4759849, 10.051817799999952 ], [ -2.4763819, 10.04869189999995 ], [ -2.4767717, 10.045394 ], [ -2.4771455, 10.042231399999951 ], [ -2.4775292, 10.039086699999951 ], [ -2.4778843, 10.036195599999951 ], [ -2.4783025, 10.032723699999952 ], [ -2.4786957, 10.029488599999953 ], [ -2.4791032, 10.026183099999953 ], [ -2.4794669, 10.023232699999953 ], [ -2.4798539, 10.020078199999952 ], [ -2.4802591, 10.016775399999952 ], [ -2.4806295, 10.013651099999951 ], [ -2.4789687, 10.01133889999995 ], [ -2.4771137, 10.008723699999951 ], [ -2.4754624, 10.0064021 ], [ -2.4752722, 10.006134599999951 ], [ -2.4735081, 10.003654400000018 ], [ -2.4716906, 10.001099 ], [ -2.469833699999986, 9.9984882 ], [ -2.467892699999986, 9.995795 ], [ -2.466027199999986, 9.9931709 ], [ -2.464142799999987, 9.9904882 ], [ -2.462372199999987, 9.9879755 ], [ -2.460530699999986, 9.9853621 ], [ -2.458584199999986, 9.982722 ], [ -2.456705299999987, 9.9800605 ], [ -2.454893799999986, 9.977516 ], [ -2.452932299999986, 9.9747277 ], [ -2.451167899999986, 9.9721937 ], [ -2.449301299999987, 9.9695129 ], [ -2.449648699999987, 9.9663204 ], [ -2.450002099999987, 9.9630998 ], [ -2.450315699999987, 9.9598378 ], [ -2.450666699999987, 9.9566071 ], [ -2.451017699999987, 9.9533605 ], [ -2.451287599999987, 9.950159 ], [ -2.451608899999987, 9.9468963 ], [ -2.451951699999987, 9.9436602 ], [ -2.452235199999987, 9.9409878 ], [ -2.452624, 9.9372171 ], [ -2.452934399999987, 9.9342388 ], [ -2.453234099999987, 9.9313243 ], [ -2.453579599999987, 9.9280482 ], [ -2.453871199999987, 9.9251549 ], [ -2.454197899999986, 9.9219851 ], [ -2.454529899999986, 9.9188338 ], [ -2.454851199999986, 9.9156293 ], [ -2.455207499999986, 9.9123689 ], [ -2.455531499999986, 9.9091671 ], [ -2.455869, 9.9058986 ], [ -2.456165899999986, 9.903061 ], [ -2.456184799999987, 9.9003191 ], [ -2.456222599999987, 9.8972155 ], [ -2.456244199999987, 9.8940082 ], [ -2.456290099999987, 9.8908247 ], [ -2.456322499999987, 9.8874923 ], [ -2.456338699999987, 9.8844019 ], [ -2.456371099999987, 9.8812981 ], [ -2.456425099999987, 9.8778805 ], [ -2.456457499999988, 9.8750639 ], [ -2.456484499999988, 9.8718085 ], [ -2.456506099999988, 9.8689546 ], [ -2.456525, 9.8661779 ], [ -2.456573599999988, 9.8630872 ], [ -2.457490299999988, 9.8599307 ], [ -2.458516099999988, 9.8560155 ], [ -2.459307099999988, 9.8537174 ], [ -2.460165599999988, 9.8508235 ], [ -2.461083499999988, 9.8476955 ], [ -2.461996299999988, 9.8446271 ], [ -2.462878199999988, 9.8415594 ], [ -2.463800299999988, 9.8384447 ], [ -2.464701099999988, 9.8353633 ], [ -2.465955299999988, 9.8325213 ], [ -2.467251799999988, 9.8294145 ], [ -2.468498299999988, 9.8265404 ], [ -2.469750599999988, 9.8236456 ], [ -2.471025799999988, 9.8206812 ], [ -2.472339099999988, 9.8176622 ], [ -2.473591399999988, 9.814709 ], [ -2.474797899999988, 9.8119195 ], [ -2.475887899999988, 9.8093538 ], [ -2.477084799999988, 9.8065623 ], [ -2.478218699999988, 9.8039965 ], [ -2.479356399999988, 9.8013649 ], [ -2.480683099999988, 9.798278 ], [ -2.481941099999988, 9.7953905 ], [ -2.483187699999988, 9.7925086 ], [ -2.484461, 9.7895985 ], [ -2.485621599999988, 9.7869046 ], [ -2.4868484, 9.784016600000019 ], [ -2.488120399999988, 9.7811407 ], [ -2.489457, 9.778040300000018 ], [ -2.4906946, 9.775169400000019 ], [ -2.491923, 9.772346 ], [ -2.491184799999989, 9.7695172 ], [ -2.490357199999989, 9.7662803 ], [ -2.4894953, 9.76291430000002 ], [ -2.4886002, 9.75941890000002 ], [ -2.487829899999989, 9.7564108 ], [ -2.4871036, 9.75358390000002 ], [ -2.4862168, 9.75013230000002 ], [ -2.485501, 9.7473464 ], [ -2.484718299999988, 9.7443757 ], [ -2.483131899999988, 9.7381369 ], [ -2.48238, 9.73521430000002 ], [ -2.4815526, 9.731998200000019 ], [ -2.4808311, 9.729194 ], [ -2.480066199999988, 9.7261086 ], [ -2.479041099999988, 9.7221969 ], [ -2.478143, 9.718729300000021 ], [ -2.477114899999989, 9.7146594 ], [ -2.476532699999989, 9.7124466 ], [ -2.475801599999989, 9.7096261 ], [ -2.475099099999989, 9.7068169 ], [ -2.474279399999989, 9.7036735 ], [ -2.473492199999989, 9.7005829 ], [ -2.472665299999989, 9.6973323 ], [ -2.4718693, 9.6942783 ], [ -2.4710962, 9.691294 ], [ -2.470252399999989, 9.6879596 ], [ -2.469500299999989, 9.6850146 ], [ -2.468767299999989, 9.6821732 ], [ -2.468118199999989, 9.6796178 ], [ -2.467443399999989, 9.6769359 ], [ -2.466648899999989, 9.6738167 ], [ -2.4658201, 9.6705966 ], [ -2.465050699999989, 9.6675148 ], [ -2.464200299999989, 9.6642812 ], [ -2.463457899999989, 9.6614176 ], [ -2.462477899999989, 9.6575932 ], [ -2.4619756, 9.655623 ], [ -2.4615897, 9.6541094 ], [ -2.4609563, 9.6516066 ], [ -2.460904, 9.6514 ], [ -2.4601643, 9.6485177 ], [ -2.459305799999989, 9.6451855 ], [ -2.458573699999989, 9.6423077 ], [ -2.457762399999989, 9.6390669 ], [ -2.456984899999989, 9.6361571 ], [ -2.456166699999989, 9.6330172 ], [ -2.455394599999989, 9.6298952 ], [ -2.454568499999989, 9.6267465 ], [ -2.453761299999989, 9.623627 ], [ -2.453016199999989, 9.6206965 ], [ -2.452130699999989, 9.6180774 ], [ -2.451007699999989, 9.6147981 ], [ -2.450011499999989, 9.6118675 ], [ -2.449034199999989, 9.6090301 ], [ -2.448002899999989, 9.6059131 ], [ -2.446979799999989, 9.6029319 ], [ -2.445983599999989, 9.6000305 ], [ -2.445044099999989, 9.5971902 ], [ -2.444058699999989, 9.59435 ], [ -2.443089599999989, 9.5914751 ], [ -2.442115, 9.5886242 ], [ -2.4410729, 9.5855283 ], [ -2.4400146, 9.5824591 ], [ -2.439037399999989, 9.5795814 ], [ -2.4380088, 9.5765095 ], [ -2.4369748, 9.5734694 ], [ -2.4359246, 9.5703814 ], [ -2.4348718, 9.5672747 ], [ -2.4340754, 9.5649746 ], [ -2.4340538, 9.5626107 ], [ -2.4339944, 9.5596397 ], [ -2.4339377, 9.5563865 ], [ -2.4339107, 9.5531519 ], [ -2.4338567, 9.549954599999989 ], [ -2.4337892, 9.5466294 ], [ -2.4337622, 9.543530499999989 ], [ -2.4337055, 9.540732399999989 ], [ -2.433662299999989, 9.537974199999988 ], [ -2.433619099999989, 9.534686199999987 ], [ -2.433570499999989, 9.531443399999988 ], [ -2.433521899999989, 9.528184599999989 ], [ -2.4334626, 9.5250163 ], [ -2.4334221, 9.521856 ], [ -2.433387, 9.5187329 ], [ -2.4333438, 9.5158228 ], [ -2.433265499999989, 9.5131603 ], [ -2.433225, 9.5095632 ], [ -2.433171, 9.5058276 ], [ -2.433114299999989, 9.5026937 ], [ -2.433087299999989, 9.4997595 ], [ -2.433033299999989, 9.4964684 ], [ -2.432992799999989, 9.4936406 ], [ -2.432936099999989, 9.4904427 ], [ -2.432892899999989, 9.4874898 ], [ -2.432841599999989, 9.4845501 ], [ -2.432809199999989, 9.4814533 ], [ -2.432757899999989, 9.4780023 ], [ -2.432720099999989, 9.4749347 ], [ -2.432647299999989, 9.4719071 ], [ -2.432604099999989, 9.4687463 ], [ -2.432563599999989, 9.4654736 ], [ -2.432509599999989, 9.4622568 ], [ -2.432455599999989, 9.4584541 ], [ -2.4324022, 9.4554495 ], [ -2.432396199999989, 9.4551094 ], [ -2.432353, 9.45226 ], [ -2.432309799999989, 9.4492934 ], [ -2.432255799999989, 9.445842 ], [ -2.4322045, 9.442792799999951 ], [ -2.4321613, 9.439586499999951 ], [ -2.4321181, 9.436553199999951 ], [ -2.4320749, 9.433541199999951 ], [ -2.432037099999989, 9.430633 ], [ -2.431985799999989, 9.4277701 ], [ -2.431950699999989, 9.424987 ], [ -2.431902099999989, 9.4219802 ], [ -2.431861699999989, 9.4187444 ], [ -2.4318552, 9.4183397 ], [ -2.431813099999989, 9.4157162 ], [ -2.431767199999989, 9.4126401 ], [ -2.431702399999989, 9.4093855 ], [ -2.431659199999989, 9.4066076 ], [ -2.431634899999989, 9.4033849 ], [ -2.431570099999989, 9.3997947 ], [ -2.431516099999989, 9.3965533 ], [ -2.431445899999989, 9.3931334 ], [ -2.431391899999989, 9.389812 ], [ -2.431362199999989, 9.3870979 ], [ -2.431319, 9.3842746 ], [ -2.431267699999989, 9.3811716 ], [ -2.431219099999989, 9.3778528 ], [ -2.431184, 9.3747816 ], [ -2.431127299999989, 9.3717957 ], [ -2.431070599999989, 9.3685968 ], [ -2.431024799999989, 9.3655895 ], [ -2.430987, 9.3625343 ], [ -2.430933, 9.3592659 ], [ -2.430889799999989, 9.3563811 ], [ -2.430841199999989, 9.3536081 ], [ -2.4308115, 9.3508271 ], [ -2.4307602, 9.3476705 ], [ -2.4307089, 9.3443247 ], [ -2.4306684, 9.3411734 ], [ -2.4306063, 9.3380114 ], [ -2.430555, 9.3346841 ], [ -2.4305056, 9.3314945 ], [ -2.4304674, 9.3282866 ], [ -2.4304158, 9.3249693 ], [ -2.4303395, 9.3217161 ], [ -2.4303242, 9.3190186 ], [ -2.4298921, 9.3156605 ], [ -2.4294823, 9.3125821 ], [ -2.4290588, 9.3092869 ], [ -2.4286607, 9.3061311 ], [ -2.428245, 9.3028687 ], [ -2.4278372, 9.2997206 ], [ -2.427449, 9.2965936 ], [ -2.4270823, 9.2938169 ], [ -2.4267314, 9.2910498 ], [ -2.4263098, 9.2878512 ], [ -2.4259157, 9.2848345 ], [ -2.4255549, 9.2819938 ], [ -2.4252196, 9.2793485 ], [ -2.4248588, 9.2764885 ], [ -2.4244785, 9.2736148 ], [ -2.4240745, 9.2704238 ], [ -2.4236961, 9.2675172 ], [ -2.4233082, 9.2644615 ], [ -2.4229644, 9.2617945 ], [ -2.4230626, 9.261093599999981 ], [ -2.423278, 9.260667899999982 ] ] } },
{ "type": "Feature", "properties": { "line_id": 302155688, "circuits": 1.0, "tag_frequency": 50.0, "tag_type": "line", "voltage": 161000, "bus0": null, "bus1": null, "length": null, "underground": false, "under_construction": "False", "dc": false, "country": "GH" }, "geometry": { "type": "LineString", "coordinates": [ [ -0.8703001, 10.7943527 ], [ -0.8702926, 10.7939553 ], [ -0.8702257, 10.7904185 ], [ -0.870136, 10.7870957 ], [ -0.8700599, 10.78332049999997 ], [ -0.8700294, 10.77973039999997 ], [ -0.8700294, 10.77703089999997 ], [ -0.8700435, 10.773784599999969 ], [ -0.8700975, 10.770388299999968 ], [ -0.8702032, 10.767109599999969 ], [ -0.8701938, 10.763701599999969 ], [ -0.8700294, 10.760395199999969 ], [ -0.8700341, 10.75701719999997 ], [ -0.8700388, 10.753796 ], [ -0.8700435, 10.750491699999969 ], [ -0.8700502, 10.747193299999969 ], [ -0.8700567, 10.743962799999968 ], [ -0.8700638, 10.740473799999968 ], [ -0.8700544, 10.737155499999968 ], [ -0.8700356, 10.733945699999968 ], [ -0.8700309, 10.731082 ], [ -0.8700403, 10.727731299999967 ], [ -0.8700474, 10.724595199999966 ], [ -0.8696857, 10.722010699999966 ], [ -0.8692794, 10.719112199999966 ], [ -0.8688848, 10.716336 ], [ -0.8684033, 10.712740599999966 ], [ -0.8679359, 10.709560499999967 ], [ -0.8674803, 10.706355 ], [ -0.867034, 10.703075599999966 ], [ -0.866576, 10.699717699999967 ], [ -0.8661251, 10.696449799999966 ], [ -0.865653, 10.693255699999966 ], [ -0.8651833, 10.689950699999967 ], [ -0.8647441, 10.686604199999968 ], [ -0.8642579, 10.683375399999967 ], [ -0.8638304, 10.680100399999967 ], [ -0.8633607, 10.676790699999966 ], [ -0.8629567, 10.673674799999967 ], [ -0.8624729, 10.670422799999967 ], [ -0.8620337, 10.667203 ], [ -0.8615686, 10.663863199999968 ], [ -0.8611553, 10.660839499999968 ], [ -0.8606832, 10.657610399999967 ], [ -0.8602581, 10.654510599999968 ], [ -0.8598236, 10.651334499999967 ], [ -0.8593726, 10.648010599999967 ], [ -0.8589475, 10.644949899999968 ], [ -0.8585083, 10.641771399999968 ], [ -0.8583696, 10.640804900000012 ], [ -0.8580433, 10.638530499999968 ], [ -0.8575735, 10.635206599999968 ], [ -0.8570404, 10.631464699999968 ], [ -0.8561205, 10.627713199999969 ], [ -0.8547089, 10.625301 ], [ -0.8530625, 10.622092299999968 ], [ -0.8514575, 10.618999199999969 ], [ -0.8502396, 10.61650589999997 ], [ -0.8490606, 10.614257399999969 ], [ -0.847642, 10.611445699999969 ], [ -0.8461435, 10.608608499999969 ], [ -0.8446192, 10.605607399999968 ], [ -0.843156, 10.602726299999969 ], [ -0.841721, 10.599930599999968 ], [ -0.8400276, 10.596654699999968 ], [ -0.838313, 10.593307099999969 ], [ -0.8368193, 10.590319699999968 ], [ -0.8351658, 10.587119899999967 ], [ -0.8335194, 10.583850799999967 ], [ -0.8321712, 10.581592799999967 ], [ -0.8311519, 10.578586799999968 ], [ -0.8301501, 10.575557699999969 ], [ -0.8289922, 10.572761699999969 ], [ -0.827839, 10.569963499999968 ], [ -0.8265214, 10.566807299999969 ], [ -0.8252696, 10.563722599999968 ], [ -0.8239966, 10.560614899999969 ], [ -0.8228199, 10.557703299999968 ], [ -0.8214694, 10.554457 ], [ -0.8204736, 10.551991 ], [ -0.8192546, 10.548973199999967 ], [ -0.8181458, 10.546228 ], [ -0.8167415, 10.542852 ], [ -0.8153887, 10.539589299999967 ], [ -0.8141721, 10.536629099999967 ], [ -0.812939, 10.533537199999968 ], [ -0.8116143, 10.530320599999968 ], [ -0.8103709, 10.527283799999967 ], [ -0.8092582, 10.524681099999967 ], [ -0.8078442, 10.521101799999967 ], [ -0.8065971, 10.518051299999966 ], [ -0.8053311, 10.514959199999966 ], [ -0.8041239, 10.512028799999966 ], [ -0.8027899, 10.508779699999966 ], [ -0.8016625, 10.50593 ], [ -0.8004036, 10.502870099999965 ], [ -0.7991564, 10.499879499999965 ], [ -0.797867, 10.496731899999965 ], [ -0.7966081, 10.493628099999965 ], [ -0.7953657, 10.490621199999964 ], [ -0.7940551, 10.487383399999963 ], [ -0.79297, 10.484459599999964 ], [ -0.7918638, 10.481411099999963 ], [ -0.7907693, 10.478374099999963 ], [ -0.7893296, 10.475253899999963 ], [ -0.7879509, 10.472228399999963 ], [ -0.7866474, 10.469246799999963 ], [ -0.7854002, 10.466182 ], [ -0.7841507, 10.463156399999962 ], [ -0.7830281, 10.460440199999962 ], [ -0.7822413, 10.458539399999962 ], [ -0.783115, 10.455294299999963 ], [ -0.7839581, 10.45207 ], [ -0.7847637, 10.448963399999963 ], [ -0.7856093, 10.445771299999963 ], [ -0.7865887, 10.442020299999964 ], [ -0.787554, 10.438382299999963 ], [ -0.7884887, 10.434779 ], [ -0.7893671, 10.431445899999963 ], [ -0.7902174, 10.428272099999962 ], [ -0.7910206, 10.425075199999961 ], [ -0.7918192, 10.422083899999961 ], [ -0.7926365, 10.418935399999961 ], [ -0.7934867, 10.415696899999961 ], [ -0.7943745, 10.412414399999962 ], [ -0.7952013, 10.409247299999961 ], [ -0.7960327, 10.406043299999961 ], [ -0.7968594, 10.402878499999961 ], [ -0.7976674, 10.399826899999962 ], [ -0.7985505, 10.396495699999962 ], [ -0.7995487, 10.392598499999961 ], [ -0.800514, 10.38893 ], [ -0.8014652, 10.385323799999961 ], [ -0.8022966, 10.38211489999996 ], [ -0.8030999, 10.379009899999961 ], [ -0.8039642, 10.375743199999961 ], [ -0.8047956, 10.372501899999962 ], [ -0.8056623, 10.369218899999963 ], [ -0.8065149, 10.365975199999962 ], [ -0.8072195, 10.362819299999963 ], [ -0.8079335, 10.359612499999963 ], [ -0.8087297, 10.356537299999964 ], [ -0.8095118, 10.353455199999964 ], [ -0.8104231, 10.350544 ], [ -0.8113954, 10.347422599999963 ], [ -0.812255, 10.344102399999963 ], [ -0.8130724, 10.341038699999963 ], [ -0.8139508, 10.337690699999962 ], [ -0.8146601, 10.334994299999963 ], [ -0.8155526, 10.331611599999963 ], [ -0.8163676, 10.328432199999963 ], [ -0.8172265, 10.325192399999963 ], [ -0.8180835, 10.321980199999963 ], [ -0.818874, 10.318888799999963 ], [ -0.8196911, 10.315794199999962 ], [ -0.8205946, 10.312366199999962 ], [ -0.821415, 10.309304199999962 ], [ -0.8222653, 10.306006899999963 ], [ -0.8231056, 10.302709499999963 ], [ -0.8239394, 10.299549299999963 ], [ -0.8247963, 10.296346699999964 ], [ -0.8255902, 10.293212599999963 ], [ -0.8264106, 10.290156899999962 ], [ -0.8273007, 10.286800599999962 ], [ -0.8281178, 10.283591199999963 ], [ -0.828925, 10.280636799999963 ], [ -0.8290204, 10.276983 ], [ -0.8291472, 10.27323 ], [ -0.8291777, 10.270147 ], [ -0.829274, 10.267013199999962 ], [ -0.8293938, 10.263583599999961 ], [ -0.8294863, 10.26029729999996 ], [ -0.829577, 10.25707549999996 ], [ -0.8296404, 10.25366419999996 ], [ -0.8297461, 10.250336099999961 ], [ -0.8298283, 10.247075 ], [ -0.8299505, 10.243601199999961 ], [ -0.8300233, 10.240344599999961 ], [ -0.8301149, 10.237092699999961 ], [ -0.8302205, 10.23372509999996 ], [ -0.8302981, 10.230482299999959 ], [ -0.830399, 10.227140099999959 ], [ -0.8304859, 10.22383949999996 ], [ -0.8305775, 10.220640499999959 ], [ -0.8306598, 10.217413699999959 ], [ -0.8292294, 10.214284 ], [ -0.8277897, 10.211235199999958 ], [ -0.8264486, 10.208336599999958 ], [ -0.8249712, 10.205125899999958 ], [ -0.8237006, 10.202376 ], [ -0.822334, 10.199418199999958 ], [ -0.8209574, 10.196496899999957 ], [ -0.8195291, 10.193475199999957 ], [ -0.8181411, 10.190430799999957 ], [ -0.8167436, 10.187430299999956 ], [ -0.8152992, 10.184325699999956 ], [ -0.8139087, 10.181336699999955 ], [ -0.8124948, 10.178289899999955 ], [ -0.8111208, 10.175356299999955 ], [ -0.8097375, 10.172408799999955 ], [ -0.807518, 10.170245 ], [ -0.8052468, 10.168044199999954 ], [ -0.8030602, 10.165859499999954 ], [ -0.8009464, 10.163818199999954 ], [ -0.8011181, 10.160576899999954 ], [ -0.8012755, 10.157835 ], [ -0.8014681, 10.154397299999955 ], [ -0.8017617, 10.152025199999954 ], [ -0.802121, 10.149047499999954 ], [ -0.802525, 10.145739099999954 ], [ -0.8028327, 10.142976299999955 ], [ -0.8029501, 10.139069099999954 ], [ -0.8029877, 10.135665799999954 ], [ -0.8031075, 10.133127199999954 ], [ -0.8034551, 10.129099499999954 ], [ -0.8037839, 10.125203699999954 ], [ -0.8044415, 10.122043 ], [ -0.8051485, 10.118810699999953 ], [ -0.8058155, 10.115758599999953 ], [ -0.8064567, 10.112244099999954 ], [ -0.8070509, 10.108445099999953 ], [ -0.8075206, 10.104523599999952 ], [ -0.8079692, 10.100692199999953 ], [ -0.8084249, 10.097260699999953 ], [ -0.8088054, 10.094048899999953 ], [ -0.8091905, 10.090823199999953 ], [ -0.8095593, 10.087662199999953 ], [ -0.8099938, 10.084274599999953 ], [ -0.8104635, 10.080389699999953 ], [ -0.8109286, 10.076541799999953 ], [ -0.8113889, 10.072649899999954 ], [ -0.8118751, 10.068670099999952 ], [ -0.8123627, 10.064729099999951 ], [ -0.8127679, 10.061216699999951 ], [ -0.8131897, 10.057786 ], [ -0.813677, 10.053683499999952 ], [ -0.8141679, 10.04973589999995 ], [ -0.8146518, 10.045822699999951 ], [ -0.8151266, 10.041860099999951 ], [ -0.8155783, 10.037987599999951 ], [ -0.8160699, 10.034164199999951 ], [ -0.8164736, 10.030354699999952 ], [ -0.81684, 10.027028299999953 ], [ -0.8173515, 10.023312599999953 ], [ -0.8177866, 10.019636199999953 ], [ -0.8182715, 10.015825599999951 ], [ -0.8185539, 10.013356 ], [ -0.8189525, 10.010160299999951 ], [ -0.819361, 10.006853299999952 ], [ -0.8197197, 10.003647699999952 ], [ -0.8201216, 10.000429 ], [ -0.820533499999986, 9.9971547 ], [ -0.820882299999986, 9.9942139 ], [ -0.821317399999986, 9.9905862 ], [ -0.821692699999986, 9.9874688 ], [ -0.822111199999986, 9.98407 ], [ -0.822479899999986, 9.9810048 ], [ -0.823609199999986, 9.9780672 ], [ -0.824452899999986, 9.9759114 ], [ -0.825602199999986, 9.973 ], [ -0.826794599999987, 9.9698366 ], [ -0.827943899999987, 9.9669119 ], [ -0.829189399999986, 9.9638466 ], [ -0.830348599999987, 9.9608074 ], [ -0.831501199999987, 9.9578402 ], [ -0.832630499999987, 9.9548958 ], [ -0.833849499999987, 9.9518533 ], [ -0.835035299999987, 9.9487486 ], [ -0.836204499999986, 9.9457093 ], [ -0.837420199999987, 9.9426634 ], [ -0.838576099999987, 9.9395945 ], [ -0.839798399999987, 9.936529 ], [ -0.840960899999987, 9.9335386 ], [ -0.842106899999987, 9.9304795 ], [ -0.843329199999987, 9.9273844 ], [ -0.844554799999986, 9.9242631 ], [ -0.845727399999986, 9.9212301 ], [ -0.846939699999986, 9.9180956 ], [ -0.848098899999986, 9.9151215 ], [ -0.849268099999986, 9.9121342 ], [ -0.850467199999987, 9.9090324 ], [ -0.851709399999987, 9.9059828 ], [ -0.852825499999986, 9.9029857 ], [ -0.854077699999987, 9.8998379 ], [ -0.855236899999987, 9.8968276 ], [ -0.856462599999987, 9.8937191 ], [ -0.857618399999987, 9.8906989 ], [ -0.858797599999987, 9.8876754 ], [ -0.860019899999987, 9.8845308 ], [ -0.861179099999987, 9.8815858 ], [ -0.862374899999987, 9.8785328 ], [ -0.863620499999987, 9.8753259 ], [ -0.864753099999988, 9.8724135 ], [ -0.865729599999988, 9.8698284 ], [ -0.865098499999988, 9.8681038 ], [ -0.864112, 9.8653681 ], [ -0.863069099999988, 9.8625603 ], [ -0.862029399999988, 9.8596217 ], [ -0.860920099999988, 9.8564702 ], [ -0.859754199999988, 9.8533024 ], [ -0.858628199999988, 9.8501673 ], [ -0.857538699999988, 9.8471173 ], [ -0.856429299999988, 9.8440116 ], [ -0.8553, 9.8409189 ], [ -0.854217199999988, 9.8378557 ], [ -0.853101199999988, 9.8347499 ], [ -0.851905399999988, 9.8314772 ], [ -0.850613299999988, 9.8278182 ], [ -0.849317899999988, 9.8243523 ], [ -0.848185299999987, 9.8211645 ], [ -0.847092499999988, 9.8181404 ], [ -0.845963199999987, 9.8150148 ], [ -0.844903599999987, 9.8120397 ], [ -0.843737799999988, 9.8088976 ], [ -0.842628399999988, 9.8057948 ], [ -0.841519, 9.802656 ], [ -0.840406299999988, 9.7995793 ], [ -0.839366599999988, 9.7966172 ], [ -0.838177499999988, 9.7933212 ], [ -0.837101299999988, 9.7903295 ], [ -0.835962, 9.7871807 ], [ -0.834836, 9.7841006 ], [ -0.833743299999988, 9.7810369 ], [ -0.832637199999988, 9.7779535 ], [ -0.831554399999988, 9.7749289 ], [ -0.830421199999988, 9.7717786 ], [ -0.829329399999988, 9.7687432 ], [ -0.828212899999989, 9.7656391 ], [ -0.827122799999989, 9.7626011 ], [ -0.82602, 9.7595175 ], [ -0.824870799999989, 9.7563128 ], [ -0.823760799999989, 9.7532224 ], [ -0.822436199999989, 9.7499985 ], [ -0.821041199999988, 9.7465056 ], [ -0.819838799999988, 9.7429897 ], [ -0.818702799999988, 9.7395131 ], [ -0.817513699999988, 9.736007 ], [ -0.817576799999988, 9.7329887 ], [ -0.817586799999988, 9.729584 ], [ -0.817596699999988, 9.726248 ], [ -0.817623299999988, 9.7228138 ], [ -0.817639899999988, 9.720067 ], [ -0.817669799999988, 9.7166393 ], [ -0.817693099999989, 9.7134374 ], [ -0.817693099999989, 9.7099899 ], [ -0.817709699999989, 9.7067094 ], [ -0.817732899999989, 9.7033798 ], [ -0.817739599999989, 9.6999879 ], [ -0.8177728, 9.6966418 ], [ -0.8177794, 9.6932204 ], [ -0.817789399999989, 9.6903915 ], [ -0.817809299999989, 9.6867768 ], [ -0.817845499999989, 9.6824703 ], [ -0.817852099999989, 9.6789177 ], [ -0.817888599999989, 9.6751163 ], [ -0.817898599999989, 9.6716947 ], [ -0.817928499999989, 9.6685251 ], [ -0.817938499999989, 9.6651099 ], [ -0.817928499999989, 9.661734 ], [ -0.817968399999989, 9.6586757 ], [ -0.817988299999989, 9.6554012 ], [ -0.8179949, 9.6522315 ], [ -0.818024799999989, 9.6487736 ], [ -0.818028199999989, 9.645522 ], [ -0.818051399999989, 9.6423882 ], [ -0.818078, 9.6387664 ], [ -0.818091299999989, 9.6347026 ], [ -0.81802, 9.6312866 ], [ -0.817958399999989, 9.6283365 ], [ -0.818044799999989, 9.6255039 ], [ -0.818164299999989, 9.6225762 ], [ -0.818154399999989, 9.6197107 ], [ -0.818177599999989, 9.6166651 ], [ -0.818712399999989, 9.6133772 ], [ -0.819204, 9.6100531 ], [ -0.819622499999989, 9.6068273 ], [ -0.820117399999989, 9.6036408 ], [ -0.820555799999989, 9.6003985 ], [ -0.821067399999989, 9.5971038 ], [ -0.821525699999989, 9.5938189 ], [ -0.821990699999989, 9.5906487 ], [ -0.822479, 9.5874899 ], [ -0.8229307, 9.5842065 ], [ -0.823409, 9.5810655 ], [ -0.8238442, 9.577846 ], [ -0.824299199999989, 9.574669 ], [ -0.8247875, 9.5714101 ], [ -0.825272399999989, 9.5681151 ], [ -0.8257142, 9.5650363 ], [ -0.8261858, 9.5619575 ], [ -0.8266309, 9.5588065 ], [ -0.8271159, 9.5553739 ], [ -0.8275522, 9.5524028 ], [ -0.8280219, 9.5491694 ], [ -0.828484599999989, 9.545922199999989 ], [ -0.8288651, 9.543325799999989 ], [ -0.829313699999989, 9.54028 ], [ -0.829785799999989, 9.537053499999988 ], [ -0.830243799999989, 9.533917399999988 ], [ -0.830715899999989, 9.530702399999988 ], [ -0.8311504, 9.527656499999988 ], [ -0.8316154, 9.5244901 ], [ -0.8320852, 9.5212635 ], [ -0.8325831, 9.5178909 ], [ -0.833062199999989, 9.5145971 ], [ -0.833524899999989, 9.5114213 ], [ -0.833982899999989, 9.5082386 ], [ -0.834504299999989, 9.5048728 ], [ -0.834931799999989, 9.5017062 ], [ -0.835373299999989, 9.4986994 ], [ -0.835857099999989, 9.4955282 ], [ -0.836336299999989, 9.4922619 ], [ -0.836824799999989, 9.488984 ], [ -0.837285099999989, 9.4857246 ], [ -0.837743099999989, 9.4825764 ], [ -0.837982699999989, 9.4793308 ], [ -0.838229299999989, 9.4760366 ], [ -0.838534599999989, 9.4721794 ], [ -0.838816499999989, 9.4687067 ], [ -0.839065399999989, 9.4654239 ], [ -0.839337899999989, 9.4619743 ], [ -0.839575099999989, 9.4587819 ], [ -0.841221499999989, 9.4565671 ], [ -0.842853899999988, 9.4543383 ], [ -0.843943599999988, 9.4516624 ], [ -0.845071799999988, 9.4488948 ], [ -0.846129699999988, 9.4461982 ], [ -0.8471361, 9.443701499999952 ], [ -0.8495326, 9.442215599999951 ], [ -0.8522297, 9.44051839999995 ], [ -0.8551809, 9.438701499999951 ], [ -0.8576056, 9.437187699999951 ], [ -0.8604439, 9.435421699999951 ], [ -0.8623942, 9.43415129999995 ], [ -0.8623997, 9.434114 ], [ -0.8627155, 9.43198459999995 ], [ -0.861654499999988, 9.4292102 ], [ -0.860533099999989, 9.4263626 ], [ -0.8582546, 9.424418899999948 ], [ -0.8557629, 9.422479499999948 ], [ -0.853832199999989, 9.4206845 ], [ -0.8533783, 9.4199619 ], [ -0.853613, 9.4197899 ] ] } },
{ "type": "Feature", "properties": { "line_id": 302155697, "circuits": 1.0, "tag_frequency": 50.0, "tag_type": "line", "voltage": 161000, "bus0": null, "bus1": null, "length": null, "underground": false, "under_construction": "False", "dc": false, "country": "GH" }, "geometry": { "type": "LineString", "coordinates": [ [ -0.0153905, 9.457163200000011 ], [ -0.0161979, 9.456800800000011 ], [ -0.018573, 9.45531520000001 ], [ -0.0213196, 9.45409170000001 ], [ -0.0243975, 9.45269220000001 ], [ -0.0273013, 9.45143540000001 ], [ -0.0303522, 9.450054800000011 ], [ -0.0332433, 9.44879 ], [ -0.0357743, 9.44766550000001 ], [ -0.0383663, 9.44681290000001 ], [ -0.0412926, 9.44591330000001 ], [ -0.0444093, 9.44493960000001 ], [ -0.0473759, 9.444063800000011 ], [ -0.0504738, 9.443111300000011 ], [ -0.0530568, 9.442330800000011 ], [ -0.0558811, 9.442127100000011 ], [ -0.0590032, 9.44189690000001 ], [ -0.0623962, 9.441640200000011 ], [ -0.0655881, 9.441391500000011 ], [ -0.068678, 9.441174600000011 ], [ -0.0749758, 9.440719500000011 ], [ -0.0778431, 9.440502500000012 ], [ -0.0811207, 9.440269700000012 ], [ -0.0844279, 9.440015700000012 ], [ -0.0876787, 9.439798700000013 ], [ -0.0909725, 9.439539400000013 ], [ -0.094167, 9.439296 ], [ -0.0972945, 9.439079 ], [ -0.1007411, 9.438819700000014 ], [ -0.1037854, 9.438597500000014 ], [ -0.1069102, 9.438375200000014 ], [ -0.1100913, 9.438139700000013 ], [ -0.113326, 9.437912200000014 ], [ -0.1166144, 9.437666100000014 ], [ -0.1198599, 9.437428 ], [ -0.1231617, 9.437176600000013 ], [ -0.1263508, 9.436954400000014 ], [ -0.1296499, 9.436700400000014 ], [ -0.132772, 9.436478100000013 ], [ -0.1356313, 9.436255800000012 ], [ -0.1389679, 9.436025600000011 ], [ -0.1422215, 9.435776900000011 ], [ -0.1454964, 9.435525600000011 ], [ -0.148758, 9.43529270000001 ], [ -0.151982, 9.435070500000011 ], [ -0.1551846, 9.434827 ], [ -0.1585186, 9.43458890000001 ], [ -0.1614958, 9.434377200000011 ], [ -0.1644596, 9.434162900000011 ], [ -0.1677346, 9.433916800000011 ], [ -0.1709801, 9.433668100000011 ], [ -0.1742765, 9.43343 ], [ -0.1775166, 9.43319450000001 ], [ -0.180805, 9.43293260000001 ], [ -0.1839834, 9.4327076 ], [ -0.1902169, 9.4322552 ], [ -0.1932612, 9.4320276 ], [ -0.1966864, 9.431771 ], [ -0.1997682, 9.4315381 ], [ -0.2032095, 9.4312868 ], [ -0.2062914, 9.4310619 ], [ -0.2095798, 9.4308475 ], [ -0.2127448, 9.4305882 ], [ -0.2160975, 9.4303395 ], [ -0.2192974, 9.4301305 ], [ -0.2224624, 9.4298976 ], [ -0.2258232, 9.4296225 ], [ -0.228999, 9.429387 ], [ -0.2323759, 9.4291647 ], [ -0.2355275, 9.4289266 ], [ -0.2388158, 9.4286977 ], [ -0.2452049, 9.4282095 ], [ -0.2482089, 9.427982 ], [ -0.2512774, 9.4277809 ], [ -0.2545711, 9.4275189 ], [ -0.2577308, 9.4273125 ], [ -0.261105, 9.4270823 ], [ -0.2642459, 9.4268098 ], [ -0.2674833, 9.4265902 ], [ -0.2705571, 9.4263494 ], [ -0.2740145, 9.42609540000001 ], [ -0.2764741, 9.4259181 ], [ -0.2793789, 9.4257223 ], [ -0.2825949, 9.4254921 ], [ -0.2857465, 9.425230100000011 ], [ -0.2891797, 9.424981400000011 ], [ -0.2922562, 9.424735300000011 ], [ -0.2956197, 9.424457500000011 ], [ -0.2988169, 9.424264300000011 ], [ -0.3020489, 9.424034100000011 ], [ -0.3083602, 9.423542 ], [ -0.3145909, 9.423071 ], [ -0.3178364, 9.42284080000001 ], [ -0.3210121, 9.42258940000001 ], [ -0.3243729, 9.42233540000001 ], [ -0.3306842, 9.42183530000001 ], [ -0.3340182, 9.421615700000011 ], [ -0.3371108, 9.421369600000011 ], [ -0.3403643, 9.42113940000001 ], [ -0.3436205, 9.42089330000001 ], [ -0.3468955, 9.4206552 ], [ -0.3501651, 9.42041170000001 ], [ -0.3534293, 9.42017890000001 ], [ -0.356707, 9.41994070000001 ], [ -0.3599551, 9.41970260000001 ], [ -0.3632355, 9.4194592 ], [ -0.366497, 9.41919460000001 ], [ -0.3697667, 9.4189591 ], [ -0.3729397, 9.4187183 ], [ -0.3763059, 9.4184722 ], [ -0.3795245, 9.4182393 ], [ -0.3827727, 9.4179959 ], [ -0.3860182, 9.4177525 ], [ -0.3892744, 9.4175037 ], [ -0.392375, 9.4172629 ], [ -0.3956956, 9.4164241 ], [ -0.398874, 9.4156541 ], [ -0.4020712, 9.4148815 ], [ -0.405094, 9.4141247 ], [ -0.4081517, 9.4133706 ], [ -0.4112282, 9.41261640000001 ], [ -0.4143423, 9.41187550000001 ], [ -0.4174724, 9.41107370000001 ], [ -0.4206508, 9.41027990000001 ], [ -0.423671, 9.4095311 ], [ -0.4266188, 9.4087981 ], [ -0.4295558, 9.4080757 ], [ -0.4327449, 9.4072951 ], [ -0.4359448, 9.4065012 ], [ -0.4390964, 9.4057233 ], [ -0.4422721, 9.40494 ], [ -0.4454586, 9.4041409 ], [ -0.4486451, 9.4033655 ], [ -0.4518154, 9.4025955 ], [ -0.4544628, 9.4019207 ], [ -0.4573166, 9.4012195 ], [ -0.4603958, 9.4004627 ], [ -0.4635608, 9.3996926 ], [ -0.466691, 9.3989041 ], [ -0.4696575, 9.3981843 ], [ -0.4730022, 9.3973375 ], [ -0.4760143, 9.3966098 ], [ -0.4789621, 9.3958927 ], [ -0.482229, 9.3950565 ], [ -0.4850158, 9.3943685 ], [ -0.4878348, 9.3936699 ], [ -0.4908577, 9.3929236 ], [ -0.4939422, 9.3921536 ], [ -0.4970375, 9.39139410000001 ], [ -0.5002919, 9.39058510000001 ], [ -0.503393, 9.38981430000001 ], [ -0.5065647, 9.38903360000001 ], [ -0.5097404, 9.388234400000011 ], [ -0.5127123, 9.38751460000001 ], [ -0.515593, 9.386805400000011 ], [ -0.5186346, 9.386053900000011 ], [ -0.5217996, 9.385262600000011 ], [ -0.5249754, 9.384455500000012 ], [ -0.5281779, 9.383661600000012 ], [ -0.5312276, 9.382910100000013 ], [ -0.5343872, 9.382137300000013 ], [ -0.5375737, 9.381343400000013 ], [ -0.5405429, 9.380618300000013 ], [ -0.5432975, 9.379927700000012 ], [ -0.5463794, 9.379147 ], [ -0.5496624, 9.378355700000013 ], [ -0.5527389, 9.377585600000012 ], [ -0.5559281, 9.376791700000012 ], [ -0.5590904, 9.376016300000012 ], [ -0.5622795, 9.375217100000013 ], [ -0.5654967, 9.3744231 ], [ -0.5683538, 9.3737183 ], [ -0.5712392, 9.3730066 ], [ -0.5744276, 9.3721976 ], [ -0.5775989, 9.3713971 ], [ -0.5807833, 9.3706129 ], [ -0.5839463, 9.369834 ], [ -0.5871189, 9.3690527 ], [ -0.5903265, 9.3682628 ], [ -0.593481, 9.367486 ], [ -0.5963904, 9.3667695 ], [ -0.5990811, 9.3667958 ], [ -0.6023777, 9.3667932 ], [ -0.6054554, 9.3667909 ], [ -0.6085933, 9.3668027 ], [ -0.6117625, 9.3668051 ], [ -0.6149581, 9.3668098 ], [ -0.6181392, 9.3668241 ], [ -0.6213877, 9.3668241 ], [ -0.6242972, 9.3668241 ], [ -0.627286, 9.366843 ], [ -0.6301546, 9.3668502 ], [ -0.6332083, 9.366848 ], [ -0.6361851, 9.3668644 ], [ -0.6391932, 9.366881 ], [ -0.6421579, 9.3668834 ], [ -0.6454016, 9.3668902 ], [ -0.6485683, 9.366881 ], [ -0.6518385, 9.3668715 ], [ -0.655087, 9.3668857 ], [ -0.6583523, 9.3668881 ], [ -0.6616441, 9.3669047 ], [ -0.6648902, 9.3668905 ], [ -0.6681627, 9.3668976 ], [ -0.6714473, 9.3669261 ], [ -0.6745876, 9.3669261 ], [ -0.6779515, 9.3669261 ], [ -0.6810822, 9.3669261 ], [ -0.6843812, 9.3669261 ], [ -0.6876248, 9.3669356 ], [ -0.6907868, 9.3669427 ], [ -0.6939559, 9.3669356 ], [ -0.6971972, 9.3669332 ], [ -0.7005323, 9.3669451 ], [ -0.7037375, 9.3669569 ], [ -0.7070797, 9.3669451 ], [ -0.7102272, 9.3669361 ], [ -0.713448, 9.3669667 ], [ -0.716848399999989, 9.366999 ], [ -0.719995499999989, 9.3669745 ], [ -0.722337799999989, 9.3670064 ], [ -0.724655299999989, 9.3670774 ], [ -0.727506799999989, 9.3672367 ], [ -0.730872499999989, 9.3674255 ], [ -0.733999699999989, 9.3675799 ], [ -0.737025099999989, 9.3677097 ], [ -0.740204499999989, 9.3678617 ], [ -0.743523, 9.3680308 ], [ -0.7469206, 9.368207 ], [ -0.750092899999989, 9.3683715 ], [ -0.752792899999989, 9.3684597 ], [ -0.755555299999989, 9.3686044 ], [ -0.7588853, 9.368783 ], [ -0.7620414, 9.3689524 ], [ -0.765408599999989, 9.369133 ], [ -0.768601699999989, 9.3692664 ], [ -0.771845699999989, 9.3694363 ], [ -0.775147699999989, 9.3695957 ], [ -0.778368899999989, 9.3697551 ], [ -0.781593699999989, 9.3699076 ], [ -0.784511, 9.3700376 ], [ -0.787930699999989, 9.3702092 ], [ -0.791006099999989, 9.3703651 ], [ -0.794204499999989, 9.3705211 ], [ -0.797431899999989, 9.3706766 ], [ -0.800741699999989, 9.3708323 ], [ -0.80378, 9.370986 ], [ -0.807236599999989, 9.3711576 ], [ -0.809901, 9.3712719 ], [ -0.812073699999989, 9.370934 ], [ -0.814996299999989, 9.3704938 ], [ -0.818226299999989, 9.3700052 ], [ -0.821145399999989, 9.3695529 ], [ -0.824043399999989, 9.3690919 ], [ -0.827269899999989, 9.3686205 ], [ -0.830331299999989, 9.3681266 ], [ -0.833280299999989, 9.3681804 ], [ -0.8368264, 9.3682491 ], [ -0.840240799999989, 9.368319 ], [ -0.844064499999989, 9.3684004 ], [ -0.847951299999989, 9.3684663 ], [ -0.850585899999989, 9.3685269 ], [ -0.852902599999989, 9.3694853 ], [ -0.855802099999989, 9.3707275 ], [ -0.858764199999989, 9.3719859 ], [ -0.861502199999989, 9.3731583 ], [ -0.863753899999989, 9.3741178 ], [ -0.864748699999989, 9.3765366 ], [ -0.865947299999989, 9.3794359 ], [ -0.867025699999989, 9.3821721 ], [ -0.867893399999989, 9.3842827 ], [ -0.867148699999989, 9.3865996 ], [ -0.866140499999989, 9.3896286 ], [ -0.864425199999989, 9.3922589 ], [ -0.862580299999989, 9.3950881 ], [ -0.860341799999989, 9.3984724 ], [ -0.858728699999989, 9.4009111 ], [ -0.858566, 9.4044558 ], [ -0.858388499999989, 9.4080481 ], [ -0.857233899999989, 9.4108131 ], [ -0.855983699999989, 9.4138262 ], [ -0.854833, 9.4166066 ], [ -0.853902399999989, 9.4188437 ], [ -0.8538213, 9.4192636 ] ] } },
{ "type": "Feature", "properties": { "line_id": 302155698, "circuits": 1.0, "tag_frequency": 50.0, "tag_type": "line", "voltage": 330000, "bus0": null, "bus1": null, "length": null, "underground": false, "under_construction": "False", "dc": false, "country": "GH" }, "geometry": { "type": "LineString", "coordinates": [ [ 0.0007248, 5.6952084 ], [ 0.0006596, 5.6953757 ], [ -0.000041, 5.6958288 ], [ -0.0026356, 5.6948363 ], [ -0.0058283, 5.6935392 ], [ -0.0089664, 5.6922815 ], [ -0.0115078, 5.691277500000011 ], [ -0.0140919, 5.6902356 ], [ -0.0143926, 5.6901143 ], [ -0.0174381, 5.6888964 ], [ -0.0202102, 5.6877742 ], [ -0.0229487, 5.6866706 ], [ -0.025594, 5.6856151 ], [ -0.0288892, 5.6841973 ], [ -0.0307953, 5.683479 ], [ -0.0321421, 5.6829715 ], [ -0.0350395, 5.6817839 ], [ -0.0380989, 5.680545400000025 ], [ -0.0410867, 5.6793358 ], [ -0.0447939, 5.677845 ], [ -0.046436, 5.679031600000027 ], [ -0.0488886, 5.68075250000001 ], [ -0.0507579, 5.683407 ], [ -0.0527789, 5.6863176 ], [ -0.0547904, 5.6892349 ], [ -0.0559089, 5.6919506 ], [ -0.0573451, 5.6956005 ], [ -0.0589061, 5.6994798 ], [ -0.0601185, 5.7025092 ], [ -0.0611463, 5.705031 ], [ -0.0637232, 5.7067274 ], [ -0.0672087, 5.7090014 ], [ -0.0704394, 5.7111086 ], [ -0.0735869, 5.713177 ], [ -0.0770711, 5.7154363 ], [ -0.0804411, 5.7176582 ], [ -0.0837684, 5.7198214 ], [ -0.0872686, 5.7221113 ], [ -0.0904926, 5.7242145 ], [ -0.0934631, 5.7261655 ], [ -0.0959288, 5.727772200000024 ], [ -0.0964283, 5.7280977 ], [ -0.0997788, 5.73029350000001 ], [ -0.1028887, 5.73231930000001 ], [ -0.1058958, 5.73428 ], [ -0.1089794, 5.736288300000011 ], [ -0.1124873, 5.738569700000011 ], [ -0.1156042, 5.74010210000001 ], [ -0.1191728, 5.74185770000001 ], [ -0.1228788, 5.743679200000011 ], [ -0.1261865, 5.745263100000011 ], [ -0.129491, 5.746908500000011 ], [ -0.1333369, 5.74879290000001 ], [ -0.1364208, 5.750317300000025 ], [ -0.1398081, 5.751984800000025 ], [ -0.1425074, 5.753288500000011 ], [ -0.1463495, 5.755186 ], [ -0.1503633, 5.757158800000011 ], [ -0.1539966, 5.75894610000001 ], [ -0.1575917, 5.76070180000001 ], [ -0.1607666, 5.762276 ], [ -0.1640262, 5.762257700000011 ], [ -0.1676794, 5.762236800000011 ], [ -0.1714065, 5.762223800000011 ], [ -0.1756831, 5.762187100000011 ], [ -0.179117, 5.762187100000011 ], [ -0.1821535, 5.762387300000025 ], [ -0.1861193, 5.762334400000025 ], [ -0.190176, 5.762276700000025 ], [ -0.1942741, 5.762194100000011 ], [ -0.1979537, 5.762160700000011 ], [ -0.1991879, 5.76091720000001 ], [ -0.2023497, 5.757858 ], [ -0.2049913, 5.755208900000011 ], [ -0.2076575, 5.75262390000001 ], [ -0.2084731, 5.751833100000024 ], [ -0.208753, 5.751561600000024 ], [ -0.2101766, 5.75018130000001 ], [ -0.2128533, 5.747542 ], [ -0.2156717, 5.744764 ], [ -0.2183133, 5.742154300000011 ], [ -0.2210763, 5.739476100000011 ], [ -0.2239424, 5.736614 ], [ -0.2269459, 5.73368890000001 ], [ -0.230858, 5.72981750000001 ], [ -0.2329897, 5.72774650000001 ], [ -0.2347654, 5.72601870000001 ], [ -0.2361787, 5.72447860000001 ], [ -0.2365934, 5.72242060000001 ], [ -0.2379539, 5.72033110000001 ], [ -0.2393723, 5.71813120000001 ], [ -0.2424127, 5.71662 ], [ -0.2438524, 5.7157106 ], [ -0.246729, 5.7135923 ], [ -0.2502871, 5.7112794 ], [ -0.2527196, 5.70995590000001 ], [ -0.254748, 5.70829630000001 ], [ -0.2574782, 5.706048100000024 ], [ -0.2604651, 5.70358860000001 ], [ -0.2629823, 5.70148 ], [ -0.2647576, 5.70003250000001 ], [ -0.2661805, 5.69715540000001 ], [ -0.2672027, 5.6950738 ], [ -0.2680454, 5.6934074 ], [ -0.2694454, 5.6905424 ], [ -0.2707161, 5.6878534 ], [ -0.2717516, 5.6840221 ], [ -0.2746579, 5.6838624 ], [ -0.2756028, 5.683821 ], [ -0.2780144, 5.6837156 ], [ -0.2797234, 5.683658 ], [ -0.2827082, 5.6825206 ], [ -0.2848823, 5.6807345 ], [ -0.2878087, 5.6784758 ], [ -0.2880841, 5.678236699999971 ], [ -0.2904293, 5.6761748 ], [ -0.2934403, 5.6742233 ], [ -0.2966137, 5.6729446 ], [ -0.301081, 5.6711255 ], [ -0.3039498, 5.66997150000001 ], [ -0.3074788, 5.6685601 ], [ -0.3104927, 5.66734840000001 ], [ -0.3142384, 5.6657977 ], [ -0.3185305, 5.6640738 ], [ -0.321491, 5.662888 ], [ -0.3258505, 5.6611539 ], [ -0.3285072, 5.6600731 ], [ -0.3321912, 5.6585908 ], [ -0.3358363, 5.6571131 ], [ -0.3392827, 5.6557523 ], [ -0.342192, 5.6539136 ], [ -0.3455645, 5.6518086 ], [ -0.3488537, 5.6497603 ], [ -0.351562, 5.6481229 ], [ -0.3528699, 5.647248699999979 ], [ -0.355172, 5.6457098 ], [ -0.3581662, 5.6438907 ], [ -0.3612507, 5.6420197 ], [ -0.3646584, 5.6398751 ], [ -0.3680649, 5.6377384 ], [ -0.3714231, 5.6356543 ], [ -0.3746586, 5.633656 ], [ -0.3773381, 5.6319864 ], [ -0.3809363, 5.6312431 ], [ -0.3854518, 5.6303636 ], [ -0.3894309, 5.629587 ], [ -0.3935039, 5.6288063 ], [ -0.3972201, 5.6280297 ], [ -0.4000847, 5.6274584 ], [ -0.4040356, 5.6266898 ], [ -0.4070866, 5.6260893 ], [ -0.4106312, 5.6236016 ], [ -0.4145928, 5.6207816 ], [ -0.4178062, 5.6185367 ], [ -0.4206527, 5.6165261 ], [ -0.4218709, 5.6156604 ], [ -0.4237206, 5.614346 ], [ -0.4267937, 5.6121051 ], [ -0.430445, 5.6095967 ], [ -0.4334759, 5.60747 ], [ -0.4372458, 5.6047953 ], [ -0.4401587, 5.6027466 ], [ -0.4431146, 5.6006846 ], [ -0.4454434, 5.5989895 ], [ -0.448463, 5.5968628 ], [ -0.4514309, 5.594772 ], [ -0.4546134, 5.592499 ], [ -0.4570958, 5.5907426 ], [ -0.4610126, 5.5879711 ], [ -0.4636526, 5.5861092 ], [ -0.4674017, 5.5834558 ], [ -0.4707357, 5.5811168 ], [ -0.4742408, 5.5786302 ], [ -0.4762927, 5.5760101 ], [ -0.4795463, 5.5718938 ], [ -0.4815393, 5.5693664 ], [ -0.4841035, 5.5661103 ], [ -0.4861273, 5.5635435 ], [ -0.4881522, 5.5609751 ], [ -0.4903774, 5.5581524 ], [ -0.4927512, 5.5551439 ], [ -0.4955415, 5.5515519 ], [ -0.4977107, 5.5487936 ], [ -0.5007505, 5.5449913 ], [ -0.5027723, 5.5424299 ], [ -0.5052902, 5.5399965 ], [ -0.5086384, 5.5367456 ], [ -0.5110711, 5.5344337 ], [ -0.514835, 5.5308143 ], [ -0.5175924, 5.5281173 ], [ -0.5208614, 5.5249691 ], [ -0.524284, 5.5216572 ], [ -0.5277453, 5.5182998 ], [ -0.5310618, 5.51506940000001 ], [ -0.5344873, 5.5117326 ], [ -0.5376591, 5.5087077 ], [ -0.5406593, 5.5058337 ], [ -0.5434126, 5.5031533 ], [ -0.5467279, 5.4999001 ], [ -0.5493539, 5.4973772 ], [ -0.5518275, 5.4949876 ], [ -0.5552676, 5.4916517 ], [ -0.5580101, 5.4889679 ], [ -0.56028, 5.4861211 ], [ -0.5627826, 5.4829353 ], [ -0.5647943, 5.4804075 ], [ -0.5670088, 5.4776365 ], [ -0.5695192, 5.474495 ], [ -0.5723999, 5.470894 ], [ -0.5748797, 5.4677614 ], [ -0.577094, 5.46497 ], [ -0.5798526, 5.4614622 ], [ -0.5826704, 5.4579646 ], [ -0.5850596, 5.4549515 ], [ -0.5872074, 5.4522641 ], [ -0.5893912, 5.4496644 ], [ -0.591992, 5.4465682 ], [ -0.5944979, 5.4436205 ], [ -0.5971473, 5.4404578 ], [ -0.5998001, 5.4373018 ], [ -0.6026547, 5.4339307 ], [ -0.6053383, 5.4317667 ], [ -0.6081667, 5.4294798 ], [ -0.6106425, 5.4275225 ], [ -0.6133871, 5.4253364 ], [ -0.6161197, 5.4231328 ], [ -0.6192029, 5.4207044 ], [ -0.6219227, 5.4185323 ], [ -0.6247286, 5.4162185 ], [ -0.6272537, 5.4142293 ], [ -0.6301391, 5.41188880000001 ], [ -0.6336737, 5.4105578 ], [ -0.6368749, 5.4093616 ], [ -0.6404235, 5.4079985 ], [ -0.6438688, 5.4066774 ], [ -0.6470942, 5.4054285 ], [ -0.6501935, 5.4042864 ], [ -0.6531171, 5.4031468 ], [ -0.6556767, 5.400745 ], [ -0.6586841, 5.3980067 ], [ -0.6614496, 5.3954392 ], [ -0.663818, 5.3932349 ], [ -0.6671011, 5.3901814 ], [ -0.6701355, 5.3873783 ], [ -0.6733635, 5.3844096 ], [ -0.6764589, 5.3815616 ], [ -0.679404, 5.3788556 ], [ -0.6825972, 5.3759226 ], [ -0.6854384, 5.3732535 ], [ -0.6883379, 5.3705825 ], [ -0.6915097, 5.3676886 ], [ -0.6945353, 5.3648799 ], [ -0.6977111, 5.3619198 ], [ -0.7005282, 5.3593122 ], [ -0.7029683, 5.3570596 ], [ -0.7063493, 5.3552478 ], [ -0.7098315, 5.3533525 ], [ -0.7134238, 5.3513958 ], [ -0.7168268, 5.3495458 ], [ -0.7205564, 5.3475183 ], [ -0.7233997, 5.3459655 ], [ -0.7258264, 5.3448866 ], [ -0.728758, 5.3435414 ], [ -0.7319687, 5.3420793 ], [ -0.7350969, 5.3406452 ], [ -0.7385013, 5.3394416 ], [ -0.741972, 5.3382126 ], [ -0.7452988, 5.3370248 ], [ -0.7487742, 5.3360849 ], [ -0.7519687, 5.3350928 ], [ -0.7550683, 5.334309299999985 ], [ -0.7578609, 5.3336034 ], [ -0.7616597, 5.3326895 ], [ -0.7650869, 5.3318404 ], [ -0.7685094, 5.3310206 ], [ -0.7714127, 5.3303252 ], [ -0.7738447, 5.3297427 ], [ -0.7757091, 5.3292961 ], [ -0.7778978, 5.3289704 ], [ -0.7828432, 5.3282368 ], [ -0.7874935, 5.3275405 ], [ -0.790407, 5.3271109 ], [ -0.7949326, 5.3264436 ], [ -0.7976939, 5.3260365 ], [ -0.8022872, 5.3253522 ], [ -0.8057191, 5.3248442 ], [ -0.8116053, 5.3239563 ], [ -0.8152933, 5.3234203 ], [ -0.8211365, 5.3225585 ], [ -0.8262454, 5.3217941 ], [ -0.8292851, 5.3213676 ], [ -0.8331904, 5.3207855 ], [ -0.8368019, 5.3202473 ], [ -0.8408609, 5.3194075 ], [ -0.8438308, 5.3187853 ], [ -0.8474454, 5.3180393 ], [ -0.8513631, 5.3172325 ], [ -0.8573598, 5.3159948 ], [ -0.8603143, 5.3153672 ], [ -0.8639045, 5.3146308 ], [ -0.8669938, 5.3139838 ], [ -0.8699603, 5.3133625 ], [ -0.8730509, 5.3127228 ], [ -0.8758437, 5.3124185 ], [ -0.8793688, 5.3120333 ], [ -0.8834015, 5.3113264 ], [ -0.8868528, 5.3107248 ], [ -0.8904342, 5.3100993 ], [ -0.8931897, 5.309618 ], [ -0.8959248, 5.3078426 ], [ -0.8988707, 5.3059425 ], [ -0.9039803, 5.302213 ], [ -0.9065318, 5.30019 ], [ -0.9095949, 5.2977603 ], [ -0.9130108, 5.2950589 ], [ -0.9147724, 5.2936841 ], [ -0.9177008, 5.2922627 ], [ -0.9210937, 5.2906163 ], [ -0.9243385, 5.2890405 ], [ -0.9282674, 5.287135 ], [ -0.9321244, 5.2852669 ], [ -0.9347483, 5.2839897 ], [ -0.9378041, 5.2825234 ], [ -0.9416672, 5.2806552 ], [ -0.944464, 5.2792919 ], [ -0.9491022, 5.2770285 ], [ -0.9528977, 5.2751763 ], [ -0.9547504, 5.2742829 ], [ -0.9584654, 5.273449 ], [ -0.9619335, 5.2726839 ], [ -0.9655558, 5.2718907 ], [ -0.9692921, 5.2711202 ], [ -0.9740034, 5.2700119 ], [ -0.9783165, 5.2690599 ], [ -0.9823639, 5.2681759 ], [ -0.986449, 5.267296 ], [ -0.9913856, 5.2661957 ], [ -0.9945237, 5.2652823 ], [ -0.9985713, 5.2642621 ], [ -1.0023706, 5.2627771 ], [ -1.0059326, 5.2613797 ], [ -1.009252, 5.2599501 ], [ -1.0135307, 5.2581213 ], [ -1.0169667, 5.2566044 ], [ -1.0213676, 5.2545485 ], [ -1.0224952, 5.2538793 ], [ -1.0260676, 5.2520648 ], [ -1.0296859, 5.2502811 ], [ -1.0333364, 5.248308 ], [ -1.035165, 5.2473713 ], [ -1.0387693, 5.2455236 ], [ -1.0422756, 5.2437889 ], [ -1.0455507, 5.2421604 ], [ -1.0493715, 5.240234 ], [ -1.0517211, 5.2391162 ], [ -1.0545743, 5.2377755 ], [ -1.0573736, 5.2365134 ], [ -1.0616135, 5.2345193 ], [ -1.0633771, 5.2336864 ], [ -1.0658726, 5.2325044 ], [ -1.0692958, 5.2308578 ], [ -1.0732705, 5.2290296 ], [ -1.0766284, 5.2274398 ], [ -1.0804184, 5.2256769 ], [ -1.0833299, 5.2243261 ], [ -1.0862073, 5.2230013 ], [ -1.0885945, 5.2219142 ], [ -1.0948053, 5.2191251 ], [ -1.0967686, 5.2181982 ], [ -1.1015737, 5.2159146 ], [ -1.1023818, 5.2155306 ], [ -1.1054261, 5.2153664 ], [ -1.1075323, 5.2152349 ], [ -1.1107658, 5.2148984 ], [ -1.1138363, 5.2145753 ], [ -1.1166406, 5.2131496 ], [ -1.118905, 5.2120238 ], [ -1.1217389, 5.2090261 ], [ -1.1252989, 5.2052539 ], [ -1.1300786, 5.2028834 ], [ -1.1338995, 5.2009402 ], [ -1.1373542, 5.1991934 ], [ -1.141682, 5.1970485 ], [ -1.1439163, 5.1958411 ], [ -1.1462069, 5.1945671 ], [ -1.1499848, 5.1924756 ], [ -1.152816, 5.1911681 ], [ -1.1553956, 5.1899675 ], [ -1.1577741, 5.1888229 ], [ -1.1613301, 5.1870766 ], [ -1.1638802, 5.1858146 ], [ -1.1693875, 5.1831181 ], [ -1.1724171, 5.1816349 ], [ -1.1753448, 5.1802539 ], [ -1.1801071, 5.1781932 ], [ -1.1836986, 5.1764492 ], [ -1.1869702, 5.1749331 ], [ -1.1895684, 5.1736808 ], [ -1.1928547, 5.1720968 ], [ -1.1959624, 5.1704909 ], [ -1.2004941, 5.1680682 ], [ -1.2065995, 5.1664428 ], [ -1.2090202, 5.1658898 ], [ -1.2131945, 5.1647346 ], [ -1.2177086, 5.163586 ], [ -1.2234901, 5.1626993 ], [ -1.2285166, 5.1619367 ], [ -1.2332688, 5.161257 ], [ -1.2398396, 5.1597979 ], [ -1.242943, 5.1586112 ], [ -1.2463708, 5.1573303 ], [ -1.2512283, 5.1559387 ], [ -1.2539964, 5.1551774 ], [ -1.2574283, 5.1542358 ], [ -1.2616059, 5.1530278 ], [ -1.2655956, 5.151944 ], [ -1.2691993, 5.1509175 ], [ -1.2716783, 5.1510739 ], [ -1.27553, 5.1500068 ], [ -1.2785562, 5.1502546 ], [ -1.2834888, 5.148497 ], [ -1.2863896, 5.1471793 ], [ -1.2895466, 5.1457756 ], [ -1.2931864, 5.1442483 ], [ -1.2973331, 5.1423658 ], [ -1.3012405, 5.14065 ], [ -1.3046013, 5.1391695 ], [ -1.3081854, 5.1375287 ], [ -1.3119218, 5.1359446 ], [ -1.3156032, 5.1343218 ], [ -1.3193127, 5.1326669 ], [ -1.3228399, 5.1311175 ], [ -1.3267505, 5.1294025 ], [ -1.3308752, 5.1275713 ], [ -1.333896, 5.1262183 ], [ -1.3369604, 5.1248639 ], [ -1.3415472, 5.1190962 ], [ -1.3440712, 5.1158738 ], [ -1.3479015, 5.1145962 ], [ -1.349387, 5.1141008 ], [ -1.3520046, 5.1132278 ], [ -1.3563062, 5.1117859 ], [ -1.3583919, 5.1110909 ], [ -1.3609256, 5.1102358 ], [ -1.3640674, 5.1098865 ], [ -1.3670058, 5.109681 ], [ -1.3703074, 5.1094499 ], [ -1.3745158, 5.1093044 ], [ -1.3784466, 5.1091896 ], [ -1.3824538, 5.1090856 ], [ -1.3845471, 5.1090119 ], [ -1.3873267, 5.108914 ], [ -1.3899734, 5.1088426 ], [ -1.4014277, 5.1085102 ], [ -1.4050313, 5.1083935 ], [ -1.4183137, 5.1039329 ], [ -1.44058, 5.1021942 ], [ -1.4443518, 5.1011138 ], [ -1.446076, 5.1006483 ], [ -1.448959, 5.1000203 ], [ -1.4518273, 5.0994071 ], [ -1.4543801, 5.0984036 ], [ -1.4565766, 5.0978177 ], [ -1.4606559, 5.0967286 ], [ -1.4627081, 5.0961872 ], [ -1.467519, 5.0949869 ], [ -1.4711621, 5.0940257 ], [ -1.4753055, 5.0927922 ], [ -1.4790875, 5.0917945 ], [ -1.4826106, 5.0908515 ], [ -1.4849964, 5.0903933 ], [ -1.4881077, 5.0898043 ], [ -1.4904413, 5.0883978 ], [ -1.4934039, 5.0866612 ], [ -1.4974172, 5.0851685 ], [ -1.4997936, 5.0842722 ], [ -1.5026107, 5.0825858 ], [ -1.5061344, 5.0805655 ], [ -1.5088683, 5.0789833 ], [ -1.5111543, 5.077582 ], [ -1.5144139, 5.0757199 ], [ -1.5176312, 5.073743 ], [ -1.5203953, 5.0721426 ], [ -1.5233605, 5.0704168 ], [ -1.5268394, 5.0683717 ], [ -1.5300976, 5.0665048 ], [ -1.5333518, 5.0645699 ], [ -1.5349666, 5.0635908 ], [ -1.5383173, 5.0626891 ], [ -1.5432593, 5.0612725 ], [ -1.5468118, 5.0603001 ], [ -1.5499521, 5.0594339 ], [ -1.5532573, 5.0585669 ], [ -1.5570399, 5.0575003 ], [ -1.5605294, 5.0564998 ], [ -1.5644615, 5.0554639 ], [ -1.5678815, 5.054494100000025 ], [ -1.5711973, 5.0536065 ], [ -1.574353, 5.0527396 ], [ -1.5774865, 5.0518573 ], [ -1.5810028, 5.0509369 ], [ -1.5844824, 5.0499765 ], [ -1.5872008, 5.0492385 ], [ -1.5924747, 5.0478032 ], [ -1.597701, 5.0463618 ], [ -1.600958, 5.0454816 ], [ -1.6037253, 5.0462831 ], [ -1.6071317, 5.0472731 ], [ -1.6125698, 5.0488923 ], [ -1.6138788, 5.049265 ], [ -1.6158442, 5.0479085 ], [ -1.6182615, 5.0462273 ], [ -1.6215446, 5.0445582 ], [ -1.6243589, 5.0436245 ], [ -1.627994, 5.0425832 ], [ -1.631438, 5.040916 ], [ -1.6353152, 5.0391113 ], [ -1.6368602, 5.0352384 ], [ -1.6380995, 5.0320897 ], [ -1.6410527, 5.0247006 ], [ -1.6421686, 5.0217523 ], [ -1.6432026, 5.0192287 ], [ -1.6444432, 5.0161319 ], [ -1.6458542, 5.0127078 ], [ -1.646227, 5.0108522 ], [ -1.6468071, 5.0081549 ], [ -1.647579, 5.0043206 ], [ -1.6485803, 5.0003881 ], [ -1.6484515, 4.9975531 ], [ -1.6483893, 4.9941696 ], [ -1.6506183, 4.9878249 ], [ -1.6519246, 4.9837488 ], [ -1.6529681, 4.9805743 ], [ -1.6538721, 4.9777058 ], [ -1.6545252, 4.9748841 ], [ -1.6542893, 4.9720891 ], [ -1.6545323, 4.971686800000056 ], [ -1.6552415, 4.9700223 ], [ -1.6575471, 4.9697718 ], [ -1.6598837, 4.969518 ], [ -1.6608714, 4.969977 ], [ -1.6613489, 4.9705501 ], [ -1.6614253, 4.9709737 ], [ -1.6609626, 4.9717713 ], [ -1.6605281, 4.9724954 ] ] } },
{ "type": "Feature", "properties": { "line_id": 557271380, "circuits": 2.0, "tag_frequency": 50.0, "tag_type": "line", "voltage": 161000, "bus0": null, "bus1": null, "length": null, "underground": false, "under_construction": "False", "dc": false, "country": "GH" }, "geometry": { "type": "LineString", "coordinates": [ [ 1.1748961, 6.1673276 ], [ 1.1829078, 6.167331599999982 ], [ 1.1869043, 6.167323699999982 ], [ 1.1910832, 6.167297 ], [ 1.1953855, 6.167278299999982 ], [ 1.1992076, 6.167275600000016 ] ] } },
{ "type": "Feature", "properties": { "line_id": 557271381, "circuits": 1.0, "tag_frequency": 50.0, "tag_type": "line", "voltage": 161000, "bus0": null, "bus1": null, "length": null, "underground": false, "under_construction": "False", "dc": false, "country": "GH" }, "geometry": { "type": "LineString", "coordinates": [ [ 1.1992076, 6.167275600000016 ], [ 1.200181, 6.166947699999972 ], [ 1.2001786, 6.166670300000016 ] ] } },
{ "type": "Feature", "properties": { "line_id": 570965673, "circuits": 2.0, "tag_frequency": 50.0, "tag_type": "line", "voltage": 161000, "bus0": null, "bus1": null, "length": null, "underground": false, "under_construction": "False", "dc": false, "country": "GH" }, "geometry": { "type": "LineString", "coordinates": [ [ -0.0320296, 5.6831998 ], [ -0.0350712, 5.6819467 ], [ -0.0410169, 5.679573500000027 ], [ -0.0439464, 5.678377200000027 ], [ -0.0469585, 5.677182900000027 ], [ -0.0497372, 5.676053700000026 ], [ -0.0526326, 5.674905800000026 ], [ -0.0558502, 5.673586100000026 ], [ -0.0587456, 5.672438200000027 ], [ -0.0615896, 5.671281100000026 ], [ -0.0649147, 5.669933400000026 ], [ -0.0678532, 5.6687562 ], [ -0.0710155, 5.6674697 ], [ -0.0738519, 5.6663526 ], [ -0.0768104, 5.6651382 ], [ -0.0796844, 5.6639892 ], [ -0.08049, 5.6636636 ], [ -0.0827147, 5.6627218 ], [ -0.0857596, 5.6615549 ], [ -0.0882286, 5.6605393 ], [ -0.0907619, 5.6595184 ], [ -0.0936078, 5.6583613 ], [ -0.0965609, 5.6571855 ], [ -0.0990647, 5.6561646 ], [ -0.1017818, 5.6550596 ] ] } },
{ "type": "Feature", "properties": { "line_id": 577192402, "circuits": 2.0, "tag_frequency": 50.0, "tag_type": "line", "voltage": 161000, "bus0": null, "bus1": null, "length": null, "underground": false, "under_construction": "False", "dc": false, "country": "GH" }, "geometry": { "type": "LineString", "coordinates": [ [ -1.6888234, 6.167777 ], [ -1.6891721, 6.1708757 ], [ -1.6895878, 6.1743743 ], [ -1.6899151, 6.1773103 ], [ -1.6902772, 6.1806382 ], [ -1.6907144, 6.1842302 ], [ -1.6921038, 6.1853341 ] ] } },
{ "type": "Feature", "properties": { "line_id": 577192403, "circuits": 1.0, "tag_frequency": 50.0, "tag_type": "line", "voltage": 161000, "bus0": null, "bus1": null, "length": null, "underground": false, "under_construction": "False", "dc": false, "country": "GH" }, "geometry": { "type": "LineString", "coordinates": [ [ -1.6885434, 6.164957799999986 ], [ -1.6885455, 6.16528449999996 ], [ -1.6888234, 6.167777 ] ] } },
{ "type": "Feature", "properties": { "line_id": 577192404, "circuits": 1.0, "tag_frequency": 50.0, "tag_type": "line", "voltage": 161000, "bus0": null, "bus1": null, "length": null, "underground": false, "under_construction": "False", "dc": false, "country": "GH" }, "geometry": { "type": "LineString", "coordinates": [ [ -1.688278, 6.164991699999986 ], [ -1.6883076, 6.16552349999996 ], [ -1.6888234, 6.167777 ] ] } },
{ "type": "Feature", "properties": { "line_id": 577192405, "circuits": 1.0, "tag_frequency": 50.0, "tag_type": "line", "voltage": 161000, "bus0": null, "bus1": null, "length": null, "underground": false, "under_construction": "False", "dc": false, "country": "GH" }, "geometry": { "type": "LineString", "coordinates": [ [ -1.6880398, 6.165005699999986 ], [ -1.6880376, 6.16547179999996 ], [ -1.6886196, 6.1683263 ], [ -1.6889092, 6.1709797 ], [ -1.6893062, 6.1744437 ], [ -1.6896254, 6.1774516 ], [ -1.6900545, 6.1810436 ], [ -1.6904408, 6.1844755 ], [ -1.6908243, 6.1852621 ], [ -1.6930935, 6.1860381 ], [ -1.6962531, 6.1848408 ], [ -1.6991445, 6.1837368 ], [ -1.7010033, 6.1843608 ], [ -1.7023203, 6.1864248 ], [ -1.7040154, 6.189054 ], [ -1.7048067, 6.1904433 ], [ -1.7051554, 6.1937552 ], [ -1.7055497, 6.1975817 ], [ -1.7058018, 6.1999842 ], [ -1.704796, 6.2043119 ], [ -1.7041335, 6.2069891 ], [ -1.7033999, 6.2101542 ], [ -1.7023011, 6.2149266 ], [ -1.7005433, 6.217479 ], [ -1.6979577, 6.2212693 ], [ -1.6960908, 6.224013 ], [ -1.6940832, 6.2269607 ], [ -1.6912857, 6.2310656 ], [ -1.6891493, 6.2341919 ], [ -1.6868238, 6.2375928 ], [ -1.6840236, 6.2416589 ], [ -1.6817075, 6.2450705 ], [ -1.6789965, 6.2465229 ], [ -1.6754486, 6.248394 ], [ -1.6746519, 6.248809799999986 ], [ -1.6730641, 6.2496385 ], [ -1.669364, 6.2515842 ], [ -1.6669232, 6.2528826 ], [ -1.665967, 6.2559428 ], [ -1.6647854, 6.2597402 ], [ -1.6621435, 6.2681747 ], [ -1.6612785, 6.2709275 ], [ -1.6596839, 6.2749867 ] ] } },
{ "type": "Feature", "properties": { "line_id": 588362642, "circuits": 2.0, "tag_frequency": 50.0, "tag_type": "line", "voltage": 161000, "bus0": null, "bus1": null, "length": null, "underground": false, "under_construction": "False", "dc": false, "country": "GH" }, "geometry": { "type": "LineString", "coordinates": [ [ -0.2829985, 5.580573400000015 ], [ -0.2825828, 5.580672100000014 ], [ -0.2811934, 5.581330200000014 ], [ -0.2774946, 5.583316300000014 ], [ -0.2740681, 5.585166200000015 ], [ -0.2710929, 5.586169300000015 ], [ -0.2692408, 5.586787900000015 ], [ -0.2668205, 5.587433700000015 ], [ -0.2645637, 5.588035900000015 ], [ -0.2623804, 5.588543100000016 ], [ -0.2588835, 5.589375900000016 ], [ -0.2554764, 5.590204800000016 ], [ -0.2507222, 5.590318300000017 ], [ -0.2485146, 5.590598400000046 ], [ -0.2460523, 5.590173900000046 ], [ -0.2435981, 5.589752100000046 ], [ -0.2415784, 5.589359700000046 ], [ -0.2390437, 5.588884600000046 ], [ -0.238367, 5.588744200000025 ], [ -0.2366887, 5.588396100000046 ], [ -0.2336256, 5.587627300000046 ], [ -0.2300947, 5.586535 ], [ -0.2269308, 5.585697200000046 ], [ -0.2239321, 5.584848300000045 ], [ -0.2204708, 5.583608400000045 ], [ -0.2184995, 5.584720400000014 ], [ -0.2163931, 5.587145300000015 ], [ -0.2144251, 5.589410900000015 ], [ -0.2124242, 5.591714400000015 ], [ -0.2107184, 5.593862 ], [ -0.2089293, 5.596197700000014 ], [ -0.2071638, 5.598476100000014 ], [ -0.2061023, 5.600117700000014 ], [ -0.2047773, 5.602193200000015 ], [ -0.2047947, 5.604272700000014 ], [ -0.2048175, 5.606119900000015 ] ] } },
{ "type": "Feature", "properties": { "line_id": 593037857, "circuits": 1.0, "tag_frequency": 50.0, "tag_type": "line", "voltage": 161000, "bus0": null, "bus1": null, "length": null, "underground": false, "under_construction": "False", "dc": false, "country": "GH" }, "geometry": { "type": "LineString", "coordinates": [ [ -1.735084799999987, 4.961106099999985 ], [ -1.734341799999987, 4.961997299999985 ], [ -1.733368199999987, 4.965372199999985 ], [ -1.732336899999987, 4.969174599999985 ], [ -1.732578299999987, 4.973538199999984 ], [ -1.732947799999987, 4.980757499999984 ], [ -1.733114099999987, 4.983145 ], [ -1.733714899999987, 4.984803499999983 ], [ -1.735211499999987, 4.989011499999984 ], [ -1.735624599999987, 4.990134499999984 ], [ -1.736174499999987, 4.991349599999984 ], [ -1.736622399999987, 4.992302799999983 ], [ -1.7378237, 4.9946208 ], [ -1.7390803, 4.9968899 ], [ -1.739646899999987, 4.997900299999983 ], [ -1.740828, 4.999773099999983 ], [ -1.742650499999987, 5.002595899999983 ], [ -1.7489233, 5.0108251 ], [ -1.7501536, 5.012129 ], [ -1.752693199999987, 5.014992599999985 ], [ -1.762347699999988, 5.0258312 ], [ -1.765087799999987, 5.028649599999985 ], [ -1.767394799999987, 5.030982 ], [ -1.769540099999987, 5.033208099999986 ], [ -1.772228399999988, 5.035938 ], [ -1.774554799999987, 5.038300399999986 ], [ -1.777257199999987, 5.041041399999986 ], [ -1.783337799999987, 5.047257799999986 ], [ -1.785758699999987, 5.049813299999986 ], [ -1.788503199999987, 5.052536 ], [ -1.790587699999987, 5.054669199999986 ], [ -1.800570299999987, 5.064813099999985 ], [ -1.805682799999987, 5.070649399999985 ], [ -1.807886099999987, 5.073169099999984 ], [ -1.810439099999987, 5.076076899999984 ], [ -1.811900099999987, 5.077730799999984 ], [ -1.814247699999987, 5.080389199999985 ], [ -1.816976099999987, 5.083498 ], [ -1.819673, 5.086565099999985 ], [ -1.82216, 5.089373399999984 ], [ -1.824765499999987, 5.092344099999984 ], [ -1.826728499999987, 5.094791199999984 ], [ -1.828890599999987, 5.097476499999985 ], [ -1.831264299999987, 5.100424599999984 ], [ -1.833252399999988, 5.1028995 ], [ -1.836835299999988, 5.1073594 ], [ -1.841487699999988, 5.1131506 ], [ -1.847745199999988, 5.1209398 ], [ -1.85241, 5.126746299999985 ], [ -1.855942599999987, 5.130414699999984 ], [ -1.867589899999987, 5.142351099999984 ], [ -1.869237099999987, 5.144075599999984 ], [ -1.873385799999987, 5.147793299999984 ], [ -1.878187199999987, 5.152107299999984 ], [ -1.882275099999987, 5.155729599999984 ], [ -1.885274599999988, 5.1584518 ], [ -1.888354499999987, 5.161247199999984 ], [ -1.890280199999988, 5.1630371 ], [ -1.891929399999988, 5.1644085 ], [ -1.894927499999987, 5.167027199999985 ], [ -1.897706199999988, 5.169426 ], [ -1.901113399999988, 5.172434299999986 ], [ -1.904508199999988, 5.175395499999985 ], [ -1.908139799999987, 5.178499 ], [ -1.913718799999987, 5.183354 ], [ -1.918001799999987, 5.187129099999986 ], [ -1.922672399999988, 5.1910313 ], [ -1.926975599999987, 5.194709599999985 ], [ -1.933842699999987, 5.200416599999985 ], [ -1.937850599999988, 5.2037135 ], [ -1.9389562, 5.2046405 ], [ -1.9423339, 5.2074725 ], [ -1.944662199999988, 5.2093731 ], [ -1.947414699999988, 5.2116218 ], [ -1.950486399999988, 5.2141755 ], [ -1.954297499999988, 5.2173021 ], [ -1.959435699999987, 5.221615699999986 ], [ -1.977396, 5.244358 ], [ -1.979261, 5.2467194 ], [ -1.981086299999988, 5.249016799999986 ], [ -1.982235599999988, 5.253508 ], [ -1.986164399999988, 5.267325299999987 ], [ -1.987060899999988, 5.270500299999987 ], [ -1.987924599999988, 5.273605199999987 ], [ -1.988691699999988, 5.276306699999987 ], [ -1.989377, 5.278734499999987 ], [ -1.992405199999988, 5.289574 ], [ -1.993714, 5.294241199999989 ], [ -1.994497299999988, 5.297034799999988 ], [ -1.995359699999988, 5.300222399999988 ], [ -1.995658699999988, 5.301716599999987 ], [ -1.996436599999988, 5.306193199999988 ], [ -1.996918, 5.308831399999987 ], [ -1.997372699999988, 5.311604899999988 ], [ -1.999444699999988, 5.312585099999989 ], [ -1.999754499999988, 5.312841499999989 ], [ -2.000198399999988, 5.313208699999989 ] ] } },
{ "type": "Feature", "properties": { "line_id": 629964827, "circuits": 1.0, "tag_frequency": 50.0, "tag_type": "line", "voltage": 161000, "bus0": null, "bus1": null, "length": null, "underground": false, "under_construction": "False", "dc": false, "country": "GH" }, "geometry": { "type": "LineString", "coordinates": [ [ -1.4500818, 8.779353600000016 ], [ -1.4500596, 8.780324 ] ] } },
{ "type": "Feature", "properties": { "line_id": 672503070, "circuits": 1.0, "tag_frequency": 50.0, "tag_type": "line", "voltage": 161000, "bus0": null, "bus1": null, "length": null, "underground": false, "under_construction": "False", "dc": false, "country": "GH" }, "geometry": { "type": "LineString", "coordinates": [ [ 1.1992076, 6.167275600000016 ], [ 1.1999295, 6.1668718 ], [ 1.1999398, 6.166659600000016 ] ] } },
{ "type": "Feature", "properties": { "line_id": 672503071, "circuits": 1.0, "tag_frequency": 50.0, "tag_type": "line", "voltage": 161000, "bus0": null, "bus1": null, "length": null, "underground": false, "under_construction": "False", "dc": false, "country": "GH" }, "geometry": { "type": "LineString", "coordinates": [ [ 1.1745004, 6.167261 ], [ 1.1748961, 6.1673276 ] ] } },
{ "type": "Feature", "properties": { "line_id": 672503072, "circuits": 1.0, "tag_frequency": 50.0, "tag_type": "line", "voltage": 161000, "bus0": null, "bus1": null, "length": null, "underground": false, "under_construction": "False", "dc": false, "country": "GH" }, "geometry": { "type": "LineString", "coordinates": [ [ 1.1737809, 6.1673196 ], [ 1.1748961, 6.1673276 ] ] } },
{ "type": "Feature", "properties": { "line_id": 672503073, "circuits": 1.0, "tag_frequency": 50.0, "tag_type": "line", "voltage": 161000, "bus0": null, "bus1": null, "length": null, "underground": false, "under_construction": "False", "dc": false, "country": "GH" }, "geometry": { "type": "LineString", "coordinates": [ [ 1.1737809, 6.1673196 ], [ 1.1741222, 6.1672676 ] ] } },
{ "type": "Feature", "properties": { "line_id": 672503074, "circuits": 2.0, "tag_frequency": 50.0, "tag_type": "line", "voltage": 161000, "bus0": null, "bus1": null, "length": null, "underground": false, "under_construction": "False", "dc": false, "country": "GH" }, "geometry": { "type": "LineString", "coordinates": [ [ 0.0581905, 6.2949695 ], [ 0.0607074, 6.2938297 ] ] } },
{ "type": "Feature", "properties": { "line_id": 672503075, "circuits": 2.0, "tag_frequency": 50.0, "tag_type": "line", "voltage": 161000, "bus0": null, "bus1": null, "length": null, "underground": false, "under_construction": "False", "dc": false, "country": "GH" }, "geometry": { "type": "LineString", "coordinates": [ [ 0.5526839, 6.2598415 ], [ 0.5533338, 6.259620600000025 ], [ 0.5582663, 6.258641200000024 ], [ 0.5619248, 6.257948 ], [ 0.5660447, 6.257126800000025 ], [ 0.5703899, 6.256300200000025 ], [ 0.5748048, 6.255452400000025 ], [ 0.5789032, 6.254657800000025 ], [ 0.5827227, 6.253889900000026 ], [ 0.5871376, 6.253042100000026 ], [ 0.5914613, 6.252183500000026 ], [ 0.5957958, 6.251351700000026 ], [ 0.600259, 6.250471800000025 ], [ 0.6047226, 6.249652600000026 ], [ 0.6088355, 6.248829600000026 ], [ 0.6132872, 6.247984900000026 ], [ 0.6179056, 6.247091800000026 ], [ 0.6224508, 6.246206800000026 ], [ 0.6265732, 6.245402500000026 ], [ 0.6308907, 6.244557900000026 ], [ 0.6352367, 6.243644500000026 ], [ 0.6395176, 6.242816100000026 ], [ 0.6439856, 6.241967400000027 ], [ 0.6484332, 6.241062100000026 ], [ 0.6529093, 6.240197300000026 ], [ 0.6567918, 6.239433400000026 ], [ 0.6610374, 6.238640400000026 ], [ 0.6652492, 6.237803800000026 ], [ 0.6692293, 6.237027900000026 ], [ 0.6733395, 6.236235800000026 ], [ 0.6774578, 6.235419400000026 ], [ 0.6814623, 6.234647500000026 ], [ 0.6863368, 6.233681600000026 ], [ 0.6903331, 6.232938 ], [ 0.6941181, 6.232178200000027 ], [ 0.6980209, 6.231430500000027 ], [ 0.7020742, 6.230638400000027 ], [ 0.7057982, 6.229902800000027 ], [ 0.7109366, 6.229538100000027 ], [ 0.7153554, 6.229227200000027 ], [ 0.7199688, 6.228864600000027 ], [ 0.7248826, 6.228523300000028 ], [ 0.729496, 6.228182 ], [ 0.733986, 6.227878 ], [ 0.7388676, 6.227520700000028 ], [ 0.7433737, 6.227190100000028 ], [ 0.7478369, 6.226886100000028 ], [ 0.752402, 6.226566200000028 ], [ 0.756479, 6.226336800000028 ], [ 0.7608456, 6.225990200000028 ], [ 0.7655454, 6.2256155 ], [ 0.7696652, 6.2256248 ], [ 0.7831447, 6.2244116 ], [ 0.7872739, 6.224101 ], [ 0.7918766, 6.2237677 ], [ 0.7963398, 6.2234411 ], [ 0.8009036, 6.2231164 ], [ 0.8054131, 6.2227918 ], [ 0.8099627, 6.2224638 ], [ 0.8146378, 6.2221305 ], [ 0.8189347, 6.2218132 ], [ 0.8236206, 6.2214879 ], [ 0.827546, 6.2211959 ], [ 0.8316752, 6.2209026 ], [ 0.8360714, 6.2205867 ], [ 0.8400779, 6.2202927 ], [ 0.8447329, 6.2199647 ], [ 0.8492638, 6.2196301 ], [ 0.8536123, 6.2193075 ], [ 0.858152, 6.2189815 ], [ 0.8626144, 6.2186715 ], [ 0.8670254, 6.2183615 ], [ 0.8710688, 6.2180869 ], [ 0.8753563, 6.2177963 ], [ 0.879322, 6.2175003 ], [ 0.8834177, 6.2172016 ], [ 0.8870347, 6.2169457 ], [ 0.8914241, 6.216623 ], [ 0.895831, 6.2163031 ], [ 0.8995365, 6.2160391 ], [ 0.9037274, 6.2149645 ], [ 0.9077722, 6.2139086 ], [ 0.9117432, 6.2128873 ], [ 0.9157518, 6.2118714 ], [ 0.9197938, 6.2108328 ], [ 0.9242061, 6.2097169 ], [ 0.9285708, 6.2085709 ], [ 0.9328991, 6.2074344 ], [ 0.9379672, 6.2061505 ], [ 0.9421246, 6.2050866 ], [ 0.9458461, 6.20414 ], [ 0.9504676, 6.202956 ], [ 0.9537815, 6.2021147 ], [ 0.9585544, 6.2008802 ], [ 0.9623833, 6.1998975 ], [ 0.9670892, 6.1986883 ], [ 0.971362, 6.197603 ], [ 0.9762484, 6.1963473 ], [ 0.9816349, 6.1949631 ], [ 0.9874164, 6.1934752 ], [ 0.9926212, 6.1921459 ], [ 0.9969985, 6.191054 ], [ 1.0009038, 6.1900647 ], [ 1.0062066, 6.1887074 ], [ 1.0103828, 6.1876301 ], [ 1.0149452, 6.1864701 ], [ 1.018931, 6.1854501 ], [ 1.023368, 6.1843089 ], [ 1.0278265, 6.1831622 ], [ 1.0320793, 6.1820658 ], [ 1.036655, 6.1808862 ], [ 1.0412604, 6.1797236 ], [ 1.0459301, 6.1785369 ], [ 1.0505094, 6.1773586 ], [ 1.054941, 6.1762183 ], [ 1.0592392, 6.1751223 ], [ 1.0634731, 6.1740103 ], [ 1.0679088, 6.1728683 ], [ 1.0722667, 6.1717503 ], [ 1.076522, 6.1705823 ], [ 1.0812856, 6.169161 ], [ 1.0861183, 6.167727 ], [ 1.0901443, 6.1668563 ], [ 1.0947175, 6.1658683 ], [ 1.0994408, 6.1648356 ], [ 1.1041106, 6.164829 ], [ 1.1085644, 6.1648336 ], [ 1.1124462, 6.1648303 ], [ 1.1173144, 6.1654303 ], [ 1.1211996, 6.1657876 ], [ 1.1254992, 6.1660503 ], [ 1.1298014, 6.1661823 ], [ 1.1342807, 6.1663076 ], [ 1.1384663, 6.1664143 ], [ 1.1428598, 6.166529 ], [ 1.1474557, 6.166641 ], [ 1.1516373, 6.1667483 ], [ 1.1559281, 6.1668583 ], [ 1.160449, 6.166973 ], [ 1.1648519, 6.1670863 ], [ 1.169071, 6.1671936 ], [ 1.1737809, 6.1673196 ] ] } },
{ "type": "Feature", "properties": { "line_id": 672504029, "circuits": 1.0, "tag_frequency": 50.0, "tag_type": "line", "voltage": 330000, "bus0": null, "bus1": null, "length": null, "underground": false, "under_construction": "False", "dc": false, "country": "GH" }, "geometry": { "type": "LineString", "coordinates": [ [ 0.5087614, 6.0292568 ], [ 0.5103841, 6.0314387 ], [ 0.5138576, 6.0361013 ], [ 0.5159363, 6.0389953 ], [ 0.518176, 6.0408918 ], [ 0.5218866, 6.044114799999974 ], [ 0.5243088, 6.046131700000019 ], [ 0.5276482, 6.049111100000019 ], [ 0.5308333, 6.051889 ], [ 0.5337784, 6.054444200000018 ], [ 0.5369809, 6.057220800000018 ], [ 0.5408004, 6.057858300000018 ], [ 0.5447473, 6.058507800000018 ], [ 0.5486257, 6.059177300000018 ], [ 0.5525552, 6.059822700000018 ], [ 0.5565222, 6.060493500000018 ], [ 0.5604556, 6.061141700000017 ], [ 0.5644476, 6.061826399999974 ], [ 0.5683024, 6.062447300000017 ], [ 0.572252, 6.063098100000017 ], [ 0.5762016, 6.063778799999974 ], [ 0.579819, 6.064392399999974 ], [ 0.5835986, 6.065042199999974 ], [ 0.5875082, 6.065667899999974 ], [ 0.5913123, 6.066298 ], [ 0.5953082, 6.066916200000017 ], [ 0.599239, 6.067557600000018 ], [ 0.6031497, 6.068249700000018 ], [ 0.6066182, 6.068854199999975 ], [ 0.610541, 6.069537899999975 ], [ 0.6143938, 6.070172799999975 ], [ 0.6183524, 6.070780900000018 ], [ 0.6215858, 6.071319700000018 ], [ 0.6258747, 6.072094499999975 ], [ 0.6294699, 6.072711 ], [ 0.6334707, 6.073304 ], [ 0.6374203, 6.073964100000018 ], [ 0.641292, 6.074632300000018 ], [ 0.6451665, 6.075312400000018 ], [ 0.6490584, 6.075968500000018 ], [ 0.6529549, 6.076642199999974 ], [ 0.6568837, 6.077264700000018 ], [ 0.6608319, 6.077939500000017 ], [ 0.6647292, 6.078571600000017 ], [ 0.6684045, 6.079186400000017 ], [ 0.6721616, 6.079818500000017 ], [ 0.676091, 6.080485300000017 ], [ 0.6799702, 6.081127400000018 ], [ 0.6838869, 6.081786800000017 ], [ 0.6878351, 6.082452300000018 ], [ 0.6916867, 6.083063100000017 ], [ 0.6956296, 6.083681800000018 ], [ 0.6996261, 6.084393900000018 ], [ 0.7074675, 6.085684800000018 ], [ 0.7113232, 6.086306200000018 ], [ 0.7150555, 6.086925 ], [ 0.7175741, 6.088914700000018 ], [ 0.7205674, 6.091232300000017 ], [ 0.7236841, 6.093671400000018 ], [ 0.7529739, 6.1171983 ], [ 0.7557003, 6.1196038 ], [ 0.7587165, 6.1222761 ], [ 0.7609923, 6.1242563 ], [ 0.7634962, 6.1257564 ], [ 0.7698409, 6.1295847 ], [ 0.7725111, 6.1311608 ], [ 0.7790007, 6.1370079 ], [ 0.7816802, 6.1391227 ], [ 0.7842551, 6.1411321 ], [ 0.7870392, 6.1433283 ], [ 0.7900044, 6.1456404 ], [ 0.7934739, 6.1477338 ], [ 0.7968695, 6.1498046 ], [ 0.8002585, 6.1518873 ], [ 0.8036649, 6.1539581 ], [ 0.8105466, 6.1581483 ], [ 0.8139351, 6.1602115 ], [ 0.8207879, 6.164399 ], [ 0.8241557, 6.166457 ], [ 0.8276036, 6.1685663 ], [ 0.8344634, 6.1727503 ], [ 0.8378416, 6.1748476 ], [ 0.8412454, 6.176897 ], [ 0.8445485, 6.1789296 ], [ 0.8478503, 6.1809262 ], [ 0.85125, 6.1830102 ], [ 0.854651, 6.1851021 ], [ 0.8579361, 6.1871614 ], [ 0.8614089, 6.1892513 ], [ 0.8647281, 6.1912859 ], [ 0.8681653, 6.1933939 ], [ 0.8712284, 6.1952564 ], [ 0.8746241, 6.197223 ], [ 0.8780855, 6.1992029 ], [ 0.8814745, 6.2011948 ], [ 0.884901, 6.203172 ], [ 0.8879252, 6.2049199 ], [ 0.8913691, 6.2069171 ], [ 0.8943745, 6.208673 ], [ 0.8977742, 6.2106342 ], [ 0.9008963, 6.2124634 ], [ 0.9041458, 6.2143326 ], [ 0.9061199, 6.2154738 ], [ 0.9095156, 6.2174256 ], [ 0.9129167, 6.2194148 ], [ 0.9163633, 6.2214119 ], [ 0.9197295, 6.2233317 ], [ 0.9231493, 6.2253249 ], [ 0.926608, 6.2273193 ], [ 0.9299916, 6.2292898 ], [ 0.9334007, 6.2312802 ], [ 0.9367239, 6.2331973 ], [ 0.9401411, 6.2351598 ], [ 0.9435368, 6.2371302 ], [ 0.9469753, 6.2391153 ], [ 0.9503992, 6.2410963 ], [ 0.953756, 6.2430734 ], [ 0.9572254, 6.2450798 ], [ 0.9606573, 6.2470729 ], [ 0.9640436, 6.2490459 ], [ 0.9674259, 6.2510056 ], [ 0.9708336, 6.2529786 ], [ 0.9740201, 6.254817 ], [ 0.9774399, 6.2568167 ], [ 0.9808101, 6.258747 ], [ 0.9842058, 6.260736 ], [ 0.9873506, 6.2625597 ], [ 0.9908335, 6.2645847 ], [ 0.9940414, 6.2664204 ], [ 0.9969234, 6.2687306 ], [ 0.9998712, 6.2710155 ], [ 1.0026902, 6.2732711 ], [ 1.005646, 6.2755986 ] ] } },
{ "type": "Feature", "properties": { "line_id": 672526715, "circuits": 1.0, "tag_frequency": 50.0, "tag_type": "line", "voltage": 330000, "bus0": null, "bus1": null, "length": null, "underground": false, "under_construction": "False", "dc": false, "country": "GH" }, "geometry": { "type": "LineString", "coordinates": [ [ 0.0017327, 5.6957134 ], [ 0.0018963, 5.6957801 ], [ 0.0019526, 5.6956346 ] ] } },
{ "type": "Feature", "properties": { "line_id": 672567166, "circuits": 1.0, "tag_frequency": 50.0, "tag_type": "line", "voltage": 161000, "bus0": null, "bus1": null, "length": null, "underground": false, "under_construction": "False", "dc": false, "country": "GH" }, "geometry": { "type": "LineString", "coordinates": [ [ -0.0259011, 5.6856648 ], [ -0.0288552, 5.6844022 ], [ -0.0302951, 5.6838466 ], [ -0.0320296, 5.6831998 ] ] } },
{ "type": "Feature", "properties": { "line_id": 672567167, "circuits": 1.0, "tag_frequency": 50.0, "tag_type": "line", "voltage": 161000, "bus0": null, "bus1": null, "length": null, "underground": false, "under_construction": "False", "dc": false, "country": "GH" }, "geometry": { "type": "LineString", "coordinates": [ [ -0.0259011, 5.6856648 ], [ -0.0288981, 5.6845436 ], [ -0.030115, 5.6840214 ], [ -0.0320296, 5.6831998 ] ] } },
{ "type": "Feature", "properties": { "line_id": 672613732, "circuits": 1.0, "tag_frequency": 50.0, "tag_type": "line", "voltage": 161000, "bus0": null, "bus1": null, "length": null, "underground": false, "under_construction": "False", "dc": false, "country": "GH" }, "geometry": { "type": "LineString", "coordinates": [ [ 0.0148909, 5.8132112 ], [ 0.0152966, 5.8163833 ], [ 0.0155576, 5.8193462 ] ] } },
{ "type": "Feature", "properties": { "line_id": 672613733, "circuits": 1.0, "tag_frequency": 50.0, "tag_type": "line", "voltage": 161000, "bus0": null, "bus1": null, "length": null, "underground": false, "under_construction": "False", "dc": false, "country": "GH" }, "geometry": { "type": "LineString", "coordinates": [ [ 0.0148909, 5.8132112 ], [ 0.0151513, 5.8163927 ], [ 0.0155576, 5.8193462 ] ] } },
{ "type": "Feature", "properties": { "line_id": 672613734, "circuits": 2.0, "tag_frequency": 50.0, "tag_type": "line", "voltage": 161000, "bus0": null, "bus1": null, "length": null, "underground": false, "under_construction": "False", "dc": false, "country": "GH" }, "geometry": { "type": "LineString", "coordinates": [ [ 0.0015234, 5.6982396 ], [ 0.0010996, 5.7011911 ], [ 0.0007537, 5.7038044 ], [ 0.0010747, 5.7067092 ], [ 0.0014255, 5.7101467 ], [ 0.0017764, 5.7130638 ], [ 0.0023106, 5.7161461 ], [ 0.0033416, 5.7224264 ], [ 0.0039034, 5.7255304 ], [ 0.004432, 5.7287487 ], [ 0.0049327, 5.7317817 ], [ 0.0054689, 5.7350527 ], [ 0.0059776, 5.7380003 ], [ 0.0064012, 5.7405408 ], [ 0.0068029, 5.7428843 ], [ 0.0070487, 5.7450316 ], [ 0.0073802, 5.7481537 ], [ 0.0077705, 5.7513857 ], [ 0.0081278, 5.7545517 ], [ 0.008474, 5.7577177 ], [ 0.0088263, 5.7609354 ], [ 0.0091974, 5.7641372 ], [ 0.0095279, 5.7671815 ], [ 0.0098671, 5.7702611 ], [ 0.0102354, 5.7732988 ], [ 0.0105889, 5.7765782 ], [ 0.010955, 5.7796386 ], [ 0.0113489, 5.7829698 ], [ 0.0116723, 5.7860264 ], [ 0.0120549, 5.7891457 ], [ 0.0123828, 5.792051 ], [ 0.0127568, 5.7952436 ], [ 0.0131293, 5.7983906 ], [ 0.0134742, 5.8013969 ], [ 0.0138075, 5.8041536 ], [ 0.0141409, 5.8070709 ], [ 0.014495, 5.8101644 ], [ 0.0148909, 5.8132112 ] ] } },
{ "type": "Feature", "properties": { "line_id": 672613735, "circuits": 1.0, "tag_frequency": 50.0, "tag_type": "line", "voltage": 161000, "bus0": null, "bus1": null, "length": null, "underground": false, "under_construction": "False", "dc": false, "country": "GH" }, "geometry": { "type": "LineString", "coordinates": [ [ 0.0139235, 5.8013513 ], [ 0.0142971, 5.8040947 ], [ 0.0145902, 5.8070253 ] ] } },
{ "type": "Feature", "properties": { "line_id": 672613736, "circuits": 2.0, "tag_frequency": 50.0, "tag_type": "line", "voltage": 161000, "bus0": null, "bus1": null, "length": null, "underground": false, "under_construction": "False", "dc": false, "country": "GH" }, "geometry": { "type": "LineString", "coordinates": [ [ 0.0026641, 5.6965042 ], [ 0.0019512, 5.6982734 ], [ 0.0015337, 5.7014012 ], [ 0.0011863, 5.7038203 ], [ 0.0015169, 5.7067273 ], [ 0.0018594, 5.7099952 ], [ 0.0022065, 5.7129853 ], [ 0.0027414, 5.716074 ], [ 0.003281, 5.7193451 ], [ 0.0037881, 5.7223338 ], [ 0.0043314, 5.7254672 ], [ 0.0048656, 5.7286616 ], [ 0.0053866, 5.7317931 ], [ 0.0058952, 5.7348855 ], [ 0.0064084, 5.7379297 ], [ 0.006846, 5.740456 ], [ 0.0072402, 5.7428239 ], [ 0.007498, 5.744986 ], [ 0.0078295, 5.7481081 ], [ 0.0082199, 5.75134 ], [ 0.0085771, 5.754506 ], [ 0.0089233, 5.757672 ], [ 0.0092757, 5.7608898 ], [ 0.0096468, 5.7640915 ], [ 0.0099772, 5.7671359 ], [ 0.0103164, 5.7702155 ], [ 0.0106847, 5.7732531 ], [ 0.0110383, 5.7765326 ], [ 0.0114044, 5.779593 ], [ 0.0118009, 5.7829188 ], [ 0.0121216, 5.7859808 ], [ 0.0125043, 5.7891001 ], [ 0.0128321, 5.7920053 ], [ 0.0132062, 5.7951979 ], [ 0.0135786, 5.798345 ], [ 0.0139235, 5.8013513 ] ] } },
{ "type": "Feature", "properties": { "line_id": 672613737, "circuits": 1.0, "tag_frequency": 50.0, "tag_type": "line", "voltage": 161000, "bus0": null, "bus1": null, "length": null, "underground": false, "under_construction": "False", "dc": false, "country": "GH" }, "geometry": { "type": "LineString", "coordinates": [ [ 0.0139235, 5.8013513 ], [ 0.0141728, 5.8041219 ], [ 0.0145902, 5.8070253 ] ] } },
{ "type": "Feature", "properties": { "line_id": 672613738, "circuits": 1.0, "tag_frequency": 50.0, "tag_type": "line", "voltage": 161000, "bus0": null, "bus1": null, "length": null, "underground": false, "under_construction": "False", "dc": false, "country": "GH" }, "geometry": { "type": "LineString", "coordinates": [ [ 0.0151339, 5.813204 ], [ 0.0146341, 5.8101579 ], [ 0.0143839, 5.8070638 ] ] } },
{ "type": "Feature", "properties": { "line_id": 672613739, "circuits": 1.0, "tag_frequency": 50.0, "tag_type": "line", "voltage": 161000, "bus0": null, "bus1": null, "length": null, "underground": false, "under_construction": "False", "dc": false, "country": "GH" }, "geometry": { "type": "LineString", "coordinates": [ [ 0.0151339, 5.813204 ], [ 0.0147381, 5.8101572 ], [ 0.0143839, 5.8070638 ] ] } },
{ "type": "Feature", "properties": { "line_id": 672613740, "circuits": 2.0, "tag_frequency": 50.0, "tag_type": "line", "voltage": 161000, "bus0": null, "bus1": null, "length": null, "underground": false, "under_construction": "False", "dc": false, "country": "GH" }, "geometry": { "type": "LineString", "coordinates": [ [ 0.0616831, 6.1720001 ], [ 0.0629956, 6.1746296 ] ] } },
{ "type": "Feature", "properties": { "line_id": 672613741, "circuits": 2.0, "tag_frequency": 50.0, "tag_type": "line", "voltage": 161000, "bus0": null, "bus1": null, "length": null, "underground": false, "under_construction": "False", "dc": false, "country": "GH" }, "geometry": { "type": "LineString", "coordinates": [ [ 0.0626337, 6.1747818 ], [ 0.0614737, 6.1720837 ] ] } },
{ "type": "Feature", "properties": { "line_id": 672613742, "circuits": 2.0, "tag_frequency": 50.0, "tag_type": "line", "voltage": 161000, "bus0": null, "bus1": null, "length": null, "underground": false, "under_construction": "False", "dc": false, "country": "GH" }, "geometry": { "type": "LineString", "coordinates": [ [ 0.0612849, 6.1721658 ], [ 0.0624388, 6.1748718 ] ] } },
{ "type": "Feature", "properties": { "line_id": 672613743, "circuits": 2.0, "tag_frequency": 50.0, "tag_type": "line", "voltage": 161000, "bus0": null, "bus1": null, "length": null, "underground": false, "under_construction": "False", "dc": false, "country": "GH" }, "geometry": { "type": "LineString", "coordinates": [ [ 0.0600871, 6.169397 ], [ 0.0612849, 6.1721658 ] ] } },
{ "type": "Feature", "properties": { "line_id": 672613744, "circuits": 1.0, "tag_frequency": 50.0, "tag_type": "line", "voltage": 161000, "bus0": null, "bus1": null, "length": null, "underground": false, "under_construction": "False", "dc": false, "country": "GH" }, "geometry": { "type": "LineString", "coordinates": [ [ 0.0575385, 6.1634952 ], [ 0.0588651, 6.1664216 ], [ 0.0600871, 6.169397 ] ] } },
{ "type": "Feature", "properties": { "line_id": 672613745, "circuits": 1.0, "tag_frequency": 50.0, "tag_type": "line", "voltage": 161000, "bus0": null, "bus1": null, "length": null, "underground": false, "under_construction": "False", "dc": false, "country": "GH" }, "geometry": { "type": "LineString", "coordinates": [ [ 0.0575385, 6.1634952 ], [ 0.0587538, 6.1664943 ], [ 0.0600871, 6.169397 ] ] } },
{ "type": "Feature", "properties": { "line_id": 672613746, "circuits": 1.0, "tag_frequency": 50.0, "tag_type": "line", "voltage": 161000, "bus0": null, "bus1": null, "length": null, "underground": false, "under_construction": "False", "dc": false, "country": "GH" }, "geometry": { "type": "LineString", "coordinates": [ [ 0.0553068, 6.1578551 ], [ 0.0537206, 6.1537695 ], [ 0.0523492, 6.150726800000016 ] ] } },
{ "type": "Feature", "properties": { "line_id": 672613748, "circuits": 2.0, "tag_frequency": 50.0, "tag_type": "line", "voltage": 161000, "bus0": null, "bus1": null, "length": null, "underground": false, "under_construction": "False", "dc": false, "country": "GH" }, "geometry": { "type": "LineString", "coordinates": [ [ 0.0614737, 6.1720837 ], [ 0.0602789, 6.1693265 ], [ 0.059005, 6.1663679 ], [ 0.057723, 6.1634094 ], [ 0.0564969, 6.160423 ], [ 0.0553068, 6.1578551 ] ] } },
{ "type": "Feature", "properties": { "line_id": 672613749, "circuits": 2.0, "tag_frequency": 50.0, "tag_type": "line", "voltage": 161000, "bus0": null, "bus1": null, "length": null, "underground": false, "under_construction": "False", "dc": false, "country": "GH" }, "geometry": { "type": "LineString", "coordinates": [ [ 0.0375461, 6.0568257 ], [ 0.0377067, 6.0595802 ], [ 0.0378499, 6.0620359 ], [ 0.0380854, 6.0644322 ], [ 0.0383447, 6.067228200000017 ], [ 0.0387102, 6.070782200000017 ], [ 0.0391171, 6.074900300000017 ], [ 0.0394975, 6.0787077 ], [ 0.0398818, 6.082554900000017 ], [ 0.0402482, 6.0863474 ], [ 0.0406252, 6.090249400000017 ], [ 0.0410009, 6.0939839 ], [ 0.0414527, 6.097148800000017 ], [ 0.0418872, 6.100101800000017 ], [ 0.0423343, 6.103120200000017 ], [ 0.0427727, 6.1061037 ], [ 0.0432124, 6.1090963 ], [ 0.0436534, 6.1120974 ], [ 0.0441207, 6.1152775 ], [ 0.0444503, 6.117520800000017 ], [ 0.0448526, 6.1195417 ], [ 0.0453815, 6.122198100000014 ], [ 0.0459975, 6.125292 ], [ 0.0465833, 6.128234400000017 ], [ 0.0471515, 6.1309666 ], [ 0.0477686, 6.1339339 ], [ 0.048446, 6.1371911 ], [ 0.0489619, 6.139672 ], [ 0.049292, 6.141259100000016 ], [ 0.0500945, 6.144511500000013 ], [ 0.0510709, 6.1476924 ], [ 0.0521583, 6.150804 ], [ 0.0534014, 6.153882 ], [ 0.0551253, 6.1579329 ], [ 0.0563789, 6.1604787 ], [ 0.0575385, 6.1634952 ] ] } },
{ "type": "Feature", "properties": { "line_id": 672613750, "circuits": 1.0, "tag_frequency": 50.0, "tag_type": "line", "voltage": 161000, "bus0": null, "bus1": null, "length": null, "underground": false, "under_construction": "False", "dc": false, "country": "GH" }, "geometry": { "type": "LineString", "coordinates": [ [ 0.0553068, 6.1578551 ], [ 0.053582, 6.1538106 ], [ 0.0523492, 6.150726800000016 ] ] } },
{ "type": "Feature", "properties": { "line_id": 672613751, "circuits": 1.0, "tag_frequency": 50.0, "tag_type": "line", "voltage": 161000, "bus0": null, "bus1": null, "length": null, "underground": false, "under_construction": "False", "dc": false, "country": "GH" }, "geometry": { "type": "LineString", "coordinates": [ [ 0.0282675, 5.936491 ], [ 0.0279285, 5.9333273 ], [ 0.0276906, 5.9301117 ] ] } },
{ "type": "Feature", "properties": { "line_id": 672613752, "circuits": 2.0, "tag_frequency": 50.0, "tag_type": "line", "voltage": 161000, "bus0": null, "bus1": null, "length": null, "underground": false, "under_construction": "False", "dc": false, "country": "GH" }, "geometry": { "type": "LineString", "coordinates": [ [ 0.0370176, 6.044390900000016 ], [ 0.0368441, 6.0411919 ], [ 0.0366687, 6.0379576 ], [ 0.0364939, 6.0347342 ], [ 0.0362928, 6.0317848 ], [ 0.0361964, 6.029247100000017 ], [ 0.0359325, 6.0267133 ], [ 0.035664, 6.0237512 ], [ 0.0354124, 6.020782 ], [ 0.0351726, 6.0179542 ], [ 0.0349232, 6.0150109 ], [ 0.0346557, 6.0121995 ], [ 0.0343627, 6.0093945 ], [ 0.0340835, 6.0063137 ], [ 0.0337856, 6.003026900000017 ], [ 0.0335263, 6.000176400000017 ], [ 0.0331654, 5.99698 ], [ 0.0328916, 5.993889800000018 ], [ 0.0325579, 5.990651100000018 ], [ 0.0322856, 5.987506800000017 ], [ 0.0318557, 5.9844578 ], [ 0.0316303, 5.981619200000017 ], [ 0.0313606, 5.9791011 ], [ 0.0311654, 5.97661 ], [ 0.0309815, 5.973456700000017 ], [ 0.0307587, 5.970370100000017 ], [ 0.0305281, 5.967211900000017 ], [ 0.0303125, 5.9640374 ], [ 0.0300956, 5.9608445 ], [ 0.029879, 5.9576565 ], [ 0.0296676, 5.954544500000017 ], [ 0.0294505, 5.9513758 ], [ 0.0292607, 5.9486063 ], [ 0.0290623, 5.945711 ], [ 0.0287601, 5.9428435 ], [ 0.0285169, 5.9397071 ], [ 0.0282675, 5.936491 ] ] } },
{ "type": "Feature", "properties": { "line_id": 672613753, "circuits": 1.0, "tag_frequency": 50.0, "tag_type": "line", "voltage": 161000, "bus0": null, "bus1": null, "length": null, "underground": false, "under_construction": "False", "dc": false, "country": "GH" }, "geometry": { "type": "LineString", "coordinates": [ [ 0.0282675, 5.936491 ], [ 0.0280546, 5.9333217 ], [ 0.0276906, 5.9301117 ] ] } },
{ "type": "Feature", "properties": { "line_id": 672613754, "circuits": 2.0, "tag_frequency": 50.0, "tag_type": "line", "voltage": 161000, "bus0": null, "bus1": null, "length": null, "underground": false, "under_construction": "False", "dc": false, "country": "GH" }, "geometry": { "type": "LineString", "coordinates": [ [ 0.0279075, 5.9300755 ], [ 0.0282188, 5.9332618 ], [ 0.028471, 5.9364631 ], [ 0.028723, 5.9396621 ], [ 0.0290116, 5.9428455 ], [ 0.0292837, 5.945712700000017 ], [ 0.0294817, 5.9485734 ], [ 0.0296739, 5.951349 ], [ 0.0298941, 5.954529900000017 ], [ 0.0301044, 5.9576299 ], [ 0.0303215, 5.9608317 ], [ 0.0305383, 5.9640276 ], [ 0.0307526, 5.967187600000017 ], [ 0.0309739, 5.970353600000017 ], [ 0.0311983, 5.973447100000016 ], [ 0.031408, 5.9766011 ], [ 0.0315943, 5.9790875 ], [ 0.0318548, 5.981598800000016 ], [ 0.0320812, 5.9844294 ], [ 0.0324549, 5.987474100000017 ], [ 0.0327704, 5.990638800000018 ], [ 0.0331032, 5.993865400000018 ], [ 0.0333752, 5.996952600000017 ], [ 0.033753, 6.000161800000017 ], [ 0.0340119, 6.003007700000017 ], [ 0.0343096, 6.0062829 ], [ 0.0345904, 6.0093713 ], [ 0.0348702, 6.0121703 ], [ 0.0351536, 6.0149777 ], [ 0.0354047, 6.0179386 ], [ 0.0356427, 6.020745 ], [ 0.0358979, 6.023755 ], [ 0.0361658, 6.0267018 ], [ 0.0364319, 6.029226200000017 ], [ 0.0365244, 6.0317638 ], [ 0.036733, 6.0347228 ], [ 0.0369101, 6.0379565 ] ] } },
{ "type": "Feature", "properties": { "line_id": 672613755, "circuits": 1.0, "tag_frequency": 50.0, "tag_type": "line", "voltage": 161000, "bus0": null, "bus1": null, "length": null, "underground": false, "under_construction": "False", "dc": false, "country": "GH" }, "geometry": { "type": "LineString", "coordinates": [ [ 0.0273608, 5.923707200000016 ], [ 0.0277276, 5.9268762 ], [ 0.0279075, 5.9300755 ] ] } },
{ "type": "Feature", "properties": { "line_id": 672613756, "circuits": 1.0, "tag_frequency": 50.0, "tag_type": "line", "voltage": 161000, "bus0": null, "bus1": null, "length": null, "underground": false, "under_construction": "False", "dc": false, "country": "GH" }, "geometry": { "type": "LineString", "coordinates": [ [ 0.0273608, 5.923707200000016 ], [ 0.0276053, 5.9269028 ], [ 0.0279075, 5.9300755 ] ] } },
{ "type": "Feature", "properties": { "line_id": 672613757, "circuits": 2.0, "tag_frequency": 50.0, "tag_type": "line", "voltage": 161000, "bus0": null, "bus1": null, "length": null, "underground": false, "under_construction": "False", "dc": false, "country": "GH" }, "geometry": { "type": "LineString", "coordinates": [ [ 0.0143839, 5.8070638 ], [ 0.0140291, 5.8041358 ], [ 0.0137172, 5.8013898 ], [ 0.0133723, 5.7983835 ], [ 0.0129999, 5.7952364 ], [ 0.0126111, 5.7920398 ], [ 0.012298, 5.7891386 ], [ 0.0119153, 5.7860193 ], [ 0.0115745, 5.7829426 ], [ 0.0111981, 5.7796315 ], [ 0.010832, 5.7765711 ], [ 0.0104784, 5.7732916 ], [ 0.0101101, 5.770254 ], [ 0.0097709, 5.7671744 ], [ 0.0094405, 5.76413 ], [ 0.0090513, 5.7608856 ], [ 0.0086687, 5.7576892 ], [ 0.0083708, 5.7545445 ], [ 0.0080136, 5.7513785 ], [ 0.0076232, 5.7481466 ], [ 0.0072917, 5.7450245 ], [ 0.0070385, 5.7428514 ], [ 0.0066306, 5.7404952 ], [ 0.0061937, 5.7379664 ], [ 0.0056776, 5.7349185 ], [ 0.0051452, 5.7318334 ], [ 0.0046694, 5.728689 ], [ 0.004115, 5.725503 ], [ 0.0035615, 5.7223843 ], [ 0.0030664, 5.7193827 ], [ 0.0025284, 5.7161076 ], [ 0.00199, 5.7130225 ], [ 0.0016457, 5.7100262 ], [ 0.0013284, 5.7067411 ], [ 0.0009406, 5.7038194 ], [ 0.0012829, 5.7013979 ], [ 0.0017385, 5.6982116 ], [ 0.0024708, 5.6964144 ] ] } },
{ "type": "Feature", "properties": { "line_id": 672613758, "circuits": 2.0, "tag_frequency": 50.0, "tag_type": "line", "voltage": 161000, "bus0": null, "bus1": null, "length": null, "underground": false, "under_construction": "False", "dc": false, "country": "GH" }, "geometry": { "type": "LineString", "coordinates": [ [ 0.0372614, 6.044369700000016 ], [ 0.0374386, 6.0474129 ], [ 0.0376217, 6.0505586 ], [ 0.0378086, 6.0537693 ], [ 0.0379856, 6.0568099 ], [ 0.0381464, 6.0595714 ], [ 0.038288, 6.0620045 ], [ 0.0385324, 6.0644148 ], [ 0.0388, 6.067193200000016 ], [ 0.0391405, 6.0707229 ], [ 0.0395641, 6.074862400000018 ], [ 0.0399291, 6.0786636 ], [ 0.0403127, 6.082526700000017 ], [ 0.0406811, 6.0863247 ], [ 0.0410575, 6.090205700000017 ], [ 0.0414415, 6.0939456 ], [ 0.0419058, 6.097087 ], [ 0.0423388, 6.100031 ], [ 0.0427805, 6.103058800000017 ], [ 0.0432111, 6.1060184 ], [ 0.0436507, 6.1090402 ], [ 0.0440871, 6.1120396 ], [ 0.0445322, 6.1150986 ], [ 0.0448741, 6.117448900000017 ], [ 0.0452587, 6.1193723 ], [ 0.0458065, 6.122111500000014 ], [ 0.0464298, 6.1252286 ], [ 0.0470128, 6.128144200000017 ], [ 0.0475795, 6.13088 ], [ 0.0481919, 6.1338367 ], [ 0.0488686, 6.1371036 ], [ 0.0493791, 6.1395684 ], [ 0.0497078, 6.141155300000015 ], [ 0.0505212, 6.144398800000014 ], [ 0.0514896, 6.1475849 ], [ 0.0525541, 6.150655 ], [ 0.0538386, 6.1537226 ], [ 0.0555147, 6.1577656 ], [ 0.0566458, 6.1603644 ], [ 0.0579462, 6.1633099 ], [ 0.0592093, 6.1662716 ], [ 0.0604917, 6.1692394 ], [ 0.0616831, 6.1720001 ] ] } },
{ "type": "Feature", "properties": { "line_id": 672613759, "circuits": 1.0, "tag_frequency": 50.0, "tag_type": "line", "voltage": 161000, "bus0": null, "bus1": null, "length": null, "underground": false, "under_construction": "False", "dc": false, "country": "GH" }, "geometry": { "type": "LineString", "coordinates": [ [ 0.0369101, 6.0379565 ], [ 0.0371385, 6.041168 ], [ 0.0372614, 6.044369700000016 ] ] } },
{ "type": "Feature", "properties": { "line_id": 672613760, "circuits": 1.0, "tag_frequency": 50.0, "tag_type": "line", "voltage": 161000, "bus0": null, "bus1": null, "length": null, "underground": false, "under_construction": "False", "dc": false, "country": "GH" }, "geometry": { "type": "LineString", "coordinates": [ [ 0.0369101, 6.0379565 ], [ 0.0370091, 6.0411879 ], [ 0.0372614, 6.044369700000016 ] ] } },
{ "type": "Feature", "properties": { "line_id": 672613761, "circuits": 1.0, "tag_frequency": 50.0, "tag_type": "line", "voltage": 161000, "bus0": null, "bus1": null, "length": null, "underground": false, "under_construction": "False", "dc": false, "country": "GH" }, "geometry": { "type": "LineString", "coordinates": [ [ 0.0373795, 6.050559 ], [ 0.0371352, 6.0474427 ], [ 0.0370176, 6.044390900000016 ] ] } },
{ "type": "Feature", "properties": { "line_id": 672613762, "circuits": 1.0, "tag_frequency": 50.0, "tag_type": "line", "voltage": 161000, "bus0": null, "bus1": null, "length": null, "underground": false, "under_construction": "False", "dc": false, "country": "GH" }, "geometry": { "type": "LineString", "coordinates": [ [ 0.0373795, 6.050559 ], [ 0.0372621, 6.0474289 ], [ 0.0370176, 6.044390900000016 ] ] } },
{ "type": "Feature", "properties": { "line_id": 672613763, "circuits": 2.0, "tag_frequency": 50.0, "tag_type": "line", "voltage": 161000, "bus0": null, "bus1": null, "length": null, "underground": false, "under_construction": "False", "dc": false, "country": "GH" }, "geometry": { "type": "LineString", "coordinates": [ [ 0.0523492, 6.150726800000016 ], [ 0.0512737, 6.147654 ], [ 0.0502915, 6.144458 ], [ 0.0494956, 6.141207400000016 ], [ 0.0491647, 6.1396105 ], [ 0.0486547, 6.1371497 ], [ 0.0479775, 6.1338819 ], [ 0.0473662, 6.1309317 ], [ 0.0467959, 6.128179400000017 ], [ 0.0462047, 6.1252494 ], [ 0.0455848, 6.122177700000014 ], [ 0.0450327, 6.1194419 ], [ 0.0446402, 6.117496800000017 ], [ 0.0443021, 6.1151629 ], [ 0.0438549, 6.112076 ], [ 0.0434186, 6.1090647 ], [ 0.0429841, 6.1060658 ], [ 0.0425531, 6.103090400000017 ], [ 0.0421138, 6.100063800000017 ], [ 0.0416873, 6.097120900000017 ], [ 0.0412091, 6.0939609 ], [ 0.0408322, 6.090229700000017 ], [ 0.0404529, 6.0863393 ], [ 0.0400813, 6.0825282 ], [ 0.0397065, 6.0786842 ], [ 0.0393356, 6.074880400000017 ], [ 0.0389199, 6.0707469 ], [ 0.0385632, 6.067200300000017 ], [ 0.0383098, 6.0644111 ], [ 0.0380596, 6.0620253 ], [ 0.0379156, 6.0595886 ], [ 0.0377522, 6.0568231 ], [ 0.0375695, 6.053796 ], [ 0.0373795, 6.050559 ] ] } },
{ "type": "Feature", "properties": { "line_id": 672613764, "circuits": 1.0, "tag_frequency": 50.0, "tag_type": "line", "voltage": 161000, "bus0": null, "bus1": null, "length": null, "underground": false, "under_construction": "False", "dc": false, "country": "GH" }, "geometry": { "type": "LineString", "coordinates": [ [ 0.0372019, 6.0505827 ], [ 0.0373997, 6.0537987 ], [ 0.0375461, 6.0568257 ] ] } },
{ "type": "Feature", "properties": { "line_id": 672613765, "circuits": 1.0, "tag_frequency": 50.0, "tag_type": "line", "voltage": 161000, "bus0": null, "bus1": null, "length": null, "underground": false, "under_construction": "False", "dc": false, "country": "GH" }, "geometry": { "type": "LineString", "coordinates": [ [ 0.0372019, 6.0505827 ], [ 0.0372988, 6.0538188 ], [ 0.0375461, 6.0568257 ] ] } },
{ "type": "Feature", "properties": { "line_id": 672618225, "circuits": 2.0, "tag_frequency": 50.0, "tag_type": "line", "voltage": 161000, "bus0": null, "bus1": null, "length": null, "underground": false, "under_construction": "False", "dc": false, "country": "GH" }, "geometry": { "type": "LineString", "coordinates": [ [ 0.0022556, 5.6963291 ], [ 0.0015234, 5.6982396 ] ] } },
{ "type": "Feature", "properties": { "line_id": 672618230, "circuits": 1.0, "tag_frequency": 50.0, "tag_type": "line", "voltage": 161000, "bus0": null, "bus1": null, "length": null, "underground": false, "under_construction": "False", "dc": false, "country": "GH" }, "geometry": { "type": "LineString", "coordinates": [ [ 0.0015097, 5.6968617 ], [ 0.0001835, 5.6962154 ] ] } },
{ "type": "Feature", "properties": { "line_id": 672622680, "circuits": 1.0, "tag_frequency": 50.0, "tag_type": "line", "voltage": 161000, "bus0": null, "bus1": null, "length": null, "underground": false, "under_construction": "False", "dc": false, "country": "GH" }, "geometry": { "type": "LineString", "coordinates": [ [ -0.20329, 5.608913400000014 ], [ -0.2033517, 5.607798900000014 ], [ -0.2036789, 5.607096900000014 ] ] } },
{ "type": "Feature", "properties": { "line_id": 672622681, "circuits": 1.0, "tag_frequency": 50.0, "tag_type": "line", "voltage": 161000, "bus0": null, "bus1": null, "length": null, "underground": false, "under_construction": "False", "dc": false, "country": "GH" }, "geometry": { "type": "LineString", "coordinates": [ [ -0.20329, 5.608913400000014 ], [ -0.2036735, 5.607752200000014 ], [ -0.203876, 5.607221 ] ] } },
{ "type": "Feature", "properties": { "line_id": 672622682, "circuits": 2.0, "tag_frequency": 50.0, "tag_type": "line", "voltage": 161000, "bus0": null, "bus1": null, "length": null, "underground": false, "under_construction": "False", "dc": false, "country": "GH" }, "geometry": { "type": "LineString", "coordinates": [ [ -0.1960909, 5.616005800000014 ], [ -0.197998, 5.61412 ], [ -0.1999305, 5.612244700000014 ], [ -0.2014701, 5.610721900000014 ], [ -0.20329, 5.608913400000014 ] ] } },
{ "type": "Feature", "properties": { "line_id": 672622683, "circuits": 2.0, "tag_frequency": 50.0, "tag_type": "line", "voltage": 161000, "bus0": null, "bus1": null, "length": null, "underground": false, "under_construction": "False", "dc": false, "country": "GH" }, "geometry": { "type": "LineString", "coordinates": [ [ -0.1964825, 5.616506300000014 ], [ -0.1984244, 5.614539100000014 ], [ -0.1989542, 5.614002500000014 ], [ -0.1994331, 5.613530100000025 ], [ -0.1998672, 5.613101899999976 ], [ -0.20031, 5.612665200000014 ], [ -0.2018644, 5.611210400000013 ], [ -0.203703, 5.609368500000014 ], [ -0.2040571, 5.607828300000014 ], [ -0.204336, 5.607210300000014 ] ] } },
{ "type": "Feature", "properties": { "line_id": 672622684, "circuits": 1.0, "tag_frequency": 50.0, "tag_type": "line", "voltage": 161000, "bus0": null, "bus1": null, "length": null, "underground": false, "under_construction": "False", "dc": false, "country": "GH" }, "geometry": { "type": "LineString", "coordinates": [ [ -0.107364, 5.651939600000014 ], [ -0.1087193, 5.651414800000013 ] ] } },
{ "type": "Feature", "properties": { "line_id": 672622685, "circuits": 1.0, "tag_frequency": 50.0, "tag_type": "line", "voltage": 161000, "bus0": null, "bus1": null, "length": null, "underground": false, "under_construction": "False", "dc": false, "country": "GH" }, "geometry": { "type": "LineString", "coordinates": [ [ -0.1087193, 5.651414800000013 ], [ -0.1098968, 5.650906300000013 ], [ -0.110511, 5.650861 ], [ -0.1131302, 5.650703500000013 ], [ -0.1156153, 5.650555300000013 ], [ -0.1182278, 5.650401900000013 ], [ -0.1208295, 5.650227 ], [ -0.123281, 5.650077600000013 ], [ -0.1257366, 5.649936100000013 ], [ -0.1282552, 5.649778600000013 ], [ -0.130696, 5.649621100000012 ], [ -0.1331647, 5.649472400000013 ], [ -0.135591, 5.649326200000012 ], [ -0.1381324, 5.649182100000012 ], [ -0.140588, 5.649031200000012 ], [ -0.143183, 5.648872400000012 ], [ -0.1457781, 5.648705600000012 ], [ -0.1483959, 5.648544600000013 ], [ -0.1508403, 5.648393300000013 ], [ -0.1515903, 5.648347400000027 ], [ -0.1538766, 5.648207500000012 ], [ -0.1563017, 5.648058300000012 ], [ -0.1589002, 5.647900200000014 ], [ -0.1613478, 5.647761100000014 ], [ -0.1637556, 5.647619200000014 ], [ -0.1654616, 5.645916400000014 ], [ -0.1672392, 5.644179300000014 ], [ -0.1689924, 5.642466100000013 ], [ -0.1708643, 5.640624100000013 ], [ -0.1725407, 5.638974500000014 ], [ -0.174188, 5.637353500000014 ], [ -0.1765001, 5.635081900000015 ], [ -0.1778002, 5.633789200000015 ], [ -0.1796919, 5.631908200000015 ], [ -0.1814514, 5.630183800000015 ], [ -0.18311, 5.628592500000015 ], [ -0.1842941, 5.627425400000033 ], [ -0.1848699, 5.626857800000015 ], [ -0.188574, 5.623365100000015 ], [ -0.1903282, 5.621486 ], [ -0.1922755, 5.619508 ], [ -0.1939733, 5.617901100000014 ], [ -0.1960909, 5.616005800000014 ] ] } },
{ "type": "Feature", "properties": { "line_id": 672622686, "circuits": 1.0, "tag_frequency": 50.0, "tag_type": "line", "voltage": 161000, "bus0": null, "bus1": null, "length": null, "underground": false, "under_construction": "False", "dc": false, "country": "GH" }, "geometry": { "type": "LineString", "coordinates": [ [ -0.1084632, 5.651998 ], [ -0.1088615, 5.651771200000013 ], [ -0.1095964, 5.651477500000014 ], [ -0.1105446, 5.651417500000013 ], [ -0.1131637, 5.651253300000013 ], [ -0.1156622, 5.651109200000012 ], [ -0.1182559, 5.650941 ], [ -0.120855, 5.650776900000012 ], [ -0.1233253, 5.650630100000012 ], [ -0.1257996, 5.650471300000012 ], [ -0.128278, 5.650332500000012 ], [ -0.1307452, 5.650177100000013 ], [ -0.133197, 5.650022800000013 ], [ -0.1356232, 5.64987 ], [ -0.1381508, 5.649727500000013 ], [ -0.1406174, 5.649576300000013 ], [ -0.1432204, 5.649416800000013 ], [ -0.1458381, 5.649256400000013 ], [ -0.1484146, 5.649098500000012 ], [ -0.1508612, 5.648940100000013 ], [ -0.1539195, 5.648761100000012 ], [ -0.1563285, 5.648613500000012 ], [ -0.1589128, 5.648454700000014 ], [ -0.1613747, 5.648304500000013 ], [ -0.1639889, 5.648145100000014 ], [ -0.165868, 5.646312800000014 ], [ -0.1676219, 5.644585600000014 ], [ -0.1693731, 5.642861100000014 ], [ -0.171251, 5.641018200000014 ], [ -0.1729282, 5.639372200000014 ], [ -0.1746051, 5.637726500000014 ], [ -0.1768635, 5.635474300000014 ], [ -0.1781939, 5.634158400000015 ], [ -0.1801881, 5.632177800000014 ], [ -0.1818417, 5.630601600000015 ], [ -0.1834806, 5.628994700000015 ], [ -0.1852559, 5.627254100000015 ], [ -0.187221, 5.625327300000015 ], [ -0.1889187, 5.623662800000015 ], [ -0.1907279, 5.621878300000015 ], [ -0.192738, 5.619800300000015 ], [ -0.1942925, 5.618193400000015 ], [ -0.1960909, 5.616005800000014 ] ] } },
{ "type": "Feature", "properties": { "line_id": 672622687, "circuits": 2.0, "tag_frequency": 50.0, "tag_type": "line", "voltage": 161000, "bus0": null, "bus1": null, "length": null, "underground": false, "under_construction": "False", "dc": false, "country": "GH" }, "geometry": { "type": "LineString", "coordinates": [ [ -0.1069638, 5.652977600000015 ], [ -0.1077014, 5.652685300000015 ], [ -0.1090197, 5.652154200000015 ], [ -0.1096916, 5.651877900000015 ], [ -0.1126394, 5.651684400000015 ], [ -0.1157011, 5.651508200000015 ], [ -0.1186232, 5.651333700000014 ], [ -0.1217119, 5.651149200000014 ], [ -0.1247373, 5.650957800000014 ], [ -0.1273419, 5.650792900000014 ], [ -0.1294421, 5.650675500000014 ], [ -0.1319507, 5.650517700000014 ], [ -0.1348275, 5.650336800000014 ], [ -0.1378897, 5.650144300000013 ], [ -0.1397766, 5.650028200000014 ], [ -0.1438554, 5.6497823 ], [ -0.1446703, 5.649733200000014 ], [ -0.148239, 5.649510400000014 ], [ -0.1509437, 5.649345600000014 ], [ -0.1544175, 5.649134 ], [ -0.157561, 5.648921800000013 ], [ -0.1612743, 5.648704900000014 ], [ -0.1641639, 5.648536100000014 ], [ -0.1643826, 5.648317399999848 ], [ -0.1662232, 5.646476800000014 ], [ -0.1683475, 5.644430900000014 ], [ -0.1702224, 5.642661200000013 ], [ -0.1723936, 5.640440400000013 ], [ -0.1767965, 5.636110900000014 ], [ -0.1785935, 5.634350600000014 ], [ -0.1812798, 5.631717300000013 ], [ -0.1833659, 5.629670700000013 ], [ -0.1841913, 5.628863899999972 ], [ -0.1857845, 5.627305 ], [ -0.1878311, 5.625288400000013 ], [ -0.1879715, 5.625149100000026 ], [ -0.1892278, 5.6239024 ], [ -0.1901914, 5.622946100000013 ], [ -0.1926114, 5.620568300000014 ], [ -0.1946278, 5.618587100000013 ], [ -0.1964825, 5.616506300000014 ] ] } },
{ "type": "Feature", "properties": { "line_id": 672622688, "circuits": 1.0, "tag_frequency": 50.0, "tag_type": "line", "voltage": 161000, "bus0": null, "bus1": null, "length": null, "underground": false, "under_construction": "False", "dc": false, "country": "GH" }, "geometry": { "type": "LineString", "coordinates": [ [ -0.1017818, 5.6550596 ], [ -0.1043876, 5.653931200000015 ], [ -0.1069638, 5.652977600000015 ] ] } },
{ "type": "Feature", "properties": { "line_id": 672622689, "circuits": 1.0, "tag_frequency": 50.0, "tag_type": "line", "voltage": 161000, "bus0": null, "bus1": null, "length": null, "underground": false, "under_construction": "False", "dc": false, "country": "GH" }, "geometry": { "type": "LineString", "coordinates": [ [ -0.1017818, 5.6550596 ], [ -0.1044425, 5.654072 ], [ -0.1069638, 5.652977600000015 ] ] } },
{ "type": "Feature", "properties": { "line_id": 672625377, "circuits": 1.0, "tag_frequency": 50.0, "tag_type": "line", "voltage": 330000, "bus0": null, "bus1": null, "length": null, "underground": false, "under_construction": "False", "dc": false, "country": "GH" }, "geometry": { "type": "LineString", "coordinates": [ [ 0.0464223, 5.6809886 ], [ 0.0462225, 5.6812834 ], [ 0.0461501, 5.681314100000015 ], [ 0.0459837, 5.681392800000015 ], [ 0.0462949, 5.682744700000016 ], [ 0.0484454, 5.686583500000016 ], [ 0.0490174, 5.687570300000016 ], [ 0.0486821, 5.691261500000016 ], [ 0.0499964, 5.693858400000033 ], [ 0.050738, 5.696498 ], [ 0.0514743, 5.699041600000033 ], [ 0.0522682, 5.701902700000016 ], [ 0.0530246, 5.704597 ], [ 0.0551502, 5.708719100000016 ], [ 0.0569004, 5.711102400000016 ], [ 0.0583541, 5.711286600000015 ], [ 0.0618088, 5.711804300000015 ], [ 0.063799, 5.715247200000015 ], [ 0.0656337, 5.718279 ], [ 0.0685036, 5.720975900000014 ], [ 0.0691071, 5.724817700000014 ], [ 0.069657, 5.728231100000015 ], [ 0.0715224, 5.730802500000014 ], [ 0.0739713, 5.732239700000014 ], [ 0.0765543, 5.733764200000015 ], [ 0.0790849, 5.735246100000015 ], [ 0.0827671, 5.736202700000015 ], [ 0.086579, 5.737193 ], [ 0.0902764, 5.738141700000015 ], [ 0.0944164, 5.739179900000015 ], [ 0.0972301, 5.740510200000015 ], [ 0.1001376, 5.741903300000015 ], [ 0.1021332, 5.742816 ], [ 0.1045874, 5.744446600000015 ], [ 0.1071274, 5.746178600000015 ], [ 0.1091552, 5.747531700000015 ], [ 0.1125669, 5.749501200000015 ], [ 0.1157346, 5.751446700000015 ], [ 0.1181674, 5.753885900000015 ], [ 0.1211366, 5.756765400000015 ], [ 0.1237437, 5.759399400000015 ], [ 0.1266566, 5.762268200000014 ], [ 0.1291162, 5.764718 ], [ 0.1284295, 5.768136500000015 ], [ 0.1276544, 5.771827200000015 ], [ 0.1269168, 5.775419200000015 ], [ 0.1262006, 5.778867 ], [ 0.1255354, 5.782520300000015 ], [ 0.1249024, 5.786285600000015 ], [ 0.1243767, 5.789771400000015 ], [ 0.1238859, 5.793288500000015 ], [ 0.1234004, 5.795498 ], [ 0.1271179, 5.797555400000015 ], [ 0.1305485, 5.799372600000015 ], [ 0.1338798, 5.801157900000015 ], [ 0.1372862, 5.802985800000015 ], [ 0.1405585, 5.804682900000016 ], [ 0.1438229, 5.806475500000032 ], [ 0.1470521, 5.808210600000016 ], [ 0.1494259, 5.807690200000016 ], [ 0.151982, 5.807185900000015 ], [ 0.1548783, 5.808381500000015 ], [ 0.1581568, 5.809778 ], [ 0.1613429, 5.811135200000016 ], [ 0.1645884, 5.812522800000016 ], [ 0.1678045, 5.813920800000032 ], [ 0.1713205, 5.815449100000032 ], [ 0.1746328, 5.816888900000032 ], [ 0.1780584, 5.818377900000016 ], [ 0.1816526, 5.819916200000016 ], [ 0.185283, 5.821482600000015 ], [ 0.1883528, 5.82283010000001 ], [ 0.1891157, 5.82563350000001 ], [ 0.1898636, 5.82858020000001 ], [ 0.1906058, 5.8315049 ], [ 0.1940364, 5.833306 ], [ 0.1971477, 5.8349524 ], [ 0.2007377, 5.836861 ], [ 0.2034965, 5.83832780000001 ], [ 0.2066722, 5.84002480000001 ], [ 0.2097877, 5.84171390000001 ], [ 0.2129915, 5.84345090000001 ], [ 0.2167305, 5.84542810000001 ], [ 0.2201959, 5.84706370000001 ], [ 0.2237455, 5.84878240000001 ], [ 0.227304, 5.85050550000001 ], [ 0.230887, 5.85228990000001 ], [ 0.2342282, 5.85390960000001 ], [ 0.2377389, 5.855611400000011 ], [ 0.2412607, 5.85732970000001 ], [ 0.2447355, 5.85904940000001 ], [ 0.2482358, 5.860781 ], [ 0.2518098, 5.86252070000001 ], [ 0.2552176, 5.864191 ], [ 0.2587634, 5.86588260000001 ], [ 0.2622708, 5.86759990000001 ], [ 0.2652499, 5.86905860000001 ], [ 0.2692455, 5.8710361 ], [ 0.2727498, 5.87270640000001 ], [ 0.2760905, 5.87430330000001 ], [ 0.2795894, 5.87605890000001 ], [ 0.2830106, 5.87773850000001 ], [ 0.285974, 5.87919850000001 ], [ 0.2895277, 5.87980760000001 ], [ 0.2933183, 5.88038920000001 ], [ 0.2970487, 5.880974900000034 ], [ 0.3004961, 5.881516100000034 ], [ 0.3039602, 5.882069900000033 ], [ 0.3077647, 5.88271850000001 ], [ 0.3115714, 5.883330800000033 ], [ 0.3154652, 5.883957200000033 ], [ 0.3192802, 5.884570900000033 ], [ 0.3231727, 5.88519710000001 ], [ 0.327142, 5.885829900000012 ], [ 0.3307518, 5.886405400000013 ], [ 0.3345466, 5.88701940000001 ], [ 0.3383553, 5.8876451 ], [ 0.3422257, 5.8882734 ], [ 0.3460532, 5.8889057 ], [ 0.3498875, 5.889494 ], [ 0.3535809, 5.890110300000012 ], [ 0.3574929, 5.890738700000012 ], [ 0.3610508, 5.891276300000013 ], [ 0.3645187, 5.893188500000012 ], [ 0.3679602, 5.895086200000013 ], [ 0.3713693, 5.896984500000013 ], [ 0.3748368, 5.898834800000013 ], [ 0.3782853, 5.900701100000012 ], [ 0.3818373, 5.902669200000012 ], [ 0.3851934, 5.904505600000013 ], [ 0.388665, 5.906398900000013 ], [ 0.3921524, 5.908300800000013 ], [ 0.3955507, 5.910145700000013 ], [ 0.3991047, 5.912090600000012 ], [ 0.4025835, 5.914006200000013 ], [ 0.4060274, 5.915861700000012 ], [ 0.4094633, 5.917737300000012 ], [ 0.4128671, 5.919555500000012 ], [ 0.4162775, 5.921460400000012 ], [ 0.419531, 5.923243800000012 ], [ 0.4230072, 5.925128700000013 ], [ 0.4264887, 5.927034900000012 ], [ 0.4297341, 5.928821 ], [ 0.4331218, 5.930653800000012 ], [ 0.4366422, 5.932557400000013 ], [ 0.4399802, 5.934406200000013 ], [ 0.4434751, 5.936296300000013 ], [ 0.4468346, 5.938099800000013 ], [ 0.4503241, 5.940028600000013 ], [ 0.4537252, 5.941904100000013 ], [ 0.4571798, 5.943784900000013 ], [ 0.4606037, 5.945643 ], [ 0.4639873, 5.947469100000013 ], [ 0.4692234, 5.950332100000013 ], [ 0.4741234, 5.953011300000013 ], [ 0.4770952, 5.954661300000013 ], [ 0.4806599, 5.956590100000013 ], [ 0.483963, 5.958393500000013 ], [ 0.4873466, 5.960236900000013 ], [ 0.4904044, 5.961928200000013 ], [ 0.4931429, 5.963406100000014 ], [ 0.4963817, 5.965166800000014 ], [ 0.4996352, 5.966972800000014 ], [ 0.5030993, 5.968794800000014 ], [ 0.5062348, 5.970507500000013 ], [ 0.5081447, 5.972497400000013 ], [ 0.5100448, 5.974468900000013 ], [ 0.5103359, 5.978107600000013 ], [ 0.5107315, 5.982175700000012 ], [ 0.511103, 5.986045 ], [ 0.5114543, 5.989991700000012 ], [ 0.5118231, 5.993813 ], [ 0.5121946, 5.997604900000013 ], [ 0.5125165, 6.001099300000013 ], [ 0.512892, 6.004983200000013 ], [ 0.5132514, 6.008933700000013 ], [ 0.5110842, 6.012214700000014 ], [ 0.5088834, 6.015527700000014 ], [ 0.5067283, 6.018688600000014 ] ] } },
{ "type": "Feature", "properties": { "line_id": 672625379, "circuits": 1.0, "tag_frequency": 50.0, "tag_type": "line", "voltage": 330000, "bus0": null, "bus1": null, "length": null, "underground": false, "under_construction": "False", "dc": false, "country": "GH" }, "geometry": { "type": "LineString", "coordinates": [ [ 0.0022718, 5.694608400000015 ], [ 0.0023684, 5.6946404 ], [ 0.0023255, 5.6947605 ] ] } },
{ "type": "Feature", "properties": { "line_id": 672625380, "circuits": 2.0, "tag_frequency": 50.0, "tag_type": "line", "voltage": 330000, "bus0": null, "bus1": null, "length": null, "underground": false, "under_construction": "False", "dc": false, "country": "GH" }, "geometry": { "type": "LineString", "coordinates": [ [ 0.0461565, 5.6807829 ], [ 0.0460597, 5.6809206 ], [ 0.046018, 5.680946 ], [ 0.0457835, 5.681056800000015 ], [ 0.0451263, 5.680625900000015 ], [ 0.0423448, 5.678143600000015 ], [ 0.0411484, 5.675246300000016 ], [ 0.0398609, 5.672106300000015 ], [ 0.0388121, 5.669592 ], [ 0.034888, 5.668245600000016 ], [ 0.0320771, 5.667147200000016 ], [ 0.0296415, 5.666183800000016 ], [ 0.0269217, 5.664430300000015 ], [ 0.0240612, 5.662312300000015 ], [ 0.0190132, 5.660780400000015 ], [ 0.017373, 5.661192800000015 ], [ 0.0156832, 5.660621600000015 ], [ 0.0146748, 5.663030500000015 ], [ 0.0136812, 5.665532700000016 ], [ 0.0127061, 5.667593500000015 ], [ 0.0110299, 5.671501 ], [ 0.0099006, 5.673620300000016 ], [ 0.0088171, 5.676313400000016 ], [ 0.0088252, 5.678352600000015 ], [ 0.0077953, 5.680808100000015 ], [ 0.0065119, 5.684414 ], [ 0.0051508, 5.687623500000015 ], [ 0.002682, 5.693886300000015 ], [ 0.0017446, 5.694362800000015 ] ] } },
{ "type": "Feature", "properties": { "line_id": 672628321, "circuits": 1.0, "tag_frequency": 50.0, "tag_type": "line", "voltage": 161000, "bus0": null, "bus1": null, "length": null, "underground": false, "under_construction": "False", "dc": false, "country": "GH" }, "geometry": { "type": "LineString", "coordinates": [ [ 0.0098794, 5.6768276 ], [ 0.0106538, 5.6760538 ], [ 0.0111124, 5.6756945 ] ] } },
{ "type": "Feature", "properties": { "line_id": 672628322, "circuits": 1.0, "tag_frequency": 50.0, "tag_type": "line", "voltage": 161000, "bus0": null, "bus1": null, "length": null, "underground": false, "under_construction": "False", "dc": false, "country": "GH" }, "geometry": { "type": "LineString", "coordinates": [ [ 0.0098794, 5.6768276 ], [ 0.010547, 5.6759687 ], [ 0.0109558, 5.675529800000015 ] ] } },
{ "type": "Feature", "properties": { "line_id": 672628325, "circuits": 1.0, "tag_frequency": 50.0, "tag_type": "line", "voltage": 161000, "bus0": null, "bus1": null, "length": null, "underground": false, "under_construction": "False", "dc": false, "country": "GH" }, "geometry": { "type": "LineString", "coordinates": [ [ 0.020314, 5.6692358 ], [ 0.0202404, 5.6694204 ], [ 0.0200916, 5.669793499999979 ], [ 0.0191828, 5.6710391 ], [ 0.0175461, 5.6721662 ], [ 0.0149399, 5.6738875 ], [ 0.013875, 5.675023400000014 ], [ 0.0133206, 5.675577400000014 ] ] } },
{ "type": "Feature", "properties": { "line_id": 672628326, "circuits": 1.0, "tag_frequency": 50.0, "tag_type": "line", "voltage": 161000, "bus0": null, "bus1": null, "length": null, "underground": false, "under_construction": "False", "dc": false, "country": "GH" }, "geometry": { "type": "LineString", "coordinates": [ [ 0.0208288, 5.6694317 ], [ 0.020754, 5.6696297 ], [ 0.0206104, 5.670009699999978 ], [ 0.0194659, 5.671148 ], [ 0.0177103, 5.6723395 ], [ 0.0150877, 5.6740787 ], [ 0.0139743, 5.675138200000014 ], [ 0.013401, 5.675660500000014 ] ] } },
{ "type": "Feature", "properties": { "line_id": 672628327, "circuits": 2.0, "tag_frequency": 50.0, "tag_type": "line", "voltage": 161000, "bus0": null, "bus1": null, "length": null, "underground": false, "under_construction": "False", "dc": false, "country": "GH" }, "geometry": { "type": "LineString", "coordinates": [ [ 0.0180469, 5.6728707 ], [ 0.0154681, 5.674433800000015 ], [ 0.0141004, 5.675245 ], [ 0.0135068, 5.675756700000014 ] ] } },
{ "type": "Feature", "properties": { "line_id": 672628328, "circuits": 1.0, "tag_frequency": 50.0, "tag_type": "line", "voltage": 161000, "bus0": null, "bus1": null, "length": null, "underground": false, "under_construction": "False", "dc": false, "country": "GH" }, "geometry": { "type": "LineString", "coordinates": [ [ 0.0228044, 5.67023 ], [ 0.022728, 5.6704384 ], [ 0.0225942, 5.670803099999977 ], [ 0.0213095, 5.6719334 ], [ 0.0188356, 5.673132 ], [ 0.015748, 5.674727300000015 ], [ 0.0142104, 5.675367700000015 ], [ 0.0136152, 5.675838400000014 ] ] } },
{ "type": "Feature", "properties": { "line_id": 672628329, "circuits": 1.0, "tag_frequency": 50.0, "tag_type": "line", "voltage": 161000, "bus0": null, "bus1": null, "length": null, "underground": false, "under_construction": "False", "dc": false, "country": "GH" }, "geometry": { "type": "LineString", "coordinates": [ [ 0.0221307, 5.6699853 ], [ 0.0220537, 5.6701776 ], [ 0.0219104, 5.670535499999978 ], [ 0.0205502, 5.6716224 ], [ 0.0180469, 5.6728707 ] ] } },
{ "type": "Feature", "properties": { "line_id": 672628330, "circuits": 2.0, "tag_frequency": 50.0, "tag_type": "line", "voltage": 161000, "bus0": null, "bus1": null, "length": null, "underground": false, "under_construction": "False", "dc": false, "country": "GH" }, "geometry": { "type": "LineString", "coordinates": [ [ 0.01353, 5.676029400000014 ], [ 0.0131905, 5.6763127 ], [ 0.0122444, 5.676988 ], [ 0.0106441, 5.6781515 ], [ 0.0097089, 5.6803426 ], [ 0.0085737, 5.6831871 ], [ 0.0074042, 5.6860483 ], [ 0.0061779, 5.6890399 ], [ 0.0050105, 5.6919627 ], [ 0.0043303, 5.6937778 ], [ 0.0034223, 5.6951906 ] ] } },
{ "type": "Feature", "properties": { "line_id": 672628331, "circuits": 1.0, "tag_frequency": 50.0, "tag_type": "line", "voltage": 161000, "bus0": null, "bus1": null, "length": null, "underground": false, "under_construction": "False", "dc": false, "country": "GH" }, "geometry": { "type": "LineString", "coordinates": [ [ 0.0256198, 5.6734755 ], [ 0.0220266, 5.6721727 ], [ 0.0187111, 5.6736328 ], [ 0.016737, 5.6745724 ], [ 0.0146262, 5.6755599 ], [ 0.0136686, 5.6758989 ] ] } },
{ "type": "Feature", "properties": { "line_id": 672628332, "circuits": 1.0, "tag_frequency": 50.0, "tag_type": "line", "voltage": 161000, "bus0": null, "bus1": null, "length": null, "underground": false, "under_construction": "False", "dc": false, "country": "GH" }, "geometry": { "type": "LineString", "coordinates": [ [ 0.0256198, 5.6734755 ], [ 0.0227827, 5.672845200000015 ], [ 0.0211009, 5.673147 ], [ 0.0188665, 5.6740369 ] ] } },
{ "type": "Feature", "properties": { "line_id": 672686496, "circuits": 1.0, "tag_frequency": 50.0, "tag_type": "line", "voltage": 161000, "bus0": null, "bus1": null, "length": null, "underground": false, "under_construction": "False", "dc": false, "country": "GH" }, "geometry": { "type": "LineString", "coordinates": [ [ -0.077017, 6.207471700000011 ], [ -0.07846, 6.204264 ], [ -0.0804529, 6.201166800000011 ], [ -0.0823237, 6.198237600000011 ], [ -0.0838834, 6.195795100000011 ], [ -0.087322, 6.191227300000011 ], [ -0.0894222, 6.188428700000011 ], [ -0.0916149, 6.185526100000011 ], [ -0.0933489, 6.183198200000011 ], [ -0.0948657, 6.181028900000011 ], [ -0.0964589, 6.178751600000012 ], [ -0.0975762, 6.177131300000012 ], [ -0.0997406, 6.174042300000012 ], [ -0.1049079, 6.172199700000012 ], [ -0.1075123, 6.171267700000012 ], [ -0.1110207, 6.170097 ], [ -0.1143466, 6.168938300000011 ], [ -0.117289, 6.16791370000001 ], [ -0.1203219, 6.16641560000001 ], [ -0.1259297, 6.163672900000011 ], [ -0.1300364, 6.162825200000011 ], [ -0.1338597, 6.161995600000011 ], [ -0.1376416, 6.161036900000012 ], [ -0.141571, 6.159834200000011 ], [ -0.1450391, 6.1587662 ], [ -0.1481813, 6.1578368 ], [ -0.1515153, 6.1568701 ], [ -0.1548788, 6.1559181 ], [ -0.158316, 6.1549407 ], [ -0.1616009, 6.1536852 ], [ -0.1649129, 6.1524193 ], [ -0.1684172, 6.1511353 ], [ -0.1719376, 6.1501926 ], [ -0.1762024, 6.1490045 ], [ -0.1808064, 6.1477298 ], [ -0.1844434, 6.1467498 ], [ -0.1882938, 6.1459524 ], [ -0.1909786, 6.145515 ], [ -0.1955143, 6.1419215 ], [ -0.1998219, 6.13854 ], [ -0.2025618, 6.13639990000001 ], [ -0.205472, 6.13509640000001 ], [ -0.2079168, 6.13403040000001 ], [ -0.2092732, 6.1335394 ], [ -0.2107988, 6.13274360000001 ], [ -0.2114913, 6.1324433 ], [ -0.2130988, 6.131746200000011 ], [ -0.2168834, 6.130078100000011 ], [ -0.2197474, 6.128820600000011 ], [ -0.220774, 6.127599200000011 ], [ -0.2224681, 6.125585699999981 ], [ -0.2226341, 6.125388400000011 ], [ -0.2254517, 6.123553500000011 ], [ -0.2276941, 6.122118700000011 ], [ -0.2299686, 6.120647900000011 ], [ -0.2312802, 6.121221300000012 ], [ -0.2330209, 6.121941400000011 ], [ -0.2355824, 6.120781300000012 ], [ -0.237975, 6.119397100000011 ], [ -0.2409509, 6.1176956 ], [ -0.2465395, 6.1164779 ], [ -0.2489251, 6.115958100000011 ], [ -0.2517146, 6.11656220000001 ], [ -0.254606, 6.1171423 ], [ -0.257771, 6.1178023 ], [ -0.2611439, 6.1184904 ], [ -0.2645114, 6.1191878 ], [ -0.2682585, 6.1199772 ], [ -0.271048, 6.12055730000001 ], [ -0.2747943, 6.1213439 ], [ -0.2821241, 6.1228601 ], [ -0.2833687, 6.1231188 ], [ -0.284813, 6.124935 ], [ -0.2864894, 6.1269592 ], [ -0.2913228, 6.1325863 ], [ -0.2948787, 6.1371386 ], [ -0.2966034, 6.1394787 ], [ -0.2984159, 6.1418589 ], [ -0.3006609, 6.1444043 ], [ -0.3050503, 6.1495392 ], [ -0.3097187, 6.1550408 ], [ -0.3116298, 6.1572955 ], [ -0.3135476, 6.1595582 ], [ -0.3159361, 6.1623276 ], [ -0.3181782, 6.1649293 ], [ -0.3202269, 6.1673287 ], [ -0.322713, 6.1700186 ], [ -0.3251347, 6.1726463 ], [ -0.3272349, 6.1749063 ], [ -0.3309739, 6.1786409 ], [ -0.3336105, 6.1810769 ], [ -0.3363517, 6.1834128 ], [ -0.3384981, 6.1850355 ], [ -0.3411208, 6.1869873 ], [ -0.3437331, 6.1889314 ], [ -0.3459647, 6.1906313 ], [ -0.3486335, 6.1926286 ], [ -0.3508635, 6.1942982 ], [ -0.3532349, 6.1960737 ], [ -0.3557561, 6.1981723 ], [ -0.3583512, 6.2002935 ], [ -0.3614384, 6.20282 ], [ -0.3639516, 6.2048879 ] ] } },
{ "type": "Feature", "properties": { "line_id": 672696986, "circuits": 1.0, "tag_frequency": 50.0, "tag_type": "line", "voltage": 161000, "bus0": null, "bus1": null, "length": null, "underground": false, "under_construction": "False", "dc": false, "country": "GH" }, "geometry": { "type": "LineString", "coordinates": [ [ -0.8233255, 6.013576500000013 ], [ -0.8226298, 6.013611799999973 ] ] } },
{ "type": "Feature", "properties": { "line_id": 672696987, "circuits": 1.0, "tag_frequency": 50.0, "tag_type": "line", "voltage": 161000, "bus0": null, "bus1": null, "length": null, "underground": false, "under_construction": "False", "dc": false, "country": "GH" }, "geometry": { "type": "LineString", "coordinates": [ [ -0.8243023, 6.013794199999973 ], [ -0.8237225, 6.013580500000012 ] ] } },
{ "type": "Feature", "properties": { "line_id": 672733303, "circuits": 1.0, "tag_frequency": 50.0, "tag_type": "line", "voltage": 161000, "bus0": null, "bus1": null, "length": null, "underground": false, "under_construction": "False", "dc": false, "country": "GH" }, "geometry": { "type": "LineString", "coordinates": [ [ -2.4879158, 10.070420500000019 ], [ -2.4874947, 10.070408600000018 ], [ -2.4855803, 10.070022400000019 ], [ -2.4826299, 10.069708800000019 ], [ -2.4801408, 10.070567100000019 ], [ -2.4781311, 10.07126290000002 ], [ -2.4770549, 10.073116200000021 ], [ -2.4757044, 10.075403800000021 ], [ -2.4743284, 10.077747500000022 ], [ -2.4729394, 10.080083300000023 ], [ -2.4713753, 10.082722800000024 ], [ -2.4699893, 10.085091600000023 ], [ -2.4686328, 10.087358700000022 ], [ -2.4672145, 10.089772300000023 ], [ -2.4658158, 10.092096100000022 ], [ -2.4644096, 10.094500500000022 ], [ -2.4628761, 10.097052100000022 ], [ -2.461541, 10.099317100000022 ], [ -2.4602321, 10.101534600000022 ], [ -2.4587233, 10.104050400000022 ], [ -2.4574292, 10.106275100000021 ], [ -2.4560586, 10.10858860000002 ], [ -2.4545673, 10.111106 ], [ -2.4530263, 10.11367470000002 ], [ -2.451434, 10.11637 ], [ -2.4498546, 10.11904340000002 ], [ -2.448433, 10.12145950000002 ], [ -2.4469887, 10.12385440000002 ], [ -2.4472998, 10.126357500000021 ], [ -2.4477209, 10.12956690000002 ], [ -2.4481029, 10.132634400000022 ], [ -2.4484724, 10.135602100000021 ], [ -2.4488252, 10.138435 ], [ -2.4491492, 10.141036600000019 ], [ -2.4494919, 10.143830900000021 ], [ -2.4498635, 10.14673340000002 ], [ -2.4502033, 10.149630700000019 ], [ -2.4506177, 10.152797 ], [ -2.4509449, 10.155391600000019 ], [ -2.4512909, 10.158268100000019 ], [ -2.4516463, 10.161099700000019 ], [ -2.453566, 10.162765500000022 ], [ -2.4556498, 10.164573800000023 ], [ -2.4579045, 10.16653050000002 ], [ -2.4602227, 10.168542100000019 ], [ -2.4626346, 10.170633 ], [ -2.4647878, 10.17249960000002 ], [ -2.4671289, 10.174525400000022 ], [ -2.4693047, 10.17640820000002 ], [ -2.4715604, 10.178384200000021 ], [ -2.4737758, 10.180232700000021 ], [ -2.4759594, 10.182118400000022 ], [ -2.4780929, 10.184007400000022 ], [ -2.4801153, 10.18572860000002 ], [ -2.4822477, 10.18757130000002 ], [ -2.4845061, 10.18952220000002 ], [ -2.4867405, 10.191457400000022 ], [ -2.4890417, 10.19345030000002 ], [ -2.4911606, 10.19528240000002 ], [ -2.4933413, 10.19717250000002 ], [ -2.4954602, 10.19901250000002 ], [ -2.497473, 10.200757800000023 ], [ -2.4996525, 10.202647500000019 ], [ -2.5018734, 10.204571900000019 ], [ -2.5042203, 10.206599300000018 ], [ -2.5065216, 10.208592300000019 ], [ -2.5088659, 10.210632800000019 ], [ -2.5109983, 10.212475300000019 ], [ -2.5129885, 10.21420960000002 ], [ -2.5150323, 10.21595970000002 ], [ -2.51706, 10.217701900000021 ], [ -2.5191012, 10.219486300000021 ], [ -2.5211558, 10.221268100000021 ], [ -2.5232694, 10.2231 ], [ -2.5255975, 10.225119300000022 ], [ -2.5279069, 10.227122800000023 ], [ -2.5301707, 10.229089200000024 ], [ -2.5324371, 10.231039900000024 ], [ -2.5346093, 10.232936500000021 ], [ -2.5369808, 10.23500710000002 ], [ -2.5388879, 10.23661990000002 ], [ -2.5409505, 10.23843060000002 ], [ -2.5429997, 10.24009080000002 ], [ -2.5454378, 10.242062500000021 ], [ -2.5478464, 10.24404340000002 ], [ -2.5499883, 10.245785 ], [ -2.5521158, 10.247806700000021 ], [ -2.5540802, 10.249716600000021 ], [ -2.5558394, 10.25142720000002 ], [ -2.5579047, 10.253388300000021 ], [ -2.5601766, 10.25557350000002 ], [ -2.5624323, 10.257743200000021 ], [ -2.5643957, 10.259635600000021 ], [ -2.5664744, 10.261623 ], [ -2.5684793, 10.263553600000021 ], [ -2.5704494, 10.265431500000021 ], [ -2.5724638, 10.267397700000021 ], [ -2.5745492, 10.269374500000021 ], [ -2.57653, 10.27126950000002 ], [ -2.5786221, 10.273275300000019 ], [ -2.5805734, 10.27515580000002 ], [ -2.5825784, 10.277082400000019 ], [ -2.5845406, 10.278967900000019 ], [ -2.5864716, 10.280823400000019 ], [ -2.5884363, 10.282695800000019 ], [ -2.5904641, 10.284631600000019 ], [ -2.5924046, 10.286517300000019 ], [ -2.594478, 10.288495300000019 ], [ -2.5966089, 10.290540700000021 ], [ -2.5985402, 10.292394500000018 ], [ -2.6005653, 10.294338100000019 ], [ -2.6025675, 10.296266 ], [ -2.6045121, 10.298122500000019 ], [ -2.606788, 10.300311500000019 ], [ -2.6087125, 10.302143 ], [ -2.6108247, 10.304165700000018 ], [ -2.6126862, 10.305956300000018 ], [ -2.614895, 10.308070100000018 ], [ -2.6167819, 10.309885600000017 ], [ -2.618817, 10.311840300000021 ], [ -2.6209778, 10.313915600000021 ], [ -2.6231039, 10.315957700000018 ], [ -2.6250243, 10.317782400000018 ], [ -2.6271138, 10.319798500000019 ], [ -2.6292112, 10.321822500000019 ], [ -2.6311129, 10.32378570000002 ], [ -2.6329717, 10.325642 ], [ -2.6348466, 10.32751430000002 ], [ -2.6367362, 10.32942610000002 ], [ -2.6388592, 10.331562100000021 ], [ -2.6405744, 10.333305100000022 ], [ -2.6424453, 10.335206200000021 ], [ -2.6451811, 10.337963600000021 ], [ -2.6470077, 10.339834400000022 ], [ -2.6487458, 10.341570600000022 ], [ -2.6505579, 10.343423500000021 ], [ -2.6525063, 10.345362500000022 ], [ -2.6543637, 10.347245 ], [ -2.6562184, 10.349139500000023 ], [ -2.6578506, 10.350677400000022 ], [ -2.659847, 10.352558400000021 ], [ -2.6618135, 10.354411300000022 ], [ -2.6639217, 10.356367800000022 ], [ -2.6661251, 10.358468 ], [ -2.6683853, 10.360602200000022 ], [ -2.6704757, 10.362576100000021 ], [ -2.6716223, 10.364415100000022 ], [ -2.6731432, 10.366773900000021 ], [ -2.6746532, 10.369095700000022 ], [ -2.6760346, 10.371425400000023 ], [ -2.677483, 10.37373660000002 ], [ -2.6790614, 10.375524100000021 ], [ -2.6806909, 10.377367 ], [ -2.6826556, 10.379594 ], [ -2.6844755, 10.381656900000021 ], [ -2.6862443, 10.383658400000023 ], [ -2.6879892, 10.385632800000021 ], [ -2.6898235, 10.387716300000022 ], [ -2.6915592, 10.38968780000002 ], [ -2.6934823, 10.391860300000021 ], [ -2.6955691, 10.394201800000021 ], [ -2.6977277, 10.396647500000022 ], [ -2.699858, 10.399061300000021 ], [ -2.702044, 10.401553 ], [ -2.704128, 10.403857400000021 ], [ -2.7065575, 10.406585 ], [ -2.7086735, 10.4089841 ], [ -2.7107066, 10.4110079 ], [ -2.7128013, 10.4130375 ], [ -2.714903, 10.4150682 ], [ -2.7171113, 10.4172446 ], [ -2.7184848, 10.4185707 ], [ -2.7197844, 10.4193615 ] ] } },
{ "type": "Feature", "properties": { "line_id": 672757915, "circuits": 1.0, "tag_frequency": 50.0, "tag_type": "line", "voltage": 161000, "bus0": null, "bus1": null, "length": null, "underground": false, "under_construction": "False", "dc": false, "country": "GH" }, "geometry": { "type": "LineString", "coordinates": [ [ -1.7070571, 8.0883698 ], [ -1.7071832, 8.0877065 ], [ -1.7072376, 8.0875628 ], [ -1.7081694, 8.0851036 ], [ -1.7093822, 8.081841500000026 ], [ -1.7104997, 8.078849200000025 ], [ -1.7118159, 8.075354 ], [ -1.7134944, 8.0708965 ], [ -1.7146992, 8.067749700000025 ], [ -1.715867, 8.064561700000025 ], [ -1.7171411, 8.061194400000025 ], [ -1.7183297, 8.057886200000025 ], [ -1.7198888, 8.05390810000001 ], [ -1.720721, 8.050277300000026 ], [ -1.7213042, 8.0476837 ], [ -1.7220903, 8.0441878 ], [ -1.7227706, 8.041162200000025 ], [ -1.7234412, 8.038179600000026 ], [ -1.7241791, 8.035026 ], [ -1.7248808, 8.031901500000027 ], [ -1.7256938, 8.028333200000027 ], [ -1.7265447, 8.024377300000028 ], [ -1.7274626, 8.020505700000028 ], [ -1.728112, 8.017552200000027 ], [ -1.7288832, 8.014179800000027 ], [ -1.7296673, 8.010456400000027 ], [ -1.7299872, 8.0091427 ], [ -1.7305592, 8.006793800000027 ], [ -1.7314254, 8.002881600000027 ], [ -1.732239, 7.9992069 ], [ -1.7336512, 7.995835300000013 ], [ -1.735172, 7.992167200000013 ], [ -1.7365345, 7.988873500000013 ], [ -1.7376396, 7.986241300000013 ], [ -1.7388573, 7.983279600000013 ], [ -1.7402017, 7.980020600000013 ], [ -1.7418212, 7.976094500000013 ], [ -1.7435163, 7.972022400000013 ], [ -1.7448682, 7.968765800000012 ], [ -1.7461181, 7.965727 ], [ -1.747494, 7.962395900000013 ], [ -1.74876, 7.959301200000013 ], [ -1.7499915, 7.9563496 ], [ -1.7512438, 7.953348300000013 ], [ -1.7524561, 7.950410300000013 ], [ -1.7537248, 7.947352700000013 ], [ -1.7549774, 7.944305800000013 ], [ -1.75634, 7.941027700000013 ], [ -1.7575389, 7.938100200000012 ], [ -1.758931, 7.934742400000013 ], [ -1.7602265, 7.931642200000012 ], [ -1.7619592, 7.927484700000012 ], [ -1.7633835, 7.924033800000013 ], [ -1.7649204, 7.920293200000012 ], [ -1.7662534, 7.917102600000012 ], [ -1.7676133, 7.913816300000012 ], [ -1.7689517, 7.910588500000012 ], [ -1.7702338, 7.907517300000012 ], [ -1.7727782, 7.9013403 ], [ -1.7742732, 7.897751200000012 ], [ -1.7757136, 7.894236300000012 ], [ -1.7769769, 7.891143800000012 ], [ -1.7783341, 7.887875900000012 ], [ -1.7800703, 7.883670300000012 ], [ -1.7816515, 7.879840200000012 ], [ -1.7828268, 7.876993300000011 ], [ -1.7844978, 7.872944200000012 ], [ -1.7859167, 7.869527400000011 ], [ -1.7871398, 7.866517 ], [ -1.7884031, 7.863517300000011 ], [ -1.7896852, 7.860352800000012 ], [ -1.7911631, 7.856874800000011 ], [ -1.7924666, 7.853667700000011 ], [ -1.7938077, 7.850402200000011 ], [ -1.795055, 7.847386400000011 ], [ -1.7963666, 7.844216500000011 ], [ -1.7976916, 7.840964200000012 ], [ -1.798963, 7.837956300000012 ], [ -1.8002477, 7.834823500000011 ], [ -1.8015754, 7.831619 ], [ -1.8030721, 7.828010500000011 ], [ -1.8043998, 7.824516200000011 ], [ -1.8056363, 7.821266400000011 ], [ -1.8067816, 7.818213200000011 ], [ -1.807825, 7.8154726 ], [ -1.808981, 7.812436200000011 ], [ -1.8099734, 7.810012800000012 ], [ -1.8116149, 7.806002800000011 ], [ -1.813117, 7.802359600000011 ], [ -1.8159467, 7.795554 ], [ -1.8175668, 7.791607700000012 ], [ -1.8194363, 7.787095300000011 ], [ -1.8206996, 7.784044500000012 ], [ -1.8219602, 7.780956500000012 ], [ -1.8230787, 7.778301700000012 ], [ -1.8243232, 7.775367700000012 ], [ -1.8255088, 7.772601200000012 ], [ -1.8267855, 7.769616800000012 ], [ -1.828824, 7.764867600000012 ], [ -1.8304709, 7.760394800000012 ], [ -1.8318549, 7.757006300000012 ], [ -1.8331879, 7.753785200000012 ], [ -1.8346846, 7.750091 ], [ -1.8361035, 7.746612100000012 ], [ -1.8374419, 7.743367 ], [ -1.8387991, 7.740052700000011 ], [ -1.8401536, 7.736765100000011 ], [ -1.8414009, 7.733748500000011 ], [ -1.8426374, 7.730761100000011 ], [ -1.8445981, 7.725990200000012 ], [ -1.8459016, 7.722803400000012 ], [ -1.8470737, 7.719927600000012 ], [ -1.8484229, 7.716677 ], [ -1.8501234, 7.712578500000012 ], [ -1.851368, 7.709582900000012 ], [ -1.8526608, 7.706430600000012 ], [ -1.8540166, 7.703252600000011 ], [ -1.8553364, 7.700080700000011 ], [ -1.8566615, 7.696799200000011 ], [ -1.8579541, 7.6936082 ], [ -1.8590607, 7.690942 ], [ -1.8606044, 7.687237800000011 ], [ -1.862026, 7.68379270000001 ], [ -1.8629586, 7.68151930000001 ], [ -1.8648368, 7.676940900000011 ], [ -1.8667055, 7.672385500000011 ], [ -1.8679793, 7.669277600000011 ], [ -1.8701168, 7.66472 ], [ -1.8717468, 7.661764500000011 ], [ -1.873744, 7.6586585 ], [ -1.8754549, 7.655997800000011 ], [ -1.8770823, 7.653430100000011 ], [ -1.8794329, 7.649645300000011 ], [ -1.88109, 7.647243400000011 ], [ -1.8828145, 7.644571200000011 ], [ -1.8846497, 7.6417096 ], [ -1.8865145, 7.638801700000011 ], [ -1.8901328, 7.6331706 ], [ -1.8920467, 7.6301919 ], [ -1.8955714, 7.6247065 ], [ -1.8973262, 7.621975400000011 ], [ -1.9006847, 7.6167261 ], [ -1.9045835, 7.6106322 ], [ -1.9100818, 7.6020382 ], [ -1.9117742, 7.599393 ], [ -1.9138806, 7.5960986 ], [ -1.9155326, 7.5934687 ], [ -1.9182774, 7.5892146 ], [ -1.9196878, 7.5870076 ], [ -1.9221685, 7.5830937 ], [ -1.9244637, 7.5794997 ], [ -1.925978, 7.5771143 ] ] } },
{ "type": "Feature", "properties": { "line_id": 672760691, "circuits": 1.0, "tag_frequency": 50.0, "tag_type": "line", "voltage": 161000, "bus0": null, "bus1": null, "length": null, "underground": false, "under_construction": "False", "dc": false, "country": "GH" }, "geometry": { "type": "LineString", "coordinates": [ [ -1.4500554, 8.780506800000012 ], [ -1.4500452, 8.780951600000016 ] ] } },
{ "type": "Feature", "properties": { "line_id": 672810576, "circuits": 1.0, "tag_frequency": 50.0, "tag_type": "line", "voltage": 161000, "bus0": null, "bus1": null, "length": null, "underground": false, "under_construction": "False", "dc": false, "country": "GH" }, "geometry": { "type": "LineString", "coordinates": [ [ -0.2338538, 11.0568041 ], [ -0.233776, 11.0565803 ], [ -0.2350152, 11.0566435 ], [ -0.2357098, 11.0556379 ], [ -0.2364676, 11.0521394 ], [ -0.2368605, 11.0502203 ], [ -0.2373648, 11.0480169 ], [ -0.2379736, 11.0456187 ], [ -0.2401248, 11.0445183 ], [ -0.2423, 11.0433969 ], [ -0.2444217, 11.0423202 ], [ -0.2463421, 11.0416462 ], [ -0.2483565, 11.0409302 ], [ -0.2505532, 11.0401509 ], [ -0.2528679, 11.039169 ], [ -0.2553946, 11.0380765 ], [ -0.2572534, 11.0372682 ], [ -0.2590129, 11.0365338 ], [ -0.26173, 11.0354149 ], [ -0.2641627, 11.0344356 ], [ -0.2667457, 11.0333693 ], [ -0.2690095, 11.0322005 ], [ -0.2713698, 11.0312237 ], [ -0.2737731, 11.0303997 ], [ -0.2757981, 11.0295862 ], [ -0.2777427, 11.0287885 ], [ -0.2797598, 11.0279434 ], [ -0.2820772, 11.0270036 ], [ -0.2837026, 11.0255977 ], [ -0.2854192, 11.0241023 ], [ -0.2875006, 11.0223226 ], [ -0.2893299, 11.020743 ], [ -0.2910841, 11.019216 ], [ -0.2928865, 11.0176942 ], [ -0.2947855, 11.0160672 ], [ -0.2966577, 11.0144717 ], [ -0.2984762, 11.0129289 ], [ -0.3002894, 11.0113334 ], [ -0.3022125, 11.0093983 ], [ -0.3039989, 11.0076211 ], [ -0.3057638, 11.0061072 ], [ -0.3077593, 11.0046065 ], [ -0.30972, 11.0030978 ], [ -0.3123459, 11.0028266 ], [ -0.3147116, 11.0026186 ], [ -0.3174663, 11.0023501 ], [ -0.320017, 11.0021026 ], [ -0.3228173, 11.0017392 ], [ -0.3256014, 11.0013706 ], [ -0.3284258, 11.0009994 ], [ -0.3310999, 11.0008151 ], [ -0.3335756, 11.0006545 ], [ -0.3358421, 11.0004991 ], [ -0.3381085, 11.0003596 ], [ -0.3407103, 11.0001937 ], [ -0.3433308, 11.0000173 ], [ -0.3460211, 10.9996408 ], [ -0.348537, 10.9993038 ], [ -0.351195, 10.9990615 ], [ -0.3539041, 10.9988088 ], [ -0.3564522, 10.9985692 ], [ -0.3587642, 10.9983506 ], [ -0.3609502, 10.9972711 ], [ -0.3632864, 10.9961047 ], [ -0.3655154, 10.9950094 ], [ -0.3674197, 10.9940773 ], [ -0.3696567, 10.9929531 ], [ -0.3719661, 10.9918182 ], [ -0.3743613, 10.9906307 ], [ -0.3765231, 10.9895696 ], [ -0.3789559, 10.9883637 ], [ -0.3812197, 10.9872499 ], [ -0.3836739, 10.9860756 ], [ -0.3860047, 10.9849302 ], [ -0.388467, 10.9836953 ], [ -0.3908327, 10.9825262 ], [ -0.3935283, 10.9812597 ], [ -0.3957117, 10.9801169 ], [ -0.3979272, 10.9790426 ], [ -0.4004136, 10.9777577 ], [ -0.4029322, 10.9765254 ], [ -0.4054481, 10.9752694 ], [ -0.4076448, 10.974195 ], [ -0.4099757, 10.9730233 ], [ -0.4122528, 10.9719121 ], [ -0.4144266, 10.9707913 ], [ -0.4166683, 10.9696849 ], [ -0.4192105, 10.9684352 ], [ -0.421364, 10.9668272 ], [ -0.423501, 10.9652316 ], [ -0.4257952, 10.9642624 ], [ -0.4279433, 10.9633549 ], [ -0.4303918, 10.9623061 ], [ -0.4328505, 10.9612824 ], [ -0.4350129, 10.960382 ], [ -0.4375879, 10.9593097 ], [ -0.4400232, 10.9581047 ], [ -0.4422466, 10.9570046 ], [ -0.444674, 10.9558034 ], [ -0.4468573, 10.9547231 ], [ -0.4493558, 10.9534942 ], [ -0.4518403, 10.952255 ], [ -0.4542966, 10.9510484 ], [ -0.4565735, 10.9499185 ], [ -0.4593603, 10.9485407 ], [ -0.4599326, 10.9482498 ], [ -0.4602402, 10.9479465 ] ] } },
{ "type": "Feature", "properties": { "line_id": 672964208, "circuits": 1.0, "tag_frequency": 50.0, "tag_type": "line", "voltage": 161000, "bus0": null, "bus1": null, "length": null, "underground": false, "under_construction": "False", "dc": false, "country": "GH" }, "geometry": { "type": "LineString", "coordinates": [ [ -0.9953061, 6.3777629 ], [ -0.9942875, 6.383291300000019 ], [ -0.9925434, 6.38586130000002 ], [ -0.988613, 6.392415700000019 ], [ -0.9825616, 6.40172220000002 ], [ -0.9823899, 6.40517790000002 ], [ -0.9822498, 6.40787610000002 ], [ -0.9816456, 6.41907820000002 ], [ -0.9800081, 6.42028420000002 ], [ -0.9774231, 6.422138 ], [ -0.9753551, 6.423642 ], [ -0.9705278, 6.42719690000002 ], [ -0.9676887, 6.42931980000002 ], [ -0.9655362, 6.43083370000002 ], [ -0.9584223, 6.436068400000019 ], [ -0.9555155, 6.438165300000019 ], [ -0.9535273, 6.439599900000019 ], [ -0.9515794, 6.441015900000019 ], [ -0.9484935, 6.443292700000018 ], [ -0.9418979, 6.448111500000018 ], [ -0.9400164, 6.450351600000018 ], [ -0.938289, 6.452345200000018 ], [ -0.9350999, 6.456021800000018 ], [ -0.9327462, 6.458791600000018 ], [ -0.9314581, 6.46031280000002 ], [ -0.9285191, 6.46150410000002 ], [ -0.9248444, 6.46306860000002 ], [ -0.9223098, 6.46412260000002 ], [ -0.9188604, 6.46557780000002 ], [ -0.9158148, 6.466859800000019 ], [ -0.9125049, 6.46823760000002 ], [ -0.9091911, 6.46965020000002 ], [ -0.9062152, 6.47088280000002 ], [ -0.9029482, 6.472264 ], [ -0.8969401, 6.47481780000002 ], [ -0.8938354, 6.47608640000002 ], [ -0.8910741, 6.479097900000021 ], [ -0.8871795, 6.483527300000021 ], [ -0.8851397, 6.485772600000021 ], [ -0.8831924, 6.487967900000021 ], [ -0.8810862, 6.490312500000021 ], [ -0.8789022, 6.492787600000021 ], [ -0.8776604, 6.494188700000021 ], [ -0.8754053, 6.496641200000021 ], [ -0.8730101, 6.499340800000021 ], [ -0.871726, 6.500778500000021 ], [ -0.8691564, 6.503632100000021 ], [ -0.8670241, 6.506055100000022 ], [ -0.8654214, 6.507816 ], [ -0.862239, 6.509131100000022 ], [ -0.8591189, 6.510409 ], [ -0.855799, 6.511740100000021 ], [ -0.8524704, 6.513140500000021 ], [ -0.8500631, 6.51409590000002 ], [ -0.846709, 6.515470900000021 ], [ -0.8438391, 6.51663820000002 ], [ -0.8414505, 6.517645500000021 ], [ -0.8388086, 6.518706100000021 ], [ -0.836526, 6.51965010000002 ], [ -0.8348101, 6.52065410000002 ], [ -0.8325999, 6.52190330000002 ], [ -0.8300069, 6.52344950000002 ], [ -0.8278531, 6.52473130000002 ], [ -0.8246934, 6.52654410000002 ], [ -0.8222164, 6.52799710000002 ], [ -0.8195614, 6.52957170000002 ], [ -0.8168607, 6.53114020000002 ], [ -0.8140343, 6.532767700000019 ], [ -0.811564, 6.534215400000019 ], [ -0.8084889, 6.536030100000019 ], [ -0.8061393, 6.537379800000019 ], [ -0.8037843, 6.538753500000019 ], [ -0.8008942, 6.540465600000019 ], [ -0.7980102, 6.542149700000019 ], [ -0.7960749, 6.543297600000019 ], [ -0.7959133, 6.546398600000019 ], [ -0.7957564, 6.549102700000019 ], [ -0.7955472, 6.55282460000002 ], [ -0.7953957, 6.55551990000002 ], [ -0.7952294, 6.558521 ], [ -0.7950148, 6.562254800000019 ], [ -0.7948244, 6.565652200000019 ], [ -0.7944395, 6.568098300000019 ], [ -0.7929347, 6.568746500000019 ], [ -0.7917915, 6.569270100000019 ] ] } },
{ "type": "Feature", "properties": { "line_id": 673224382, "circuits": 2.0, "tag_frequency": 50.0, "tag_type": "line", "voltage": 161000, "bus0": null, "bus1": null, "length": null, "underground": false, "under_construction": "False", "dc": false, "country": "GH" }, "geometry": { "type": "LineString", "coordinates": [ [ -0.7917915, 6.569270100000019 ], [ -0.7899132, 6.56811170000002 ], [ -0.7872136, 6.56644890000002 ], [ -0.7857236, 6.565625600000019 ], [ -0.7835886, 6.564426500000019 ], [ -0.7819954, 6.563571100000019 ], [ -0.7798067, 6.562470700000019 ], [ -0.7780418, 6.561611300000019 ], [ -0.7759121, 6.560545400000018 ], [ -0.7758142, 6.560365600000019 ] ] } },
{ "type": "Feature", "properties": { "line_id": 673224383, "circuits": 1.0, "tag_frequency": 50.0, "tag_type": "line", "voltage": 161000, "bus0": null, "bus1": null, "length": null, "underground": false, "under_construction": "False", "dc": false, "country": "GH" }, "geometry": { "type": "LineString", "coordinates": [ [ -0.7917915, 6.569270100000019 ], [ -0.793589200000012, 6.570599099999986 ], [ -0.796901700000012, 6.573026499999986 ], [ -0.800309500000011, 6.575507199999989 ], [ -0.802455200000011, 6.577078 ], [ -0.805067700000011, 6.579139 ], [ -0.811208600000011, 6.584003099999989 ], [ -0.812463200000012, 6.584996799999986 ], [ -0.815085100000012, 6.587073499999986 ], [ -0.818560700000012, 6.589826499999986 ], [ -0.821528400000011, 6.591766099999987 ], [ -0.828118600000011, 6.595878699999987 ], [ -0.831641700000011, 6.597819799999987 ], [ -0.833273300000011, 6.598359699999987 ], [ -0.835876900000011, 6.599221299999988 ], [ -0.839497900000011, 6.600364299999987 ], [ -0.842664200000011, 6.601318199999987 ], [ -0.845751500000011, 6.602290699999987 ], [ -0.849899500000011, 6.602761 ], [ -0.853329300000011, 6.603135 ], [ -0.856180300000011, 6.603445899999986 ], [ -0.858854100000011, 6.603737499999987 ], [ -0.861488, 6.603547 ], [ -0.864901100000012, 6.603260499999988 ], [ -0.86713, 6.603058 ], [ -0.870688, 6.602718299999988 ], [ -0.873505600000011, 6.602435899999988 ], [ -0.876818200000011, 6.602228099999988 ], [ -0.883798600000011, 6.601679199999988 ], [ -0.886954200000011, 6.601352799999988 ], [ -0.890170900000011, 6.601059099999988 ], [ -0.894165300000011, 6.601014399999988 ], [ -0.897944600000011, 6.600991799999988 ], [ -0.902033600000012, 6.600979199999987 ], [ -0.905747100000011, 6.600967799999988 ], [ -0.908552700000011, 6.600918499999988 ], [ -0.918753100000011, 6.600869199999988 ], [ -0.922451900000011, 6.600879899999988 ], [ -0.927577600000011, 6.601157 ], [ -0.932271500000011, 6.601406099999988 ], [ -0.935633600000012, 6.601552599999987 ], [ -0.946063400000012, 6.602201399999987 ], [ -0.949390700000012, 6.602391899999986 ], [ -0.953965200000012, 6.602597099999986 ], [ -0.956879400000012, 6.602697 ], [ -0.960703800000012, 6.602911599999986 ], [ -0.965170100000012, 6.603203299999986 ], [ -0.968946700000012, 6.603612199999986 ], [ -0.972845300000011, 6.603649499999986 ], [ -0.976801500000011, 6.603890699999986 ], [ -0.981551700000011, 6.604214399999986 ], [ -0.985670200000011, 6.604343599999986 ], [ -0.987318500000012, 6.604488799999986 ], [ -0.990193800000012, 6.604904499999986 ], [ -0.993954200000012, 6.605461299999986 ], [ -0.997353900000011, 6.605971599999986 ], [ -1.001048700000011, 6.606536399999986 ], [ -1.005509200000011, 6.607249199999987 ], [ -1.009174400000011, 6.608108399999987 ], [ -1.013181700000011, 6.609038299999987 ], [ -1.016927400000011, 6.610133399999985 ], [ -1.019183100000012, 6.610816799999984 ], [ -1.022008800000012, 6.611648 ], [ -1.024894900000012, 6.611597399999985 ], [ -1.027919100000012, 6.611553499999985 ], [ -1.032123400000012, 6.611509499999985 ], [ -1.035735, 6.611437599999984 ], [ -1.038665300000012, 6.611402899999985 ], [ -1.041723, 6.610144 ], [ -1.044102800000012, 6.609150199999985 ], [ -1.048203900000012, 6.607492899999985 ], [ -1.051213400000012, 6.606272 ], [ -1.055346, 6.604578099999985 ], [ -1.059010600000012, 6.603034699999985 ], [ -1.061858400000012, 6.601933699999985 ], [ -1.066106300000012, 6.600219799999985 ], [ -1.070895400000012, 6.598298 ], [ -1.073355, 6.597234899999985 ], [ -1.076327600000012, 6.596282399999986 ], [ -1.079821100000012, 6.595162 ], [ -1.081753700000012, 6.594582499999986 ], [ -1.084293700000012, 6.593961599999986 ], [ -1.087861100000012, 6.593123699999986 ], [ -1.092604500000012, 6.592027199999986 ], [ -1.096107500000012, 6.591178599999986 ], [ -1.099385200000012, 6.590721599999986 ], [ -1.102638700000012, 6.590226 ], [ -1.105292700000012, 6.589827699999987 ], [ -1.108076900000012, 6.590587099999985 ], [ -1.11265, 6.591743499999986 ], [ -1.115683600000012, 6.592490899999985 ], [ -1.119246900000012, 6.593403399999985 ], [ -1.125821, 6.595075399999986 ], [ -1.129773300000012, 6.596091899999986 ], [ -1.133458600000012, 6.597020399999986 ], [ -1.136962900000011, 6.598936199999986 ], [ -1.140763600000011, 6.601053099999985 ], [ -1.143889700000011, 6.602749 ], [ -1.147965300000011, 6.604972399999985 ], [ -1.151642700000011, 6.606988 ], [ -1.155696800000011, 6.609204799999985 ], [ -1.158892700000011, 6.610924699999986 ], [ -1.162465400000011, 6.612887 ], [ -1.166605400000012, 6.614441599999986 ], [ -1.170085500000012, 6.615748499999986 ], [ -1.173803100000012, 6.617084699999986 ], [ -1.177650700000012, 6.618498099999986 ], [ -1.181469500000012, 6.619936199999986 ], [ -1.185140800000012, 6.621295599999986 ], [ -1.189101, 6.622762299999986 ], [ -1.192884300000012, 6.624151799999987 ], [ -1.196823100000012, 6.625619799999987 ], [ -1.200308700000012, 6.626918699999987 ], [ -1.203885400000012, 6.628241499999986 ], [ -1.207479500000012, 6.629568299999987 ], [ -1.211469300000012, 6.631058899999987 ], [ -1.214706800000012, 6.632271199999987 ], [ -1.217216600000012, 6.633165 ], [ -1.218471200000012, 6.633935 ], [ -1.219342900000012, 6.634449199999986 ] ] } },
{ "type": "Feature", "properties": { "line_id": 673456722, "circuits": 2.0, "tag_frequency": 50.0, "tag_type": "line", "voltage": 161000, "bus0": null, "bus1": null, "length": null, "underground": false, "under_construction": "False", "dc": false, "country": "GH" }, "geometry": { "type": "LineString", "coordinates": [ [ -1.6596839, 6.2749867 ], [ -1.6588645, 6.2770983 ], [ -1.6578171, 6.2797658 ], [ -1.6565229, 6.2830651 ], [ -1.6552864, 6.2862244 ] ] } },
{ "type": "Feature", "properties": { "line_id": 673456723, "circuits": 2.0, "tag_frequency": 50.0, "tag_type": "line", "voltage": 161000, "bus0": null, "bus1": null, "length": null, "underground": false, "under_construction": "False", "dc": false, "country": "GH" }, "geometry": { "type": "LineString", "coordinates": [ [ -1.6341908, 6.3788505 ], [ -1.6345838, 6.3821531 ], [ -1.6349097, 6.3846681 ] ] } },
{ "type": "Feature", "properties": { "line_id": 673456725, "circuits": 1.0, "tag_frequency": 50.0, "tag_type": "line", "voltage": 161000, "bus0": null, "bus1": null, "length": null, "underground": false, "under_construction": "False", "dc": false, "country": "GH" }, "geometry": { "type": "LineString", "coordinates": [ [ -1.6552864, 6.2862244 ], [ -1.6551442, 6.2890064 ], [ -1.6549216, 6.2931108 ], [ -1.654927, 6.296514 ], [ -1.6549223, 6.2988735 ], [ -1.6549444, 6.302206 ], [ -1.6528335, 6.3042575 ], [ -1.6502358, 6.30677680000001 ], [ -1.6476622, 6.3092855 ], [ -1.6461709, 6.3107424 ], [ -1.6444637, 6.31542650000001 ], [ -1.6435678, 6.3180165 ], [ -1.6423823, 6.3215368 ], [ -1.6413456, 6.3245626 ], [ -1.6402352, 6.3278403 ], [ -1.639045, 6.3313145 ], [ -1.6381095, 6.334065 ], [ -1.6367617, 6.3380584 ], [ -1.6365418, 6.34100150000001 ], [ -1.6362736, 6.34504150000001 ], [ -1.6361032, 6.3474833 ], [ -1.635831, 6.3515366 ], [ -1.6356231, 6.3545889 ], [ -1.6353562, 6.3586248 ], [ -1.6351175, 6.3620489 ], [ -1.6347058, 6.3663753 ], [ -1.6343048, 6.37060830000001 ], [ -1.6339079, 6.37454550000001 ], [ -1.6340031, 6.3759076 ], [ -1.6341908, 6.3788505 ] ] } },
{ "type": "Feature", "properties": { "line_id": 673456726, "circuits": 2.0, "tag_frequency": 50.0, "tag_type": "line", "voltage": 161000, "bus0": null, "bus1": null, "length": null, "underground": false, "under_construction": "False", "dc": false, "country": "GH" }, "geometry": { "type": "LineString", "coordinates": [ [ -1.6367309, 6.46079650000001 ], [ -1.6365347, 6.463906800000011 ], [ -1.6367094, 6.46684380000001 ], [ -1.6368469, 6.46921710000001 ], [ -1.6370581, 6.472783 ], [ -1.6372553, 6.476375600000011 ], [ -1.6374457, 6.47975490000001 ], [ -1.6376804, 6.48355390000001 ] ] } },
{ "type": "Feature", "properties": { "line_id": 673456727, "circuits": 1.0, "tag_frequency": 50.0, "tag_type": "line", "voltage": 161000, "bus0": null, "bus1": null, "length": null, "underground": false, "under_construction": "False", "dc": false, "country": "GH" }, "geometry": { "type": "LineString", "coordinates": [ [ -1.6349097, 6.3846681 ], [ -1.6356339, 6.3883959 ], [ -1.6362119, 6.3931805 ], [ -1.6367228, 6.3972814 ], [ -1.6371037, 6.4003428 ], [ -1.6373988, 6.4027044 ], [ -1.6378279, 6.4061415 ], [ -1.6383006, 6.4098851 ], [ -1.6386782, 6.413009 ], [ -1.6387627, 6.41585570000001 ] ] } },
{ "type": "Feature", "properties": { "line_id": 673456729, "circuits": 2.0, "tag_frequency": 50.0, "tag_type": "line", "voltage": 161000, "bus0": null, "bus1": null, "length": null, "underground": false, "under_construction": "False", "dc": false, "country": "GH" }, "geometry": { "type": "LineString", "coordinates": [ [ -1.6387627, 6.41585570000001 ], [ -1.6392796, 6.41997240000001 ], [ -1.6387747, 6.4243576 ], [ -1.6386373, 6.42696370000001 ] ] } },
{ "type": "Feature", "properties": { "line_id": 673456730, "circuits": 1.0, "tag_frequency": 50.0, "tag_type": "line", "voltage": 161000, "bus0": null, "bus1": null, "length": null, "underground": false, "under_construction": "False", "dc": false, "country": "GH" }, "geometry": { "type": "LineString", "coordinates": [ [ -1.6386373, 6.42696370000001 ], [ -1.6386969, 6.43060720000001 ], [ -1.6385306, 6.433611 ], [ -1.6383013, 6.43770090000001 ], [ -1.6380472, 6.44225920000001 ], [ -1.6378292, 6.446225800000011 ], [ -1.6376348, 6.449882500000011 ], [ -1.6373733, 6.454138900000011 ], [ -1.6372351, 6.456824100000011 ], [ -1.6367309, 6.46079650000001 ] ] } },
{ "type": "Feature", "properties": { "line_id": 673456733, "circuits": 1.0, "tag_frequency": 50.0, "tag_type": "line", "voltage": 161000, "bus0": null, "bus1": null, "length": null, "underground": false, "under_construction": "False", "dc": false, "country": "GH" }, "geometry": { "type": "LineString", "coordinates": [ [ -1.6376804, 6.48355390000001 ], [ -1.6381739, 6.48752350000001 ], [ -1.6383389, 6.49040570000001 ], [ -1.638528, 6.49335590000001 ], [ -1.6387251, 6.496879 ], [ -1.6389062, 6.500077 ], [ -1.639112, 6.50359870000001 ], [ -1.6391315, 6.507524200000011 ], [ -1.6391543, 6.511297700000011 ], [ -1.6391918, 6.514806100000011 ], [ -1.6392341, 6.519047200000011 ], [ -1.6392508, 6.521885300000011 ], [ -1.6392776, 6.526727300000011 ], [ -1.6393219, 6.529683900000011 ], [ -1.6391744, 6.534384600000011 ], [ -1.639053, 6.538321800000011 ], [ -1.6389625, 6.541562800000011 ], [ -1.6384636, 6.54246680000001 ], [ -1.6344476, 6.549776800000012 ], [ -1.632963, 6.552479500000012 ], [ -1.6310111, 6.556042200000012 ], [ -1.6293132, 6.559135800000012 ], [ -1.6300683, 6.563768300000011 ], [ -1.6306517, 6.567187 ], [ -1.6311465, 6.570124800000011 ], [ -1.6315582, 6.572525500000011 ], [ -1.6298054, 6.578468900000011 ], [ -1.6288573, 6.581708900000011 ], [ -1.6280164, 6.584572 ] ] } },
{ "type": "Feature", "properties": { "line_id": 673456734, "circuits": 2.0, "tag_frequency": 50.0, "tag_type": "line", "voltage": 161000, "bus0": null, "bus1": null, "length": null, "underground": false, "under_construction": "False", "dc": false, "country": "GH" }, "geometry": { "type": "LineString", "coordinates": [ [ -1.6282813, 6.584646799999959 ], [ -1.6271158, 6.588568700000011 ], [ -1.6261227, 6.591920700000011 ], [ -1.6254094, 6.594348100000012 ], [ -1.6249278, 6.597469400000011 ], [ -1.6243069, 6.601583300000011 ], [ -1.6237879, 6.604925800000011 ], [ -1.6232018, 6.608689300000011 ], [ -1.6225836, 6.612677800000011 ], [ -1.6219734, 6.616630400000011 ], [ -1.6214155, 6.62015660000001 ], [ -1.6208482, 6.62391070000001 ], [ -1.6202691, 6.627665200000012 ], [ -1.6195795, 6.632136600000011 ], [ -1.6189586, 6.636161 ], [ -1.6183624, 6.639947500000011 ], [ -1.6177851, 6.643742 ], [ -1.6176094, 6.644868599999989 ], [ -1.6169858, 6.648866600000011 ], [ -1.6164292, 6.652459200000011 ], [ -1.6158648, 6.656173700000012 ], [ -1.6151632, 6.660789900000011 ], [ -1.6147341, 6.663644500000011 ], [ -1.6148226, 6.666369900000011 ], [ -1.6149554, 6.670052900000011 ], [ -1.6150667, 6.673589400000011 ], [ -1.6152115, 6.676639800000011 ] ] } },
{ "type": "Feature", "properties": { "line_id": 673458919, "circuits": 1.0, "tag_frequency": 50.0, "tag_type": "line", "voltage": 161000, "bus0": null, "bus1": null, "length": null, "underground": false, "under_construction": "False", "dc": false, "country": "GH" }, "geometry": { "type": "LineString", "coordinates": [ [ -1.6150975, 6.676761 ], [ -1.6145276, 6.674920100000011 ], [ -1.6135137, 6.671751300000011 ], [ -1.6114873, 6.665365500000011 ], [ -1.610633, 6.662601500000011 ], [ -1.6112683, 6.660097500000012 ], [ -1.611899, 6.657611600000011 ], [ -1.6126782, 6.654694400000012 ], [ -1.6126889, 6.652335300000012 ], [ -1.6127948, 6.646761900000012 ], [ -1.6128431, 6.643603500000012 ], [ -1.6121789, 6.641004700000011 ], [ -1.6112606, 6.637274600000011 ], [ -1.6094582, 6.633971 ], [ -1.6078542, 6.631018300000012 ], [ -1.6062965, 6.628155500000012 ], [ -1.6027366, 6.627298300000011 ], [ -1.5993127, 6.626436400000011 ], [ -1.5963703, 6.625738400000011 ], [ -1.5945604, 6.626581399999818 ], [ -1.5934615, 6.627093200000011 ], [ -1.5912259, 6.62812690000001 ], [ -1.5873688, 6.62992260000001 ], [ -1.5831497, 6.63189550000001 ], [ -1.5793222, 6.63364730000001 ], [ -1.5757629, 6.63532710000001 ], [ -1.5729292, 6.63666720000001 ], [ -1.5692988, 6.63834830000001 ], [ -1.5655893, 6.64132420000001 ], [ -1.5615942, 6.644512 ], [ -1.5583554, 6.647109500000011 ], [ -1.5545051, 6.650176 ], [ -1.552472, 6.651749200000011 ], [ -1.5507285, 6.655939900000011 ], [ -1.5496127, 6.65852010000001 ], [ -1.5483011, 6.66171040000001 ], [ -1.5472832, 6.663847 ], [ -1.5468702, 6.66510710000001 ], [ -1.5465303, 6.665193099999987 ], [ -1.5443111, 6.66575490000001 ], [ -1.540217, 6.66668860000001 ], [ -1.5400551, 6.6667527 ], [ -1.5396291, 6.666878 ], [ -1.5387297, 6.66716770000001 ], [ -1.5379257, 6.66956540000001 ], [ -1.53706, 6.67219220000001 ], [ -1.5361561, 6.67490550000001 ], [ -1.5341358, 6.677234600000011 ], [ -1.53365, 6.6777893 ], [ -1.5335571, 6.67789620000001 ], [ -1.5331788, 6.67832740000001 ], [ -1.5305074, 6.680466600000011 ], [ -1.5281479, 6.68240350000001 ], [ -1.5256915, 6.68442 ], [ -1.5240499, 6.687379600000011 ], [ -1.5224835, 6.690287300000011 ], [ -1.5220289, 6.690973300000011 ], [ -1.5212564, 6.692481100000052 ], [ -1.5205818, 6.693746400000052 ], [ -1.5200937, 6.6940928 ] ] } },
{ "type": "Feature", "properties": { "line_id": 673458921, "circuits": 1.0, "tag_frequency": 50.0, "tag_type": "line", "voltage": 161000, "bus0": null, "bus1": null, "length": null, "underground": false, "under_construction": "False", "dc": false, "country": "GH" }, "geometry": { "type": "LineString", "coordinates": [ [ -1.615921, 6.6766571 ], [ -1.6159531, 6.67567140000001 ], [ -1.6157573, 6.671989700000011 ], [ -1.6162616, 6.66995970000001 ], [ -1.618335, 6.6689367 ], [ -1.6332152, 6.6882681 ] ] } },
{ "type": "Feature", "properties": { "line_id": 673459117, "circuits": 1.0, "tag_frequency": 50.0, "tag_type": "line", "voltage": 161000, "bus0": null, "bus1": null, "length": null, "underground": false, "under_construction": "False", "dc": false, "country": "GH" }, "geometry": { "type": "LineString", "coordinates": [ [ -2.3412968, 7.028094200000052 ], [ -2.341425, 7.027653300000011 ] ] } },
{ "type": "Feature", "properties": { "line_id": 673459118, "circuits": 2.0, "tag_frequency": 50.0, "tag_type": "line", "voltage": 161000, "bus0": null, "bus1": null, "length": null, "underground": false, "under_construction": "False", "dc": false, "country": "GH" }, "geometry": { "type": "LineString", "coordinates": [ [ -2.3409006, 7.027510800000011 ], [ -2.340786, 7.027929400000052 ] ] } },
{ "type": "Feature", "properties": { "line_id": 673695266, "circuits": 1.0, "tag_frequency": 50.0, "tag_type": "line", "voltage": 161000, "bus0": null, "bus1": null, "length": null, "underground": false, "under_construction": "False", "dc": false, "country": "GH" }, "geometry": { "type": "LineString", "coordinates": [ [ -1.7795364, 5.963582799999977 ], [ -1.7796001, 5.9632034 ] ] } },
{ "type": "Feature", "properties": { "line_id": 673807078, "circuits": 1.0, "tag_frequency": 50.0, "tag_type": "line", "voltage": 161000, "bus0": null, "bus1": null, "length": null, "underground": false, "under_construction": "False", "dc": false, "country": "GH" }, "geometry": { "type": "LineString", "coordinates": [ [ -2.1373451, 5.4381759 ], [ -2.1349847, 5.4400798 ], [ -2.1337804, 5.4408648 ], [ -2.1292609, 5.443364 ], [ -2.1238509, 5.4468084 ], [ -2.1208763, 5.4492596 ], [ -2.1191087, 5.4507575 ], [ -2.1179782, 5.4531913 ], [ -2.1158887, 5.457988 ], [ -2.1147354, 5.4607876 ], [ -2.1141547, 5.4621319 ], [ -2.1104863, 5.4661336 ], [ -2.108691, 5.4681502 ], [ -2.1070308, 5.4701633 ], [ -2.1047053, 5.4720377 ], [ -2.1012077, 5.4750654 ], [ -2.0844707, 5.4893376 ], [ -2.0817576, 5.4915614 ], [ -2.0806063, 5.4925774 ], [ -2.0782895, 5.4945452 ], [ -2.075664, 5.4966381 ], [ -2.0743952, 5.4977713 ], [ -2.0720226, 5.4998903 ], [ -2.0701194, 5.5016004 ], [ -2.0681665, 5.5035197 ], [ -2.0663, 5.505269 ], [ -2.0645359, 5.5070366 ], [ -2.0627891, 5.5086679 ], [ -2.0610467, 5.5103837 ], [ -2.0591432, 5.5123322 ], [ -2.0573333, 5.5144192 ], [ -2.0568148, 5.5150244 ], [ -2.0542764, 5.5178929 ], [ -2.0514252, 5.5212461 ], [ -2.05152850000001, 5.5215612 ] ] } },
{ "type": "Feature", "properties": { "line_id": 673926576, "circuits": 2.0, "tag_frequency": 50.0, "tag_type": "line", "voltage": 161000, "bus0": null, "bus1": null, "length": null, "underground": false, "under_construction": "False", "dc": false, "country": "GH" }, "geometry": { "type": "LineString", "coordinates": [ [ -1.9817609, 5.3489134 ], [ -1.9836116, 5.3499508 ], [ -1.9849004, 5.3514424 ], [ -1.9861356, 5.3517455 ], [ -1.9882183, 5.3514891 ], [ -1.989778, 5.3513048 ], [ -1.9929806, 5.3533158 ], [ -1.9968161, 5.3557232 ], [ -1.9975028, 5.355611 ], [ -1.9988278, 5.3543105 ], [ -2.0014698, 5.353468 ], [ -2.0036584, 5.3542224 ], [ -2.0109259, 5.3476022 ], [ -2.0137194, 5.3462522 ], [ -2.0168254, 5.3446605 ], [ -2.0190047, 5.3435657 ], [ -2.0220343, 5.3398856 ] ] } },
{ "type": "Feature", "properties": { "line_id": 673926577, "circuits": 1.0, "tag_frequency": 50.0, "tag_type": "line", "voltage": 161000, "bus0": null, "bus1": null, "length": null, "underground": false, "under_construction": "False", "dc": false, "country": "GH" }, "geometry": { "type": "LineString", "coordinates": [ [ -2.000124599999988, 5.313316899999989 ], [ -1.999665899999988, 5.312928899999989 ], [ -1.999447299999988, 5.312774699999989 ], [ -1.9959497, 5.3135532 ], [ -1.9936578, 5.3160917 ], [ -1.9920968, 5.3180253 ], [ -1.9908187, 5.3195569 ], [ -1.9899631, 5.3207427 ], [ -1.9902091, 5.3237451 ], [ -1.9904056, 5.3260692 ], [ -1.990527, 5.3276336 ], [ -1.9915757, 5.3286638 ], [ -1.9914477, 5.3304103 ], [ -1.9908616, 5.3337846 ], [ -1.9894762, 5.335825 ], [ -1.9817609, 5.3489134 ] ] } },
{ "type": "Feature", "properties": { "line_id": 673926578, "circuits": 1.0, "tag_frequency": 50.0, "tag_type": "line", "voltage": 161000, "bus0": null, "bus1": null, "length": null, "underground": false, "under_construction": "False", "dc": false, "country": "GH" }, "geometry": { "type": "LineString", "coordinates": [ [ -1.983439899999989, 5.3429581 ], [ -1.985439499999989, 5.3451606 ], [ -1.987034099999989, 5.347012 ], [ -1.990195099999989, 5.3484554 ], [ -1.993116, 5.3497452 ], [ -1.995785499999989, 5.3509597 ], [ -1.997749499999989, 5.3529472 ], [ -1.999605599999989, 5.3548459 ], [ -2.0005873, 5.3580545 ], [ -2.0014067, 5.3607571 ], [ -2.0024742, 5.3642687 ], [ -2.0032936, 5.3670113 ], [ -2.0085602, 5.3689847 ], [ -2.0145616, 5.3712546 ], [ -2.0237093, 5.3749999 ], [ -2.0270607, 5.3763711 ], [ -2.0326397, 5.378685 ], [ -2.0350522, 5.3781428 ], [ -2.037748, 5.3775368 ], [ -2.043048, 5.3767904 ], [ -2.045808, 5.3762123 ], [ -2.048192499999988, 5.3787478 ], [ -2.050656799999988, 5.3815771 ], [ -2.053304799999988, 5.3846173 ], [ -2.055661099999988, 5.387277 ], [ -2.058064299999988, 5.390146299999989 ], [ -2.063583, 5.396368199999989 ], [ -2.065459199999989, 5.398857499999989 ], [ -2.067725699999988, 5.401807599999989 ], [ -2.069313499999989, 5.403918499999989 ], [ -2.071254099999989, 5.406416499999989 ], [ -2.074102599999989, 5.410184299999989 ], [ -2.077294399999989, 5.414353899999989 ], [ -2.079936399999989, 5.417798499999989 ], [ -2.0837975, 5.4230121 ], [ -2.086544, 5.4256115 ], [ -2.088929899999989, 5.427969299999989 ], [ -2.0947221, 5.4309692 ], [ -2.099829, 5.4331481 ], [ -2.1157198, 5.4353897 ], [ -2.1294004, 5.4374603 ] ] } },
{ "type": "Feature", "properties": { "line_id": 673959965, "circuits": 1.0, "tag_frequency": 50.0, "tag_type": "line", "voltage": 161000, "bus0": null, "bus1": null, "length": null, "underground": false, "under_construction": "False", "dc": false, "country": "GH" }, "geometry": { "type": "LineString", "coordinates": [ [ -1.245385899999986, 5.118807299999982 ], [ -1.244923199999986, 5.118558899999982 ] ] } },
{ "type": "Feature", "properties": { "line_id": 673959966, "circuits": 1.0, "tag_frequency": 50.0, "tag_type": "line", "voltage": 161000, "bus0": null, "bus1": null, "length": null, "underground": false, "under_construction": "False", "dc": false, "country": "GH" }, "geometry": { "type": "LineString", "coordinates": [ [ -1.404654099999986, 5.103055199999982 ], [ -1.401495199999986, 5.104053199999982 ], [ -1.397768899999987, 5.105159799999983 ] ] } },
{ "type": "Feature", "properties": { "line_id": 673959967, "circuits": 2.0, "tag_frequency": 50.0, "tag_type": "line", "voltage": 161000, "bus0": null, "bus1": null, "length": null, "underground": false, "under_construction": "False", "dc": false, "country": "GH" }, "geometry": { "type": "LineString", "coordinates": [ [ -1.484103799999987, 5.088539699999981 ], [ -1.481003199999987, 5.088709399999981 ], [ -1.477482799999987, 5.088917699999981 ], [ -1.473573399999987, 5.089146199999981 ], [ -1.470256899999987, 5.089338499999982 ], [ -1.466386499999987, 5.089924899999982 ], [ -1.462652799999987, 5.090488699999982 ], [ -1.458432399999988, 5.090795899999982 ], [ -1.453884699999987, 5.091145199999982 ], [ -1.450159099999987, 5.091686899999982 ], [ -1.446530099999987, 5.092213199999982 ], [ -1.442345799999987, 5.093031399999982 ], [ -1.438492199999987, 5.093782799999983 ], [ -1.434510399999987, 5.094562199999983 ], [ -1.430279899999987, 5.095691 ], [ -1.427569499999987, 5.096411 ], [ -1.424360899999987, 5.097263899999983 ], [ -1.421039, 5.098144199999983 ], [ -1.418883199999987, 5.098721199999983 ], [ -1.415839599999987, 5.099523399999983 ], [ -1.412962199999987, 5.100412399999983 ], [ -1.410058099999987, 5.101323399999983 ], [ -1.407472399999987, 5.102128799999983 ], [ -1.404654099999986, 5.103055199999982 ] ] } },
{ "type": "Feature", "properties": { "line_id": 673959968, "circuits": 1.0, "tag_frequency": 50.0, "tag_type": "line", "voltage": 161000, "bus0": null, "bus1": null, "length": null, "underground": false, "under_construction": "False", "dc": false, "country": "GH" }, "geometry": { "type": "LineString", "coordinates": [ [ -1.404654099999986, 5.103055199999982 ], [ -1.401463599999986, 5.103928199999983 ], [ -1.397768899999987, 5.105159799999983 ] ] } },
{ "type": "Feature", "properties": { "line_id": 673959970, "circuits": 1.0, "tag_frequency": 50.0, "tag_type": "line", "voltage": 161000, "bus0": null, "bus1": null, "length": null, "underground": false, "under_construction": "False", "dc": false, "country": "GH" }, "geometry": { "type": "LineString", "coordinates": [ [ -1.490321799999987, 5.088565799999982 ], [ -1.487298299999987, 5.088614499999982 ], [ -1.484103799999987, 5.088539699999981 ] ] } },
{ "type": "Feature", "properties": { "line_id": 673959973, "circuits": 2.0, "tag_frequency": 50.0, "tag_type": "line", "voltage": 161000, "bus0": null, "bus1": null, "length": null, "underground": false, "under_construction": "False", "dc": false, "country": "GH" }, "geometry": { "type": "LineString", "coordinates": [ [ -1.397768899999987, 5.105159799999983 ], [ -1.394196799999987, 5.106266399999983 ], [ -1.390819299999987, 5.107321 ], [ -1.383806599999987, 5.108564699999983 ], [ -1.381929099999987, 5.108457099999983 ], [ -1.378469, 5.108314899999983 ], [ -1.362365, 5.108252399999982 ], [ -1.358278699999987, 5.108353599999983 ], [ -1.350853699999987, 5.108417099999984 ], [ -1.347865, 5.108496499999983 ], [ -1.344222799999987, 5.108785199999982 ], [ -1.339102799999987, 5.109191099999983 ], [ -1.337543899999987, 5.109334099999983 ], [ -1.334568099999986, 5.109526799999982 ], [ -1.331451199999987, 5.109761499999983 ], [ -1.328203099999987, 5.110502899999983 ], [ -1.324144899999987, 5.111416499999983 ], [ -1.320220799999987, 5.112316799999983 ], [ -1.316231, 5.113234499999982 ], [ -1.312186899999987, 5.114151499999982 ], [ -1.308183099999987, 5.115052499999982 ], [ -1.304680099999987, 5.115889299999982 ], [ -1.300635299999987, 5.116787299999982 ], [ -1.296705599999987, 5.117728499999982 ], [ -1.293225699999987, 5.118466699999982 ], [ -1.2917653, 5.1188107 ], [ -1.289242199999987, 5.119410599999981 ], [ -1.285194499999987, 5.120299399999983 ], [ -1.281171899999987, 5.121217699999983 ], [ -1.277153899999987, 5.122133299999983 ], [ -1.273142699999987, 5.123045 ], [ -1.269710799999987, 5.123676099999982 ], [ -1.266008699999987, 5.123469099999983 ], [ -1.261947199999987, 5.123087099999982 ], [ -1.259322699999987, 5.122629799999982 ], [ -1.255515199999987, 5.121966399999982 ], [ -1.252233499999987, 5.121345199999982 ], [ -1.249132, 5.120855199999982 ], [ -1.246346799999986, 5.119335599999982 ], [ -1.245385899999986, 5.118807299999982 ] ] } },
{ "type": "Feature", "properties": { "line_id": 673959975, "circuits": 1.0, "tag_frequency": 50.0, "tag_type": "line", "voltage": 161000, "bus0": null, "bus1": null, "length": null, "underground": false, "under_construction": "False", "dc": false, "country": "GH" }, "geometry": { "type": "LineString", "coordinates": [ [ -1.490321799999987, 5.088565799999982 ], [ -1.487297, 5.088484899999981 ], [ -1.484103799999987, 5.088539699999981 ] ] } },
{ "type": "Feature", "properties": { "line_id": 674032284, "circuits": 1.0, "tag_frequency": 50.0, "tag_type": "line", "voltage": 161000, "bus0": null, "bus1": null, "length": null, "underground": false, "under_construction": "False", "dc": false, "country": "GH" }, "geometry": { "type": "LineString", "coordinates": [ [ -1.245385899999986, 5.118807299999982 ], [ -1.2436438, 5.1184961 ] ] } },
{ "type": "Feature", "properties": { "line_id": 674032285, "circuits": 1.0, "tag_frequency": 50.0, "tag_type": "line", "voltage": 161000, "bus0": null, "bus1": null, "length": null, "underground": false, "under_construction": "False", "dc": false, "country": "GH" }, "geometry": { "type": "LineString", "coordinates": [ [ -1.2445772, 5.118391899999983 ], [ -1.2436438, 5.1184961 ] ] } },
{ "type": "Feature", "properties": { "line_id": 674032286, "circuits": 1.0, "tag_frequency": 50.0, "tag_type": "line", "voltage": 161000, "bus0": null, "bus1": null, "length": null, "underground": false, "under_construction": "False", "dc": false, "country": "GH" }, "geometry": { "type": "LineString", "coordinates": [ [ -0.6463587, 5.388313099999984 ], [ -0.6459618, 5.388458599999984 ] ] } },
{ "type": "Feature", "properties": { "line_id": 674032287, "circuits": 2.0, "tag_frequency": 50.0, "tag_type": "line", "voltage": 161000, "bus0": null, "bus1": null, "length": null, "underground": false, "under_construction": "False", "dc": false, "country": "GH" }, "geometry": { "type": "LineString", "coordinates": [ [ -0.6758899, 5.371625799999983 ], [ -0.672403, 5.373616599999983 ], [ -0.6687109, 5.375683499999983 ], [ -0.66522, 5.377675599999983 ], [ -0.6615534, 5.379719799999983 ], [ -0.6580163, 5.381707299999984 ], [ -0.6543752, 5.383766099999984 ], [ -0.6511471, 5.385562 ], [ -0.6485749, 5.387084699999984 ], [ -0.6463587, 5.388313099999984 ] ] } },
{ "type": "Feature", "properties": { "line_id": 674032288, "circuits": 1.0, "tag_frequency": 50.0, "tag_type": "line", "voltage": 161000, "bus0": null, "bus1": null, "length": null, "underground": false, "under_construction": "False", "dc": false, "country": "GH" }, "geometry": { "type": "LineString", "coordinates": [ [ -0.682708, 5.367824399999984 ], [ -0.6791085, 5.369764499999984 ], [ -0.6758899, 5.371625799999983 ] ] } },
{ "type": "Feature", "properties": { "line_id": 674032289, "circuits": 1.0, "tag_frequency": 50.0, "tag_type": "line", "voltage": 161000, "bus0": null, "bus1": null, "length": null, "underground": false, "under_construction": "False", "dc": false, "country": "GH" }, "geometry": { "type": "LineString", "coordinates": [ [ -0.682708, 5.367824399999984 ], [ -0.6791635, 5.36989 ], [ -0.6758899, 5.371625799999983 ] ] } },
{ "type": "Feature", "properties": { "line_id": 674032290, "circuits": 1.0, "tag_frequency": 50.0, "tag_type": "line", "voltage": 161000, "bus0": null, "bus1": null, "length": null, "underground": false, "under_construction": "False", "dc": false, "country": "GH" }, "geometry": { "type": "LineString", "coordinates": [ [ -0.7518668, 5.334763399999986 ], [ -0.7486756, 5.335764899999985 ], [ -0.7452102, 5.336706299999985 ] ] } },
{ "type": "Feature", "properties": { "line_id": 674032291, "circuits": 2.0, "tag_frequency": 50.0, "tag_type": "line", "voltage": 161000, "bus0": null, "bus1": null, "length": null, "underground": false, "under_construction": "False", "dc": false, "country": "GH" }, "geometry": { "type": "LineString", "coordinates": [ [ -0.7452102, 5.336706299999985 ], [ -0.7418883, 5.337889299999985 ], [ -0.7383934, 5.339124499999985 ], [ -0.7349756, 5.340335599999985 ], [ -0.7319195, 5.341736 ], [ -0.728785, 5.343157 ], [ -0.7258594, 5.344500299999985 ], [ -0.723263, 5.345654 ], [ -0.7206713, 5.347066 ], [ -0.7171147, 5.349013499999985 ], [ -0.7134824, 5.350976399999984 ], [ -0.7098607, 5.352949199999984 ], [ -0.7065958, 5.354727099999985 ], [ -0.7029708, 5.356699299999985 ], [ -0.6993498, 5.358656099999985 ], [ -0.6957261, 5.360626899999985 ], [ -0.6924156, 5.362427399999985 ], [ -0.6888543, 5.364360199999984 ], [ -0.6856062, 5.366160099999984 ], [ -0.682708, 5.367824399999984 ] ] } },
{ "type": "Feature", "properties": { "line_id": 674032292, "circuits": 1.0, "tag_frequency": 50.0, "tag_type": "line", "voltage": 161000, "bus0": null, "bus1": null, "length": null, "underground": false, "under_construction": "False", "dc": false, "country": "GH" }, "geometry": { "type": "LineString", "coordinates": [ [ -0.7518668, 5.334763399999986 ], [ -0.74863, 5.335635399999985 ], [ -0.7452102, 5.336706299999985 ] ] } },
{ "type": "Feature", "properties": { "line_id": 674032293, "circuits": 2.0, "tag_frequency": 50.0, "tag_type": "line", "voltage": 161000, "bus0": null, "bus1": null, "length": null, "underground": false, "under_construction": "False", "dc": false, "country": "GH" }, "geometry": { "type": "LineString", "coordinates": [ [ -0.8152185, 5.323099499999986 ], [ -0.8115958, 5.323637699999986 ], [ -0.805745, 5.324506899999986 ], [ -0.8022527, 5.325023699999986 ], [ -0.7976474, 5.325706 ], [ -0.7949449, 5.326106 ], [ -0.7903531, 5.326785599999986 ], [ -0.787337, 5.327233 ], [ -0.7828999, 5.327895299999986 ], [ -0.7779325, 5.328625 ], [ -0.7756493, 5.328962199999985 ], [ -0.7735236, 5.329451599999985 ], [ -0.7713627, 5.329976199999986 ], [ -0.7684412, 5.330685499999985 ], [ -0.7650425, 5.331510599999985 ], [ -0.7616568, 5.332351199999986 ], [ -0.7583356, 5.333149699999986 ], [ -0.7549613, 5.333991399999985 ], [ -0.7518668, 5.334763399999986 ] ] } },
{ "type": "Feature", "properties": { "line_id": 674032294, "circuits": 1.0, "tag_frequency": 50.0, "tag_type": "line", "voltage": 161000, "bus0": null, "bus1": null, "length": null, "underground": false, "under_construction": "False", "dc": false, "country": "GH" }, "geometry": { "type": "LineString", "coordinates": [ [ -0.8258535, 5.321535799999986 ], [ -0.8212287, 5.322287599999986 ], [ -0.8152185, 5.323099499999986 ] ] } },
{ "type": "Feature", "properties": { "line_id": 674032295, "circuits": 1.0, "tag_frequency": 50.0, "tag_type": "line", "voltage": 161000, "bus0": null, "bus1": null, "length": null, "underground": false, "under_construction": "False", "dc": false, "country": "GH" }, "geometry": { "type": "LineString", "coordinates": [ [ -0.8258535, 5.321535799999986 ], [ -0.821222, 5.322148699999986 ], [ -0.8152185, 5.323099499999986 ] ] } },
{ "type": "Feature", "properties": { "line_id": 674032296, "circuits": 1.0, "tag_frequency": 50.0, "tag_type": "line", "voltage": 161000, "bus0": null, "bus1": null, "length": null, "underground": false, "under_construction": "False", "dc": false, "country": "GH" }, "geometry": { "type": "LineString", "coordinates": [ [ -0.8939937, 5.303364499999986 ], [ -0.8900817, 5.305348799999986 ], [ -0.886163, 5.307168899999986 ] ] } },
{ "type": "Feature", "properties": { "line_id": 674032297, "circuits": 2.0, "tag_frequency": 50.0, "tag_type": "line", "voltage": 161000, "bus0": null, "bus1": null, "length": null, "underground": false, "under_construction": "False", "dc": false, "country": "GH" }, "geometry": { "type": "LineString", "coordinates": [ [ -0.886163, 5.307168899999986 ], [ -0.8831991, 5.308601699999985 ], [ -0.8816582, 5.309351499999986 ], [ -0.8788727, 5.310388399999986 ], [ -0.8762696, 5.311203 ], [ -0.8741306, 5.311878699999986 ], [ -0.8723509, 5.312368799999986 ], [ -0.8698243, 5.313061799999987 ], [ -0.8670649, 5.313632799999986 ], [ -0.8638483, 5.314298299999987 ], [ -0.8614022, 5.314815099999986 ], [ -0.857753, 5.315574899999986 ], [ -0.8538048, 5.316385499999987 ], [ -0.8503012, 5.317114599999987 ], [ -0.8472984, 5.317733499999987 ], [ -0.8434682, 5.318525299999987 ], [ -0.8405024, 5.319141599999987 ], [ -0.8367265, 5.319912699999986 ], [ -0.8329238, 5.320485599999986 ], [ -0.8288844, 5.321080499999987 ], [ -0.8258535, 5.321535799999986 ] ] } },
{ "type": "Feature", "properties": { "line_id": 674032298, "circuits": 1.0, "tag_frequency": 50.0, "tag_type": "line", "voltage": 161000, "bus0": null, "bus1": null, "length": null, "underground": false, "under_construction": "False", "dc": false, "country": "GH" }, "geometry": { "type": "LineString", "coordinates": [ [ -0.8939937, 5.303364499999986 ], [ -0.8900093, 5.305224599999986 ], [ -0.886163, 5.307168899999986 ] ] } },
{ "type": "Feature", "properties": { "line_id": 674032299, "circuits": 1.0, "tag_frequency": 50.0, "tag_type": "line", "voltage": 161000, "bus0": null, "bus1": null, "length": null, "underground": false, "under_construction": "False", "dc": false, "country": "GH" }, "geometry": { "type": "LineString", "coordinates": [ [ -0.9618489, 5.272387299999986 ], [ -0.9584445, 5.273225899999986 ], [ -0.9545271, 5.274028499999986 ] ] } },
{ "type": "Feature", "properties": { "line_id": 674032300, "circuits": 2.0, "tag_frequency": 50.0, "tag_type": "line", "voltage": 161000, "bus0": null, "bus1": null, "length": null, "underground": false, "under_construction": "False", "dc": false, "country": "GH" }, "geometry": { "type": "LineString", "coordinates": [ [ -0.9545271, 5.274028499999986 ], [ -0.9516746, 5.275422699999986 ], [ -0.9486618, 5.276870299999986 ], [ -0.9412722, 5.280454299999986 ], [ -0.9373757, 5.282344199999987 ], [ -0.9344897, 5.283737 ], [ -0.9319751, 5.284962899999986 ], [ -0.9279652, 5.286899199999985 ], [ -0.9240398, 5.288808799999986 ], [ -0.9207876, 5.290383899999986 ], [ -0.9166221, 5.292409099999986 ], [ -0.9125787, 5.294356 ], [ -0.9078647, 5.296646199999986 ], [ -0.904583, 5.29823 ], [ -0.901119, 5.299925899999986 ], [ -0.8974752, 5.301687299999986 ], [ -0.8939937, 5.303364499999986 ] ] } },
{ "type": "Feature", "properties": { "line_id": 674032301, "circuits": 1.0, "tag_frequency": 50.0, "tag_type": "line", "voltage": 161000, "bus0": null, "bus1": null, "length": null, "underground": false, "under_construction": "False", "dc": false, "country": "GH" }, "geometry": { "type": "LineString", "coordinates": [ [ -0.9618489, 5.272387299999986 ], [ -0.9584083, 5.273095 ], [ -0.9545271, 5.274028499999986 ] ] } },
{ "type": "Feature", "properties": { "line_id": 674032302, "circuits": 1.0, "tag_frequency": 50.0, "tag_type": "line", "voltage": 161000, "bus0": null, "bus1": null, "length": null, "underground": false, "under_construction": "False", "dc": false, "country": "GH" }, "geometry": { "type": "LineString", "coordinates": [ [ -1.0987186, 5.216846899999987 ], [ -1.0948522, 5.218722 ], [ -1.0887811, 5.221455899999987 ] ] } },
{ "type": "Feature", "properties": { "line_id": 674032303, "circuits": 2.0, "tag_frequency": 50.0, "tag_type": "line", "voltage": 161000, "bus0": null, "bus1": null, "length": null, "underground": false, "under_construction": "False", "dc": false, "country": "GH" }, "geometry": { "type": "LineString", "coordinates": [ [ -1.0887811, 5.221455899999987 ], [ -1.0858896, 5.222812799999987 ], [ -1.0829868, 5.224145 ], [ -1.0800666, 5.225517199999987 ], [ -1.0763423, 5.227256099999988 ], [ -1.0731116, 5.228766599999988 ], [ -1.0692492, 5.230552199999988 ], [ -1.0656591, 5.232238899999987 ], [ -1.0632478, 5.233370099999987 ], [ -1.0609773, 5.234421199999987 ], [ -1.0574234, 5.236083899999986 ], [ -1.0544099, 5.237478099999986 ], [ -1.0515144, 5.238799 ], [ -1.0491715, 5.239920799999986 ], [ -1.0451724, 5.241921299999986 ], [ -1.0422957, 5.243362299999986 ], [ -1.0386338, 5.245225399999986 ], [ -1.0349733, 5.247080299999985 ], [ -1.0316374, 5.248709799999985 ], [ -1.0284823, 5.250309499999985 ], [ -1.0249861, 5.252008299999985 ], [ -1.0224515, 5.253281899999986 ], [ -1.0195948, 5.254705899999985 ], [ -1.016293, 5.256384599999985 ], [ -1.0129403, 5.257976499999986 ], [ -1.0088128, 5.259754099999986 ], [ -1.0057723, 5.261008 ], [ -1.0021967, 5.262499699999986 ], [ -0.9984604, 5.263915199999986 ], [ -0.9944612, 5.264968199999986 ], [ -0.9924576, 5.265535099999986 ], [ -0.9907738, 5.265983799999986 ], [ -0.9861732, 5.266960099999985 ], [ -0.9821894, 5.267852099999986 ], [ -0.9782117, 5.268722799999986 ], [ -0.9741247, 5.269643 ], [ -0.9697728, 5.270629799999986 ], [ -0.9654752, 5.271584699999986 ], [ -0.9618489, 5.272387299999986 ] ] } },
{ "type": "Feature", "properties": { "line_id": 674032304, "circuits": 1.0, "tag_frequency": 50.0, "tag_type": "line", "voltage": 161000, "bus0": null, "bus1": null, "length": null, "underground": false, "under_construction": "False", "dc": false, "country": "GH" }, "geometry": { "type": "LineString", "coordinates": [ [ -1.0987186, 5.216846899999987 ], [ -1.0947892, 5.218624499999987 ], [ -1.0887811, 5.221455899999987 ] ] } },
{ "type": "Feature", "properties": { "line_id": 674032305, "circuits": 2.0, "tag_frequency": 50.0, "tag_type": "line", "voltage": 161000, "bus0": null, "bus1": null, "length": null, "underground": false, "under_construction": "False", "dc": false, "country": "GH" }, "geometry": { "type": "LineString", "coordinates": [ [ -1.1575268, 5.188552799999987 ], [ -1.1549431, 5.189800099999988 ], [ -1.1497691, 5.192165499999988 ], [ -1.1460368, 5.194318499999988 ], [ -1.1437503, 5.195523199999988 ], [ -1.1409768, 5.196981599999988 ], [ -1.1371869, 5.198914199999987 ], [ -1.1338502, 5.200575699999987 ], [ -1.1300281, 5.202540299999987 ], [ -1.1247374, 5.205147399999987 ], [ -1.1229182, 5.205966099999987 ], [ -1.1206397, 5.206980499999987 ], [ -1.1168423, 5.208697299999987 ], [ -1.113153, 5.210340099999986 ], [ -1.1103353, 5.211602199999986 ], [ -1.107582, 5.212861599999987 ], [ -1.1040053, 5.214463 ], [ -1.1013821, 5.215627599999987 ], [ -1.0987186, 5.216846899999987 ] ] } },
{ "type": "Feature", "properties": { "line_id": 674032306, "circuits": 1.0, "tag_frequency": 50.0, "tag_type": "line", "voltage": 161000, "bus0": null, "bus1": null, "length": null, "underground": false, "under_construction": "False", "dc": false, "country": "GH" }, "geometry": { "type": "LineString", "coordinates": [ [ -1.1632224, 5.185796599999988 ], [ -1.1612273, 5.186833199999987 ], [ -1.1575268, 5.188552799999987 ] ] } },
{ "type": "Feature", "properties": { "line_id": 674032307, "circuits": 1.0, "tag_frequency": 50.0, "tag_type": "line", "voltage": 161000, "bus0": null, "bus1": null, "length": null, "underground": false, "under_construction": "False", "dc": false, "country": "GH" }, "geometry": { "type": "LineString", "coordinates": [ [ -1.1632224, 5.185796599999988 ], [ -1.161194, 5.186713499999987 ], [ -1.1575268, 5.188552799999987 ] ] } },
{ "type": "Feature", "properties": { "line_id": 674032308, "circuits": 2.0, "tag_frequency": 50.0, "tag_type": "line", "voltage": 161000, "bus0": null, "bus1": null, "length": null, "underground": false, "under_construction": "False", "dc": false, "country": "GH" }, "geometry": { "type": "LineString", "coordinates": [ [ -1.2436438, 5.1184961 ], [ -1.2400845, 5.1216431 ], [ -1.2369356, 5.124551 ], [ -1.2342292, 5.1269861 ], [ -1.2289251, 5.1321367 ], [ -1.2274995, 5.1334697 ], [ -1.2245989, 5.136064899999983 ], [ -1.2223443, 5.138082 ], [ -1.2195267, 5.1406238 ], [ -1.2157508, 5.1441207 ], [ -1.2133214, 5.146321799999989 ], [ -1.2109483, 5.1484436 ], [ -1.2086771, 5.1505294 ], [ -1.2044694, 5.1543094 ], [ -1.2032041, 5.1554761 ], [ -1.198932, 5.159280099999989 ], [ -1.196831, 5.1612879 ], [ -1.1940659, 5.1639302 ], [ -1.1913275, 5.1665317 ], [ -1.1886343, 5.1691206 ], [ -1.1857218, 5.171936299999987 ], [ -1.1832766, 5.1743002 ], [ -1.1804523, 5.176973499999989 ], [ -1.17937, 5.178036 ], [ -1.1754982, 5.179885199999989 ], [ -1.1691776, 5.182910399999988 ], [ -1.1673998, 5.183772 ], [ -1.1632224, 5.185796599999988 ] ] } },
{ "type": "Feature", "properties": { "line_id": 674065452, "circuits": 1.0, "tag_frequency": 50.0, "tag_type": "line", "voltage": 161000, "bus0": null, "bus1": null, "length": null, "underground": false, "under_construction": "False", "dc": false, "country": "GH" }, "geometry": { "type": "LineString", "coordinates": [ [ -0.2839078, 5.579882 ], [ -0.2835859, 5.5805306 ], [ -0.2831635, 5.5806121 ] ] } },
{ "type": "Feature", "properties": { "line_id": 674065453, "circuits": 1.0, "tag_frequency": 50.0, "tag_type": "line", "voltage": 161000, "bus0": null, "bus1": null, "length": null, "underground": false, "under_construction": "False", "dc": false, "country": "GH" }, "geometry": { "type": "LineString", "coordinates": [ [ -0.2839078, 5.579882 ], [ -0.2831152, 5.5802637 ] ] } },
{ "type": "Feature", "properties": { "line_id": 674065454, "circuits": 1.0, "tag_frequency": 50.0, "tag_type": "line", "voltage": 161000, "bus0": null, "bus1": null, "length": null, "underground": false, "under_construction": "False", "dc": false, "country": "GH" }, "geometry": { "type": "LineString", "coordinates": [ [ -0.3138466, 5.563814 ], [ -0.3103369, 5.5656507 ], [ -0.3100096, 5.565829800000012 ], [ -0.3070875, 5.5674286 ] ] } },
{ "type": "Feature", "properties": { "line_id": 674065455, "circuits": 1.0, "tag_frequency": 50.0, "tag_type": "line", "voltage": 161000, "bus0": null, "bus1": null, "length": null, "underground": false, "under_construction": "False", "dc": false, "country": "GH" }, "geometry": { "type": "LineString", "coordinates": [ [ -0.3138466, 5.563814 ], [ -0.3106018, 5.5656293 ], [ -0.3070875, 5.5674286 ] ] } },
{ "type": "Feature", "properties": { "line_id": 674065456, "circuits": 2.0, "tag_frequency": 50.0, "tag_type": "line", "voltage": 161000, "bus0": null, "bus1": null, "length": null, "underground": false, "under_construction": "False", "dc": false, "country": "GH" }, "geometry": { "type": "LineString", "coordinates": [ [ -0.3070875, 5.5674286 ], [ -0.303388, 5.5694107 ], [ -0.2996027, 5.5714596 ], [ -0.2961078, 5.5733189 ], [ -0.2920336, 5.5755274 ], [ -0.2885056, 5.5774165 ], [ -0.284797, 5.5794155 ], [ -0.2839078, 5.579882 ] ] } },
{ "type": "Feature", "properties": { "line_id": 674065461, "circuits": 2.0, "tag_frequency": 50.0, "tag_type": "line", "voltage": 161000, "bus0": null, "bus1": null, "length": null, "underground": false, "under_construction": "False", "dc": false, "country": "GH" }, "geometry": { "type": "LineString", "coordinates": [ [ -0.6449814, 5.3889326 ], [ -0.6426211, 5.3912158 ], [ -0.6399576, 5.3937192 ], [ -0.6377234, 5.3957981 ], [ -0.6356433, 5.3978101 ], [ -0.6337591, 5.3997648 ], [ -0.6313747, 5.4022254 ], [ -0.6287178, 5.4050306 ], [ -0.6262542, 5.4075006 ], [ -0.6232099, 5.4106889 ], [ -0.6205975, 5.4133699 ], [ -0.614832, 5.4192097 ], [ -0.6138859, 5.4201469 ], [ -0.6121887, 5.4221416 ], [ -0.6068619, 5.4284259 ], [ -0.6041783, 5.4315393 ], [ -0.6020594, 5.4341293 ], [ -0.5993758, 5.4372401 ], [ -0.5969283, 5.4402173 ], [ -0.5942501, 5.4433533 ], [ -0.59182, 5.4463145 ], [ -0.5891016, 5.4495439 ], [ -0.5869612, 5.4520618 ], [ -0.5847095, 5.4548667 ], [ -0.5824779, 5.457713 ], [ -0.5795945, 5.4612628 ], [ -0.5767983, 5.4648287 ], [ -0.5745842, 5.4676896 ], [ -0.5720857, 5.4708135 ], [ -0.5694142, 5.4741216 ], [ -0.5669251, 5.4772695 ], [ -0.5645527, 5.4803119 ], [ -0.5623063, 5.4830553 ], [ -0.5584373, 5.4878811 ], [ -0.5560353, 5.4893069 ], [ -0.5533759, 5.4908995 ], [ -0.5499383, 5.4931674 ], [ -0.5473872, 5.4947148 ], [ -0.5459999, 5.4953342 ], [ -0.5427691, 5.4973166 ], [ -0.5392353, 5.4994484 ], [ -0.5357914, 5.5015269 ], [ -0.5321699, 5.5037467 ], [ -0.529053, 5.5056572 ], [ -0.525607, 5.5076676 ], [ -0.5220665, 5.509758 ], [ -0.5180928, 5.5121622 ], [ -0.514378, 5.5143941 ], [ -0.5063602, 5.5163625 ], [ -0.5027694, 5.5172375 ], [ -0.4984818, 5.5182814 ], [ -0.4966432, 5.5187352 ], [ -0.4948233, 5.5191918 ], [ -0.4916891, 5.5199366 ], [ -0.4886314, 5.5207129 ], [ -0.4829854, 5.5219723 ], [ -0.4796648, 5.522602400000017 ], [ -0.4764918, 5.523333900000019 ], [ -0.4735328, 5.523857300000018 ], [ -0.4727648, 5.5244705 ], [ -0.4696897, 5.5253629 ], [ -0.466864, 5.5262212 ], [ -0.4641724, 5.5268553 ], [ -0.4614687, 5.5275201 ], [ -0.4582306, 5.5283143 ], [ -0.4545888, 5.529186 ], [ -0.4465295, 5.5311949 ], [ -0.4461712, 5.531279900000017 ], [ -0.4424749, 5.532202300000018 ], [ -0.442822, 5.530854500000017 ] ] } },
{ "type": "Feature", "properties": { "line_id": 674066013, "circuits": 1.0, "tag_frequency": 50.0, "tag_type": "line", "voltage": 161000, "bus0": null, "bus1": null, "length": null, "underground": false, "under_construction": "False", "dc": false, "country": "GH" }, "geometry": { "type": "LineString", "coordinates": [ [ -0.6455916, 5.388629499999984 ], [ -0.6449814, 5.3889326 ] ] } },
{ "type": "Feature", "properties": { "line_id": 674068906, "circuits": 1.0, "tag_frequency": 50.0, "tag_type": "line", "voltage": 225000, "bus0": null, "bus1": null, "length": null, "underground": false, "under_construction": "False", "dc": false, "country": "GH" }, "geometry": { "type": "LineString", "coordinates": [ [ -2.7515602, 5.2889878 ], [ -2.7501936, 5.2890025 ], [ -2.7303064, 5.2879088 ], [ -2.7125314, 5.28697 ], [ -2.7085429, 5.286763 ], [ -2.6793769, 5.2852409 ], [ -2.6727958, 5.2848975 ], [ -2.651892, 5.2838518 ], [ -2.6477158, 5.2846477 ], [ -2.6439017, 5.2854223 ], [ -2.6409231, 5.2860325 ], [ -2.6327974, 5.2875963 ], [ -2.6283335, 5.2884476 ], [ -2.6217601, 5.2897289 ], [ -2.6181833, 5.2903986 ], [ -2.6153281, 5.2910162 ], [ -2.6041125, 5.2932196 ], [ -2.5919741, 5.2956567 ], [ -2.5875418, 5.2965127 ], [ -2.5826025, 5.2974888 ], [ -2.5716537, 5.2996735 ], [ -2.5658983, 5.3007981 ], [ -2.5628581, 5.3013921 ], [ -2.5596428, 5.3020491 ], [ -2.5566716, 5.3026394 ], [ -2.5527958, 5.3033651 ], [ -2.541393, 5.3056319 ], [ -2.5234678, 5.3091586 ], [ -2.5211464, 5.3095993 ], [ -2.5097483, 5.3119161 ], [ -2.5072968, 5.3123194 ], [ -2.5026043, 5.3132501 ], [ -2.4983905, 5.3140553 ], [ -2.4846362, 5.3166993 ], [ -2.4797411, 5.3176807 ], [ -2.4759096, 5.3184312 ], [ -2.4720083, 5.3191843 ], [ -2.4687521, 5.3198747 ], [ -2.4641384, 5.3207182 ], [ -2.4585222, 5.3218697 ], [ -2.4517979, 5.3231663 ], [ -2.4486879, 5.3237738 ], [ -2.4413238, 5.3251946 ], [ -2.4382259, 5.3257728 ], [ -2.4326992, 5.326837 ], [ -2.4303013, 5.3272657 ], [ -2.4273355, 5.3286538 ], [ -2.415702, 5.3341705 ], [ -2.4138366, 5.3349717 ], [ -2.4117981, 5.3359879 ], [ -2.4080873, 5.3377491 ], [ -2.3940445, 5.3443775 ], [ -2.3649198, 5.3580051 ], [ -2.3576617, 5.3613779 ], [ -2.3424469, 5.3685441 ], [ -2.3335487, 5.3726472 ], [ -2.3241341, 5.3770374 ], [ -2.3179919, 5.379868 ], [ -2.3067427, 5.3850753 ], [ -2.3027569, 5.3869232 ], [ -2.299082, 5.3886247 ], [ -2.2939593, 5.3909608 ], [ -2.2876118, 5.393842 ], [ -2.2803256, 5.3960651 ], [ -2.2736429, 5.3980478 ], [ -2.2681537, 5.3996633 ], [ -2.2480439, 5.4056087 ], [ -2.2439307, 5.4068451 ], [ -2.2403003, 5.4079145 ], [ -2.2366358, 5.4089846 ], [ -2.2317441, 5.4104499 ], [ -2.2249226, 5.4124673 ], [ -2.2136807, 5.4158105 ], [ -2.2103415, 5.4168064 ], [ -2.2055778, 5.4182163 ], [ -2.2017261, 5.4193165 ], [ -2.1981856, 5.4203645 ], [ -2.1937372, 5.4216716 ], [ -2.18951, 5.4229146 ], [ -2.1857201, 5.4239666 ], [ -2.1695906, 5.4285821 ], [ -2.1606226, 5.4314125 ] ] } },
{ "type": "Feature", "properties": { "line_id": 674074972, "circuits": 1.0, "tag_frequency": 50.0, "tag_type": "line", "voltage": 161000, "bus0": null, "bus1": null, "length": null, "underground": false, "under_construction": "False", "dc": false, "country": "GH" }, "geometry": { "type": "LineString", "coordinates": [ [ -2.6442853, 5.132365800000039 ], [ -2.6236179, 5.1217171 ], [ -2.5996305, 5.1092165 ], [ -2.5967752, 5.1077807 ], [ -2.5880234, 5.1032294 ], [ -2.5696609, 5.094376500000038 ], [ -2.5608471, 5.0891154 ], [ -2.5536225, 5.087199 ], [ -2.5495048, 5.0861208 ], [ -2.5449761, 5.0849122 ], [ -2.5406944, 5.0837696 ], [ -2.5365482, 5.081363 ], [ -2.5188719, 5.071297 ], [ -2.5039613, 5.0628464 ], [ -2.4956632, 5.0580631 ], [ -2.4934788, 5.0558961 ], [ -2.4839065, 5.0462811 ], [ -2.4585271, 5.0206997 ], [ -2.4521435, 5.0142175 ], [ -2.4489861, 5.0110824 ], [ -2.4464526, 5.0084454 ], [ -2.4418249, 5.0024679 ], [ -2.4365532, 4.9955603 ], [ -2.4356581, 4.9942995 ], [ -2.434161, 4.9924198 ], [ -2.4307044, 4.9879392 ], [ -2.4282009, 4.9846941 ], [ -2.4260432, 4.9818973 ], [ -2.4242521, 4.9795755 ], [ -2.4216456, 4.9761968 ], [ -2.4191749, 4.9729942 ], [ -2.4158405, 4.9725142 ], [ -2.4134468, 4.9721696 ], [ -2.4101947, 4.9717013 ], [ -2.4073411, 4.9712905 ], [ -2.404491, 4.9708802 ], [ -2.398219, 4.9690667 ], [ -2.3947489, 4.9680633 ], [ -2.3913518, 4.9670811 ], [ -2.3874556, 4.9659545 ], [ -2.3828411, 4.9645935 ], [ -2.3802091, 4.9638398 ], [ -2.3772726, 4.9630098 ], [ -2.3732719, 4.9618533 ], [ -2.3705544, 4.9600222 ], [ -2.3672627, 4.9578609 ], [ -2.364262, 4.9558563 ], [ -2.3607066, 4.9535216 ], [ -2.356912, 4.9510066 ], [ -2.3537135, 4.9490018 ], [ -2.3477308, 4.9452661 ], [ -2.3448104, 4.9434298 ], [ -2.3444695, 4.943114 ] ] } },
{ "type": "Feature", "properties": { "line_id": 674074974, "circuits": 1.0, "tag_frequency": 50.0, "tag_type": "line", "voltage": 161000, "bus0": null, "bus1": null, "length": null, "underground": false, "under_construction": "False", "dc": false, "country": "GH" }, "geometry": { "type": "LineString", "coordinates": [ [ -2.3442066, 4.9428481 ], [ -2.343638, 4.9420978 ], [ -2.327906, 4.9392586 ], [ -2.304878, 4.9235236 ], [ -2.298901, 4.920117599999978 ], [ -2.2956355, 4.918292899999978 ], [ -2.2898256, 4.915672199999978 ], [ -2.2864501, 4.914201 ], [ -2.2839931, 4.9131157 ], [ -2.2780932, 4.907902899999979 ], [ -2.2769846, 4.907697699999979 ], [ -2.275523, 4.9074354 ], [ -2.2733106, 4.9070385 ], [ -2.2707062, 4.9065712 ], [ -2.2673435, 4.9032215 ], [ -2.266296, 4.9019591 ], [ -2.2642102, 4.899419 ], [ -2.2528634, 4.8971356 ], [ -2.248683, 4.8962412 ], [ -2.2468707, 4.8958512 ], [ -2.2441021, 4.8957034 ], [ -2.241922, 4.8947678 ], [ -2.2394924, 4.8936766 ], [ -2.2382392, 4.8931663 ], [ -2.2322749, 4.8939719 ], [ -2.2257852, 4.8948488 ], [ -2.2226522, 4.8952552 ], [ -2.1985304, 4.8999127 ], [ -2.1960995, 4.9003922 ], [ -2.1916631, 4.901279 ], [ -2.1863132, 4.9023832 ], [ -2.1802035, 4.9036106 ], [ -2.1769811, 4.9042961 ], [ -2.1744811, 4.9047789 ], [ -2.1697057, 4.9057255 ], [ -2.1651244, 4.9068285 ], [ -2.1592351, 4.9082103 ], [ -2.1474847, 4.9109672 ], [ -2.1329789, 4.914479200000012 ], [ -2.1296164, 4.915138 ], [ -2.1179146, 4.9172459 ], [ -2.1119473, 4.9173141 ], [ -2.1098458, 4.91872330000001 ], [ -2.100954, 4.9223488 ], [ -2.0985295, 4.923322 ], [ -2.0873858, 4.9258445 ], [ -2.0773092, 4.9290994 ], [ -2.0604978, 4.9351097 ], [ -2.019214, 4.9512871 ], [ -2.0166102, 4.9523084 ], [ -2.0139662, 4.9533235 ], [ -2.0086869, 4.9553447 ], [ -2.0041131, 4.9571721 ], [ -1.9977011, 4.9596226 ], [ -1.9940033, 4.9610561 ], [ -1.9913957, 4.96201 ], [ -1.9878252, 4.9632787 ], [ -1.9846409, 4.9644162 ], [ -1.982534, 4.9651945 ], [ -1.9754571, 4.9645095 ], [ -1.971944, 4.9641804 ], [ -1.9691048, 4.9642621 ], [ -1.9648175, 4.9643855 ], [ -1.9592088, 4.964481 ], [ -1.953249, 4.9645826 ], [ -1.9430941, 4.9647122 ], [ -1.9394906, 4.9646748 ], [ -1.9367762, 4.9646253 ], [ -1.9230741, 4.9644864 ], [ -1.9174469, 4.9646921 ], [ -1.9105107, 4.9649941 ], [ -1.9044852, 4.9633223 ], [ -1.9021073, 4.9626626 ], [ -1.8998972, 4.9620681 ], [ -1.8947996, 4.9606091 ], [ -1.8932587, 4.960092 ], [ -1.8905792, 4.9591861 ], [ -1.8877025, 4.9582188 ], [ -1.8838643, 4.9569001 ], [ -1.876523, 4.9543936 ], [ -1.874439, 4.9559354 ], [ -1.8707576, 4.9587212 ], [ -1.8667491, 4.9618242 ], [ -1.8645517, 4.9635084 ], [ -1.8615235, 4.9658004 ], [ -1.8583779, 4.9657369 ], [ -1.8538617, 4.9656174 ], [ -1.8522256, 4.965588 ], [ -1.84815, 4.9655278 ], [ -1.8468431, 4.9655659 ], [ -1.8429753, 4.9654898 ], [ -1.8407699, 4.9654811 ], [ -1.8380226, 4.965453 ], [ -1.8330525, 4.9653481 ], [ -1.8267547, 4.9653014 ], [ -1.8240497, 4.9652893 ], [ -1.8217362, 4.9652252 ], [ -1.8172328, 4.9653521 ], [ -1.8143642, 4.9653795 ], [ -1.8129091, 4.9654296 ], [ -1.8097709, 4.9655285 ], [ -1.8043408, 4.9657356 ], [ -1.8030353, 4.9657806 ], [ -1.7974757, 4.9639065 ], [ -1.7889188, 4.9634062 ], [ -1.7861983, 4.9632652 ], [ -1.7830461, 4.9630942 ], [ -1.7797691, 4.9629753 ], [ -1.7759242, 4.9627137 ], [ -1.7721207, 4.9624943 ], [ -1.7669494, 4.9635057 ], [ -1.7610848, 4.964779 ], [ -1.7597397, 4.9650221 ], [ -1.756167, 4.9648204 ], [ -1.7497417, 4.9644917 ], [ -1.7467216, 4.9622164 ], [ -1.744844, 4.9599464 ], [ -1.7423657, 4.9588361 ], [ -1.7400348, 4.9586544 ], [ -1.7382163, 4.9598341 ], [ -1.7370549, 4.9601815 ] ] } },
{ "type": "Feature", "properties": { "line_id": 695636435, "circuits": 1.0, "tag_frequency": 50.0, "tag_type": "line", "voltage": 161000, "bus0": null, "bus1": null, "length": null, "underground": false, "under_construction": "False", "dc": false, "country": "GH" }, "geometry": { "type": "LineString", "coordinates": [ [ -1.702854, 6.589758299999985 ], [ -1.7064827, 6.589935399999985 ], [ -1.7100865, 6.590356699999985 ] ] } },
{ "type": "Feature", "properties": { "line_id": 695636436, "circuits": 2.0, "tag_frequency": 50.0, "tag_type": "line", "voltage": 161000, "bus0": null, "bus1": null, "length": null, "underground": false, "under_construction": "False", "dc": false, "country": "GH" }, "geometry": { "type": "LineString", "coordinates": [ [ -1.702854, 6.589758299999985 ], [ -1.7001164, 6.589528099999985 ], [ -1.6968085, 6.589251899999985 ], [ -1.6929538, 6.588924799999985 ], [ -1.6888605, 6.588599299999985 ], [ -1.6857099, 6.588316399999985 ], [ -1.6828667, 6.587302299999985 ], [ -1.6794061, 6.586050399999985 ], [ -1.6760009, 6.584883599999985 ], [ -1.6726183, 6.583639199999985 ], [ -1.6688052, 6.58231789999996 ], [ -1.6649208, 6.580902699999959 ], [ -1.6610888, 6.579570299999959 ], [ -1.6581832, 6.579196899999959 ], [ -1.6538395, 6.578712599999959 ], [ -1.6516567, 6.578454799999959 ], [ -1.648186, 6.578054799999959 ], [ -1.6471872, 6.577934499999908 ], [ -1.6448269, 6.57765009999996 ], [ -1.639302, 6.57997989999996 ], [ -1.6352638, 6.581625499999959 ], [ -1.6322232, 6.58288760000001 ], [ -1.6282813, 6.584646799999959 ] ] } },
{ "type": "Feature", "properties": { "line_id": 695636437, "circuits": 1.0, "tag_frequency": 50.0, "tag_type": "line", "voltage": 161000, "bus0": null, "bus1": null, "length": null, "underground": false, "under_construction": "False", "dc": false, "country": "GH" }, "geometry": { "type": "LineString", "coordinates": [ [ -1.7100865, 6.590356699999985 ], [ -1.7064577, 6.590123 ], [ -1.702854, 6.589758299999985 ] ] } },
{ "type": "Feature", "properties": { "line_id": 695636438, "circuits": 1.0, "tag_frequency": 50.0, "tag_type": "line", "voltage": 161000, "bus0": null, "bus1": null, "length": null, "underground": false, "under_construction": "False", "dc": false, "country": "GH" }, "geometry": { "type": "LineString", "coordinates": [ [ -2.2930068, 6.90955419999998 ], [ -2.2904273, 6.90727349999998 ], [ -2.2883636, 6.905189 ] ] } },
{ "type": "Feature", "properties": { "line_id": 695636439, "circuits": 2.0, "tag_frequency": 50.0, "tag_type": "line", "voltage": 161000, "bus0": null, "bus1": null, "length": null, "underground": false, "under_construction": "False", "dc": false, "country": "GH" }, "geometry": { "type": "LineString", "coordinates": [ [ -2.340786, 7.027929400000052 ], [ -2.340141, 7.029922200000052 ], [ -2.3391222, 7.033181200000052 ], [ -2.3358708, 7.034012100000052 ], [ -2.3326442, 7.034799199999981 ], [ -2.3305108, 7.032859899999981 ], [ -2.3284983, 7.03099409999998 ], [ -2.3260607, 7.02875289999998 ], [ -2.3267822, 7.024873299999981 ], [ -2.3274937, 7.020827799999981 ], [ -2.3281776, 7.01689719999998 ], [ -2.3288478, 7.01302679999998 ], [ -2.3295841, 7.00887169999998 ], [ -2.3302598, 7.00502039999998 ], [ -2.3309162, 7.00132239999998 ], [ -2.3315698, 6.99755309999998 ], [ -2.3323006, 6.99336779999998 ], [ -2.3329432, 6.98975169999998 ], [ -2.3335885, 6.98605079999998 ], [ -2.334278, 6.982119899999979 ], [ -2.3349812, 6.978085 ], [ -2.3357148, 6.97395149999998 ], [ -2.3364071, 6.97002049999998 ], [ -2.3370855, 6.96615239999998 ], [ -2.3375791, 6.96326709999998 ], [ -2.3381528, 6.95998209999998 ], [ -2.3388119, 6.95628639999998 ], [ -2.3393249, 6.95326139999998 ], [ -2.3385471, 6.94973269999998 ], [ -2.3376426, 6.94574679999998 ], [ -2.3368152, 6.942051 ], [ -2.3359327, 6.93817449999998 ], [ -2.335086, 6.934426599999981 ], [ -2.3342449, 6.93068419999998 ], [ -2.3317077, 6.92772749999998 ], [ -2.3296283, 6.92532649999998 ], [ -2.3271959, 6.92250389999998 ], [ -2.3231529, 6.92134309999998 ], [ -2.3195594, 6.92027539999998 ], [ -2.3166443, 6.91955539999998 ], [ -2.3125379, 6.91856159999998 ], [ -2.3098821, 6.917784 ], [ -2.3047773, 6.91630559999998 ], [ -2.3002517, 6.91498329999998 ], [ -2.2981061, 6.91436179999998 ], [ -2.2955137, 6.91192789999998 ], [ -2.2930068, 6.90955419999998 ] ] } },
{ "type": "Feature", "properties": { "line_id": 695636440, "circuits": 1.0, "tag_frequency": 50.0, "tag_type": "line", "voltage": 161000, "bus0": null, "bus1": null, "length": null, "underground": false, "under_construction": "False", "dc": false, "country": "GH" }, "geometry": { "type": "LineString", "coordinates": [ [ -2.2883636, 6.905189 ], [ -2.290556, 6.90713029999998 ], [ -2.2930068, 6.90955419999998 ] ] } },
{ "type": "Feature", "properties": { "line_id": 695636441, "circuits": 1.0, "tag_frequency": 50.0, "tag_type": "line", "voltage": 161000, "bus0": null, "bus1": null, "length": null, "underground": false, "under_construction": "False", "dc": false, "country": "GH" }, "geometry": { "type": "LineString", "coordinates": [ [ -2.0255683, 6.709433 ], [ -2.0231287, 6.708089 ], [ -2.0192306, 6.706155899999983 ] ] } },
{ "type": "Feature", "properties": { "line_id": 695636442, "circuits": 2.0, "tag_frequency": 50.0, "tag_type": "line", "voltage": 161000, "bus0": null, "bus1": null, "length": null, "underground": false, "under_construction": "False", "dc": false, "country": "GH" }, "geometry": { "type": "LineString", "coordinates": [ [ -2.0192306, 6.706155899999983 ], [ -2.0147651, 6.703673299999983 ], [ -2.0115053, 6.701867 ], [ -2.0076335, 6.699456299999983 ], [ -2.0028627, 6.696430599999982 ], [ -2.0007257, 6.695037699999983 ], [ -1.9978577, 6.693088899999982 ], [ -1.9959156, 6.691702699999983 ], [ -1.9924408, 6.689153 ], [ -1.9895991, 6.687094599999982 ], [ -1.9865398, 6.684982099999982 ], [ -1.9828103, 6.682329299999982 ], [ -1.9803742, 6.680590199999982 ], [ -1.9766644, 6.677944599999982 ], [ -1.9728384, 6.675252399999982 ], [ -1.9704592, 6.673508299999982 ], [ -1.9669671, 6.671051899999982 ], [ -1.962916, 6.668642199999982 ], [ -1.9597355, 6.666755599999982 ], [ -1.9550983, 6.664055899999982 ], [ -1.951527, 6.661958099999983 ], [ -1.9479499, 6.659865099999982 ], [ -1.9438507, 6.657461099999982 ], [ -1.9402866, 6.655397499999983 ], [ -1.9377579, 6.653333899999983 ], [ -1.9347429, 6.650891699999983 ], [ -1.9318014, 6.648397299999983 ], [ -1.9289283, 6.646071399999983 ], [ -1.9256668, 6.643408899999984 ], [ -1.9235352, 6.641606699999984 ], [ -1.9205232, 6.639121199999984 ], [ -1.9172937, 6.636508199999984 ], [ -1.9146595, 6.634893599999984 ], [ -1.9115726, 6.633034799999984 ], [ -1.9080152, 6.630864299999984 ], [ -1.9057018, 6.629487 ], [ -1.9020232, 6.627270499999984 ], [ -1.8979525, 6.624827399999984 ], [ -1.8947872, 6.622851699999984 ], [ -1.8910943, 6.620631599999984 ], [ -1.8874656, 6.618436299999984 ], [ -1.8849383, 6.616903199999984 ], [ -1.881306, 6.614828199999985 ], [ -1.878294, 6.613001199999985 ], [ -1.8752713, 6.611184699999985 ], [ -1.8728021, 6.609697399999985 ], [ -1.8692734, 6.607596699999985 ], [ -1.8671309, 6.606304699999985 ], [ -1.8639904, 6.604411899999985 ], [ -1.860444, 6.602802 ], [ -1.8564994, 6.602476499999985 ], [ -1.8525926, 6.602146 ], [ -1.84879, 6.601808199999986 ], [ -1.8457959, 6.601519299999985 ], [ -1.8409337, 6.601153099999985 ], [ -1.8376472, 6.600898099999985 ], [ -1.8339258, 6.600572399999985 ], [ -1.8300975, 6.600264299999985 ], [ -1.8261658, 6.599935 ], [ -1.8223731, 6.599609299999985 ], [ -1.8179388, 6.599241 ], [ -1.8139501, 6.598918799999985 ], [ -1.8103998, 6.598635499999984 ], [ -1.8067782, 6.598284899999984 ], [ -1.8039801, 6.598097299999984 ], [ -1.7997062, 6.597753799999984 ], [ -1.7945554, 6.597325399999985 ], [ -1.7905917, 6.596999599999985 ], [ -1.7871804, 6.596652599999985 ], [ -1.7828031, 6.596302 ], [ -1.7788322, 6.596025799999985 ], [ -1.7750681, 6.595685899999985 ], [ -1.771254, 6.595370799999985 ], [ -1.7669302, 6.595037899999985 ], [ -1.7634869, 6.594701499999985 ], [ -1.7593342, 6.594393399999985 ], [ -1.7550603, 6.594046399999986 ], [ -1.7509575, 6.593699399999986 ], [ -1.746206, 6.593281599999986 ], [ -1.7428446, 6.593019599999986 ], [ -1.7377224, 6.592619399999986 ], [ -1.734279, 6.592322 ], [ -1.7297948, 6.591960799999986 ], [ -1.725856, 6.591642099999985 ], [ -1.7223164, 6.591337599999985 ], [ -1.7184417, 6.591064899999985 ], [ -1.7147382, 6.590739199999985 ], [ -1.7100865, 6.590356699999985 ] ] } },
{ "type": "Feature", "properties": { "line_id": 695636443, "circuits": 1.0, "tag_frequency": 50.0, "tag_type": "line", "voltage": 161000, "bus0": null, "bus1": null, "length": null, "underground": false, "under_construction": "False", "dc": false, "country": "GH" }, "geometry": { "type": "LineString", "coordinates": [ [ -2.0255683, 6.709433 ], [ -2.0230383, 6.708252599999982 ], [ -2.0192306, 6.706155899999983 ] ] } },
{ "type": "Feature", "properties": { "line_id": 695700555, "circuits": 1.0, "tag_frequency": 50.0, "tag_type": "line", "voltage": 330000, "bus0": null, "bus1": null, "length": null, "underground": false, "under_construction": "False", "dc": false, "country": "GH" }, "geometry": { "type": "LineString", "coordinates": [ [ 0.0017446, 5.694362800000015 ], [ 0.0011386, 5.694122700000019 ], [ 0.001085, 5.694274800000019 ], [ 0.0008442, 5.694529100000019 ] ] } },
{ "type": "Feature", "properties": { "line_id": 695700556, "circuits": 1.0, "tag_frequency": 50.0, "tag_type": "line", "voltage": 330000, "bus0": null, "bus1": null, "length": null, "underground": false, "under_construction": "False", "dc": false, "country": "GH" }, "geometry": { "type": "LineString", "coordinates": [ [ 0.0017446, 5.694362800000015 ], [ 0.001262, 5.694356200000019 ], [ 0.0009883, 5.694577200000019 ] ] } },
{ "type": "Feature", "properties": { "line_id": 695710250, "circuits": 1.0, "tag_frequency": 50.0, "tag_type": "line", "voltage": 161000, "bus0": null, "bus1": null, "length": null, "underground": false, "under_construction": "False", "dc": false, "country": "GH" }, "geometry": { "type": "LineString", "coordinates": [ [ 0.0457259, 5.681856100000019 ], [ 0.0457051, 5.681809 ], [ 0.0454926, 5.681328 ], [ 0.0454652, 5.681265899999989 ] ] } },
{ "type": "Feature", "properties": { "line_id": 695710251, "circuits": 1.0, "tag_frequency": 50.0, "tag_type": "line", "voltage": 161000, "bus0": null, "bus1": null, "length": null, "underground": false, "under_construction": "False", "dc": false, "country": "GH" }, "geometry": { "type": "LineString", "coordinates": [ [ 0.0452432, 5.681368300000019 ], [ 0.0452687, 5.681426 ], [ 0.0454811, 5.681907 ], [ 0.0455054, 5.681962 ] ] } },
{ "type": "Feature", "properties": { "line_id": 695710252, "circuits": 1.0, "tag_frequency": 50.0, "tag_type": "line", "voltage": 161000, "bus0": null, "bus1": null, "length": null, "underground": false, "under_construction": "False", "dc": false, "country": "GH" }, "geometry": { "type": "LineString", "coordinates": [ [ 0.0468622, 5.6813742 ], [ 0.0467491, 5.6812903 ], [ 0.0466071, 5.681185 ], [ 0.0465256, 5.6811246 ] ] } },
{ "type": "Feature", "properties": { "line_id": 695710254, "circuits": 1.0, "tag_frequency": 50.0, "tag_type": "line", "voltage": 161000, "bus0": null, "bus1": null, "length": null, "underground": false, "under_construction": "False", "dc": false, "country": "GH" }, "geometry": { "type": "LineString", "coordinates": [ [ 0.0417137, 5.680809700000019 ], [ 0.0419793, 5.680967100000019 ], [ 0.0449324, 5.681248700000019 ], [ 0.0451356, 5.681423600000019 ] ] } },
{ "type": "Feature", "properties": { "line_id": 695710255, "circuits": 1.0, "tag_frequency": 50.0, "tag_type": "line", "voltage": 161000, "bus0": null, "bus1": null, "length": null, "underground": false, "under_construction": "False", "dc": false, "country": "GH" }, "geometry": { "type": "LineString", "coordinates": [ [ 0.0419457, 5.680221100000018 ], [ 0.042277, 5.680410600000019 ], [ 0.0450772, 5.681109900000019 ], [ 0.0452432, 5.681368300000019 ] ] } },
{ "type": "Feature", "properties": { "line_id": 695710256, "circuits": 1.0, "tag_frequency": 50.0, "tag_type": "line", "voltage": 161000, "bus0": null, "bus1": null, "length": null, "underground": false, "under_construction": "False", "dc": false, "country": "GH" }, "geometry": { "type": "LineString", "coordinates": [ [ 0.0420651, 5.679912900000017 ], [ 0.0424272, 5.680075700000017 ], [ 0.0451443, 5.680935100000018 ], [ 0.0453602, 5.681320300000018 ] ] } },
{ "type": "Feature", "properties": { "line_id": 696787050, "circuits": 1.0, "tag_frequency": 50.0, "tag_type": "line", "voltage": 330000, "bus0": null, "bus1": null, "length": null, "underground": false, "under_construction": "False", "dc": false, "country": "GH" }, "geometry": { "type": "LineString", "coordinates": [ [ 0.5087614, 6.0292568 ], [ 0.507659, 6.0272483 ], [ 0.5064923, 6.0217908 ], [ 0.5067283, 6.018688600000014 ] ] } },
{ "type": "Feature", "properties": { "line_id": 702524341, "circuits": 1.0, "tag_frequency": 50.0, "tag_type": "line", "voltage": 161000, "bus0": null, "bus1": null, "length": null, "underground": false, "under_construction": "False", "dc": false, "country": "GH" }, "geometry": { "type": "LineString", "coordinates": [ [ -1.9817609, 5.3489134 ], [ -1.9870555, 5.3375769 ], [ -1.9851257, 5.3386932 ], [ -1.983527099999989, 5.3396506 ], [ -1.983439899999989, 5.3429581 ] ] } },
{ "type": "Feature", "properties": { "line_id": 773126216, "circuits": 1.0, "tag_frequency": 50.0, "tag_type": "line", "voltage": 161000, "bus0": null, "bus1": null, "length": null, "underground": false, "under_construction": "False", "dc": false, "country": "GH" }, "geometry": { "type": "LineString", "coordinates": [ [ -0.2048175, 5.606119900000015 ], [ -0.2047947, 5.604272700000014 ], [ -0.2047773, 5.602193200000015 ], [ -0.2061023, 5.600117700000014 ], [ -0.2071638, 5.598476100000014 ], [ -0.2089293, 5.596197700000014 ], [ -0.2107184, 5.593862 ], [ -0.2144507, 5.589335900000021 ], [ -0.2163931, 5.587145300000015 ], [ -0.2184995, 5.584720400000014 ], [ -0.2204708, 5.583608400000045 ], [ -0.2239321, 5.584848300000045 ], [ -0.2269308, 5.585697200000046 ], [ -0.2300947, 5.586535 ], [ -0.2336256, 5.587627300000046 ], [ -0.2366887, 5.588396100000046 ], [ -0.238367, 5.588744200000025 ], [ -0.2390437, 5.588884600000046 ], [ -0.2415784, 5.589359700000046 ], [ -0.2435981, 5.589752100000046 ], [ -0.2460523, 5.590173900000046 ], [ -0.2485146, 5.590598400000046 ], [ -0.2507222, 5.590318300000017 ], [ -0.2554764, 5.590204800000016 ], [ -0.2588835, 5.589375900000016 ], [ -0.2623804, 5.588543100000016 ], [ -0.2645637, 5.588035900000015 ], [ -0.2668205, 5.587433700000015 ], [ -0.2692408, 5.586787900000015 ], [ -0.2710929, 5.586169300000015 ], [ -0.2740681, 5.585166200000015 ], [ -0.2774946, 5.583316300000014 ], [ -0.2811934, 5.581330200000014 ], [ -0.2825828, 5.580672100000014 ], [ -0.2829985, 5.580573400000015 ] ] } },
{ "type": "Feature", "properties": { "line_id": 796523041, "circuits": 1.0, "tag_frequency": 50.0, "tag_type": "line", "voltage": 330000, "bus0": null, "bus1": null, "length": null, "underground": false, "under_construction": "False", "dc": false, "country": "GH" }, "geometry": { "type": "LineString", "coordinates": [ [ -1.6610487, 4.9734053 ], [ -1.6614166, 4.9740072 ], [ -1.6627818, 4.9750466 ], [ -1.6625512, 4.9777534 ], [ -1.6617599, 4.9794636 ], [ -1.6643724, 4.9836962 ], [ -1.6667274, 4.9876722 ], [ -1.6680497, 4.989914 ], [ -1.669533, 4.9923483 ], [ -1.6709331, 4.9947317 ], [ -1.6737226, 4.9993516 ], [ -1.6762519, 5.0036402 ], [ -1.6784406, 5.0071832 ], [ -1.6798675, 5.0083054 ], [ -1.6856772, 5.009262 ], [ -1.6891211, 5.0098766 ], [ -1.6937667, 5.0106888 ], [ -1.6975164, 5.0112072 ], [ -1.7042381, 5.0120355 ], [ -1.7079502, 5.0125646 ], [ -1.71148, 5.0130241 ], [ -1.7142856, 5.0134142 ], [ -1.7172146, 5.0137883 ], [ -1.7206532, 5.013823 ], [ -1.7239416, 5.0139593 ], [ -1.728276, 5.0137669 ], [ -1.7322725, 5.0135959 ], [ -1.7361456, 5.0134356 ], [ -1.7408288, 5.013302 ], [ -1.7456406, 5.0130883 ], [ -1.7498303, 5.0129119 ], [ -1.752609, 5.016177 ], [ -1.7556882, 5.0196292 ], [ -1.758129, 5.022424 ], [ -1.7730957, 5.0377178 ], [ -1.7790985, 5.0437882 ], [ -1.784589, 5.0496154 ], [ -1.7904818, 5.055448 ], [ -1.7995638, 5.0648525 ], [ -1.8040538, 5.0697151 ], [ -1.807892, 5.0741742 ], [ -1.8107003, 5.0774951 ], [ -1.8134898, 5.0805354 ], [ -1.8164885, 5.0839979 ], [ -1.8193853, 5.087252 ], [ -1.8219173, 5.0901908 ], [ -1.8244386, 5.093028 ], [ -1.8269813, 5.096234 ], [ -1.8295562, 5.0993918 ], [ -1.8344593, 5.1056059 ], [ -1.8374527, 5.1091751 ], [ -1.8401563, 5.1128512 ], [ -1.8439114, 5.1175744 ], [ -1.8473232, 5.1217847 ], [ -1.8500108, 5.1248676 ], [ -1.854254, 5.1298045 ], [ -1.8618822, 5.1376399 ], [ -1.8672735, 5.1429213 ], [ -1.8700308, 5.1456621 ], [ -1.8730187, 5.148419 ], [ -1.8778199, 5.1527092 ], [ -1.8844128, 5.1585862 ], [ -1.8921965, 5.1659003 ], [ -1.8961179, 5.1692715 ], [ -1.8995887, 5.172258 ], [ -1.9062406, 5.1780013 ], [ -1.9090462, 5.1804855 ], [ -1.9144803, 5.1851068 ], [ -1.9191849, 5.1892151 ], [ -1.9217384, 5.1913094 ], [ -1.9238788, 5.1939191 ], [ -1.924198, 5.1958584 ], [ -1.9245601, 5.197381 ], [ -1.9252521, 5.20076 ], [ -1.9260299, 5.2048629 ], [ -1.9274891, 5.2113057 ], [ -1.9324994, 5.2336786 ], [ -1.9359112, 5.2476533 ], [ -1.9376278, 5.2558798 ], [ -1.9383788, 5.2651319 ], [ -1.9390655, 5.2772683 ], [ -1.9401169, 5.2883575 ], [ -1.9468332, 5.2960707 ], [ -1.9475413, 5.2991047 ], [ -1.9484854, 5.3031001 ], [ -1.9542414, 5.3276489 ], [ -1.9559902, 5.3312062 ], [ -1.9769383, 5.3512995 ], [ -1.9823885, 5.3571533 ], [ -1.9949198, 5.3691597 ], [ -1.9975537, 5.3697151 ], [ -2.0042217, 5.3712426 ], [ -2.0098382, 5.3730158 ], [ -2.0200038, 5.3774807 ], [ -2.0261407, 5.3802152 ], [ -2.0388436, 5.3781323 ], [ -2.0456243, 5.3767971 ], [ -2.0478612, 5.3793126 ], [ -2.0505273, 5.3824156 ], [ -2.0530862, 5.3853103 ], [ -2.0587456, 5.391858 ], [ -2.063005, 5.3966646 ], [ -2.0706546, 5.4065447 ], [ -2.0762122, 5.4140641 ], [ -2.0783526, 5.4168305 ], [ -2.0796561, 5.418438 ], [ -2.0820004, 5.4216956 ], [ -2.0828104, 5.4227157 ], [ -2.0827407, 5.4271695 ], [ -2.0827997, 5.4320399 ], [ -2.0781058, 5.4353456 ], [ -2.0750266, 5.4372681 ], [ -2.0723176, 5.4389957 ], [ -2.069571, 5.4406859 ], [ -2.0666742, 5.442571 ], [ -2.0640457, 5.4442425 ], [ -2.0609021, 5.4463786 ], [ -2.0572436, 5.4491181 ], [ -2.0556557, 5.4495132 ], [ -2.0532525, 5.4501487 ], [ -2.0499802, 5.4510192 ], [ -2.0461339, 5.4520658 ], [ -2.0434356, 5.4528615 ], [ -2.0399702, 5.4538014 ], [ -2.0363867, 5.4547679 ], [ -2.0339942, 5.4554355 ], [ -2.031709, 5.4560015 ], [ -2.028501, 5.4568773 ], [ -2.0270258, 5.4590507 ], [ -2.0251536, 5.4618009 ], [ -2.0230401, 5.4649034 ], [ -2.0192474, 5.470409 ], [ -2.0171499, 5.4734688 ], [ -2.0150149, 5.4766567 ], [ -2.0116353, 5.4815054 ], [ -2.0097363, 5.484202 ], [ -2.0057076, 5.4901986 ], [ -2.0005846, 5.4981175 ], [ -1.9975483, 5.5021597 ], [ -1.9959498, 5.5044611 ], [ -1.994555, 5.5065543 ], [ -1.993953, 5.5074258 ], [ -1.9920351, 5.5102025 ], [ -1.989947, 5.5131861 ], [ -1.989677, 5.5169397 ], [ -1.9894949, 5.5194718 ], [ -1.9892688, 5.5226156 ], [ -1.9890064, 5.5262633 ], [ -1.9885375, 5.532783399999973 ], [ -1.9880533, 5.538788899999973 ], [ -1.9861785, 5.564996599999971 ], [ -1.9689345, 5.592126799999972 ], [ -1.9008601, 5.657556599999972 ], [ -1.84448, 5.711780299999972 ], [ -1.8416959, 5.714577299999972 ], [ -1.8143751, 5.736037100000033 ], [ -1.8127991, 5.737327900000032 ], [ -1.8107967, 5.738982199999972 ], [ -1.8098786, 5.742853300000032 ], [ -1.8089193, 5.746843199999972 ], [ -1.7947421, 5.754625700000032 ], [ -1.791143, 5.756601299999972 ], [ -1.785273, 5.759781 ], [ -1.7848063, 5.7632449 ], [ -1.7842591, 5.7672639 ], [ -1.7836636, 5.7712989 ], [ -1.7829716, 5.7758515 ], [ -1.7824405, 5.7798811 ], [ -1.7821723, 5.7824642 ], [ -1.7809117, 5.7910249 ], [ -1.781078, 5.7976161 ], [ -1.7811531, 5.8015975 ], [ -1.781314, 5.8089891 ], [ -1.7814696, 5.8153826 ], [ -1.7832935, 5.8203405 ], [ -1.7845702, 5.8239108 ], [ -1.781947, 5.8337783 ], [ -1.7815554, 5.8357956 ], [ -1.7803538, 5.8395365 ], [ -1.778267, 5.846965 ], [ -1.7763412, 5.8545108 ], [ -1.7751664, 5.8585077 ], [ -1.773321, 5.8655891 ], [ -1.771642, 5.8712616 ], [ -1.7743349, 5.8742232 ], [ -1.7770064, 5.8773022 ], [ -1.779238, 5.8798369 ], [ -1.781888, 5.8829159 ], [ -1.7845166, 5.8859575 ], [ -1.7869628, 5.8887323 ], [ -1.7892373, 5.891395 ], [ -1.7942798, 5.8970352 ], [ -1.7957658, 5.8987801 ], [ -1.7983997, 5.9018803 ], [ -1.8034744, 5.9076912 ], [ -1.8070686, 5.9117785 ], [ -1.8085814, 5.9135607 ], [ -1.8111026, 5.9165061 ], [ -1.8133235, 5.9189819 ], [ -1.8155873, 5.9215644 ], [ -1.8173576, 5.923592 ], [ -1.819042, 5.9255769 ], [ -1.8237627, 5.9309767 ], [ -1.8211663, 5.9403781 ], [ -1.8213487, 5.9451374 ], [ -1.8212682, 5.9483334 ], [ -1.8172181, 5.9533862 ], [ -1.8155176, 5.9557231 ], [ -1.8120146, 5.9623017 ], [ -1.8094075, 5.9677171 ], [ -1.8081093, 5.9699473 ], [ -1.8066448, 5.9724442 ], [ -1.8048316, 5.9755066 ], [ -1.8030614, 5.9785424 ], [ -1.8014467, 5.9815461 ], [ -1.8013984, 5.9827145 ], [ -1.7995745, 5.9845072 ], [ -1.7981797, 5.9857796 ], [ -1.796093, 5.9875429 ], [ -1.7939016, 5.9894342 ], [ -1.7825371, 5.9919977 ], [ -1.7798764, 5.9925792 ], [ -1.7781758, 5.9935449 ], [ -1.7745602, 5.9957056 ], [ -1.7681283, 5.9993815 ], [ -1.7650652, 6.001206 ], [ -1.7625547, 6.0024704 ], [ -1.7613745, 6.0086697 ], [ -1.758821, 6.0203317 ], [ -1.75807, 6.0239381 ], [ -1.7580915, 6.0261787 ], [ -1.7582524, 6.0291555 ], [ -1.7582631, 6.0333379 ], [ -1.7584455, 6.0396862 ], [ -1.7586279, 6.0435591 ], [ -1.7586815, 6.0466638 ], [ -1.7587405, 6.0495178 ], [ -1.7595077, 6.0525105 ], [ -1.7625332, 6.0619205 ], [ -1.7636651, 6.0654839 ], [ -1.7647541, 6.0688765 ], [ -1.7658591, 6.0722158 ], [ -1.7668569, 6.0752671 ], [ -1.767726, 6.0783503 ], [ -1.7692065, 6.082479 ], [ -1.7697108, 6.0839725 ], [ -1.7708427, 6.0878558 ], [ -1.7719746, 6.0913124 ], [ -1.7719746, 6.0926672 ], [ -1.7719853, 6.0951102 ], [ -1.7720228, 6.0977133 ], [ -1.7721194, 6.1011751 ], [ -1.7720711, 6.1050209 ], [ -1.7721087, 6.1080826 ], [ -1.7721248, 6.1119444 ], [ -1.7722321, 6.114926 ], [ -1.7722482, 6.1178917 ], [ -1.7722589, 6.1214974 ], [ -1.7723233, 6.1241856 ], [ -1.772393, 6.1280473 ], [ -1.7723608, 6.1310502 ], [ -1.7724252, 6.1354238 ], [ -1.7724681, 6.138976 ], [ -1.7725217, 6.1424109 ], [ -1.7725807, 6.1456591 ], [ -1.7725861, 6.1491472 ], [ -1.7725754, 6.152694 ], [ -1.7713523, 6.1551048 ], [ -1.7700219, 6.1576968 ], [ -1.7681444, 6.1612756 ], [ -1.766696, 6.1640276 ], [ -1.7616749, 6.173857 ], [ -1.7533493, 6.1900487 ], [ -1.7414081, 6.2128314 ], [ -1.7382646, 6.2189108 ], [ -1.7257226, 6.2268354 ], [ -1.7177618, 6.2318908 ], [ -1.7145968, 6.233416 ], [ -1.7056918, 6.2369569 ], [ -1.6903925, 6.2433134 ], [ -1.676091, 6.251397500000014 ], [ -1.6729112, 6.253177900000014 ], [ -1.669659, 6.255039600000014 ], [ -1.6662647, 6.256976700000014 ], [ -1.6638024, 6.258383100000014 ], [ -1.6603987, 6.260317400000014 ], [ -1.6575556, 6.261949200000014 ], [ -1.6542739, 6.263827500000015 ], [ -1.6516775, 6.265308600000015 ], [ -1.648436, 6.267164200000014 ], [ -1.6453012, 6.268955200000015 ], [ -1.6421396, 6.270762200000015 ], [ -1.6358639, 6.274339500000015 ], [ -1.6328866, 6.276049200000015 ], [ -1.6302319, 6.277582200000015 ], [ -1.6266914, 6.279577800000015 ], [ -1.6234607, 6.281444100000015 ], [ -1.6201937, 6.283301 ], [ -1.6172044, 6.28499 ], [ -1.6158164, 6.287436100000015 ], [ -1.6124851, 6.287899400000015 ], [ -1.6095943, 6.289718300000015 ], [ -1.6064092, 6.291733800000014 ], [ -1.6039422, 6.293314100000014 ], [ -1.6008872, 6.295274300000014 ], [ -1.5978697, 6.297143200000014 ], [ -1.5948477, 6.299094400000014 ], [ -1.5917429, 6.301002900000014 ], [ -1.5889822, 6.302750500000013 ], [ -1.5868586, 6.304112200000014 ], [ -1.5850266, 6.307442 ], [ -1.5836017, 6.309977300000014 ], [ -1.581763, 6.313265800000014 ], [ -1.5799539, 6.316543500000014 ], [ -1.5782259, 6.319654 ], [ -1.576416, 6.322926400000014 ], [ -1.5746773, 6.326086100000015 ], [ -1.5728879, 6.329322200000014 ], [ -1.5715425, 6.331717800000014 ], [ -1.5697323, 6.335000400000014 ], [ -1.5680395, 6.338055100000014 ], [ -1.5660748, 6.34162 ], [ -1.5646452, 6.344171100000014 ], [ -1.5630902, 6.346943500000013 ], [ -1.560937, 6.350815500000014 ], [ -1.5590534, 6.354211700000014 ], [ -1.5569479, 6.358033 ], [ -1.5553996, 6.360796 ], [ -1.5536354, 6.364030100000014 ], [ -1.5517572, 6.367394900000014 ], [ -1.5499809, 6.370621 ], [ -1.548111, 6.373948100000014 ], [ -1.5462828, 6.377205100000015 ], [ -1.5444743, 6.380537800000014 ], [ -1.5433598, 6.382553600000014 ], [ -1.5416365, 6.385627700000014 ], [ -1.5398723, 6.388779700000014 ], [ -1.5378774, 6.392405500000014 ], [ -1.5382455, 6.395201700000011 ], [ -1.5387015, 6.398528900000011 ], [ -1.5390676, 6.401634200000014 ], [ -1.5394968, 6.405114 ], [ -1.539995, 6.408479100000014 ], [ -1.5404476, 6.411910900000015 ], [ -1.5408875, 6.415282600000014 ], [ -1.5412476, 6.418216600000014 ], [ -1.5417244, 6.421711600000014 ], [ -1.5421662, 6.425116600000014 ], [ -1.542476, 6.427562 ], [ -1.542928, 6.431039600000014 ], [ -1.5432894, 6.4336483 ], [ -1.5437253, 6.4371292 ], [ -1.5441826, 6.4405968 ], [ -1.5444917, 6.443849100000015 ], [ -1.5448625, 6.447643 ], [ -1.5450778, 6.449774600000015 ], [ -1.5453802, 6.453279300000014 ], [ -1.5457215, 6.456750100000014 ], [ -1.5460635, 6.460238800000014 ], [ -1.5464159, 6.463641900000014 ], [ -1.5467595, 6.467141600000014 ], [ -1.5470841, 6.470644200000014 ], [ -1.5474147, 6.474080900000014 ], [ -1.5477473, 6.477340300000014 ], [ -1.5480477, 6.4808009 ], [ -1.5484031, 6.4842935 ], [ -1.548631, 6.486938500000014 ], [ -1.5489757, 6.490527 ], [ -1.5493016, 6.4939689 ], [ -1.5496402, 6.4973514 ], [ -1.549952, 6.500691300000014 ], [ -1.5477915, 6.503228300000014 ], [ -1.5456417, 6.505729400000014 ], [ -1.5441343, 6.5075069 ], [ -1.542093, 6.509843 ], [ -1.5412047, 6.513278400000014 ], [ -1.5399179, 6.513948600000014 ], [ -1.5375508, 6.515207100000028 ], [ -1.5357108, 6.517409600000029 ], [ -1.5331922, 6.520269 ], [ -1.5318364, 6.521903900000014 ], [ -1.5294345, 6.524675400000014 ], [ -1.5270406, 6.527516100000026 ], [ -1.5246722, 6.530268800000027 ], [ -1.5223172, 6.533064200000022 ], [ -1.5200374, 6.535739700000026 ], [ -1.5177561, 6.538308500000026 ], [ -1.5152711, 6.541266400000026 ], [ -1.512908, 6.544077700000027 ], [ -1.5104726, 6.546865 ], [ -1.5073264, 6.548583700000026 ], [ -1.5059799, 6.551842600000014 ], [ -1.5047514, 6.554672500000028 ], [ -1.5037651, 6.557029400000028 ], [ -1.5030985, 6.5578377 ], [ -1.5020411, 6.559119900000028 ], [ -1.5005726, 6.561893800000028 ], [ -1.4988694, 6.565143300000014 ], [ -1.4974974, 6.567710600000014 ], [ -1.4958975, 6.570734900000014 ], [ -1.4943304, 6.573632700000014 ], [ -1.4927204, 6.5766356 ], [ -1.4911312, 6.5796812 ], [ -1.4899416, 6.5819288 ], [ -1.4883699, 6.5848824 ], [ -1.4867605, 6.5879173 ], [ -1.4851692, 6.590887 ], [ -1.4834735, 6.5941228 ], [ -1.4820412, 6.5968013 ], [ -1.4806062, 6.599509 ], [ -1.4794019, 6.6017911 ], [ -1.4777362, 6.604813899999989 ], [ -1.4761645, 6.6077794 ], [ -1.4749615, 6.6101027 ], [ -1.4733307, 6.6131294 ], [ -1.4717066, 6.6161455 ], [ -1.4701, 6.6191469 ], [ -1.4687119, 6.621808500000014 ], [ -1.4670919, 6.624813900000015 ], [ -1.4655657, 6.6277326 ], [ -1.463955, 6.630778500000015 ], [ -1.4623672, 6.633757800000015 ], [ -1.4622934, 6.6369642 ], [ -1.462225, 6.6407448 ], [ -1.4621446, 6.6444907 ], [ -1.4620668, 6.647874200000014 ], [ -1.4619756, 6.651636 ], [ -1.461942, 6.655008800000014 ], [ -1.461128, 6.657587700000014 ], [ -1.4605473, 6.659553800000014 ], [ -1.4611843, 6.663283500000014 ], [ -1.4617288, 6.666501700000014 ], [ -1.4616443, 6.669147100000013 ], [ -1.4615853, 6.673132600000013 ], [ -1.4637941, 6.675422300000013 ], [ -1.4664046, 6.678077700000014 ], [ -1.4689748, 6.680719700000013 ], [ -1.4715558, 6.683372300000014 ], [ -1.4741582, 6.686029 ], [ -1.4767331, 6.688653700000014 ], [ -1.4793026, 6.691297 ], [ -1.4818463, 6.693917900000014 ], [ -1.4837283, 6.695803 ], [ -1.4870529, 6.695338100000015 ], [ -1.4911245, 6.695647200000015 ], [ -1.494193, 6.695892600000014 ], [ -1.4962073, 6.695253100000014 ], [ -1.4990142, 6.694457 ], [ -1.5021082, 6.695748200000014 ], [ -1.504207, 6.696667900000014 ], [ -1.505809, 6.696772 ], [ -1.5093576, 6.697013700000014 ], [ -1.5118113, 6.697166400000014 ], [ -1.5152146, 6.697421500000014 ] ] } },
{ "type": "Feature", "properties": { "line_id": 930744192, "circuits": 2.0, "tag_frequency": 50.0, "tag_type": "line", "voltage": 161000, "bus0": null, "bus1": null, "length": null, "underground": false, "under_construction": "False", "dc": false, "country": "GH" }, "geometry": { "type": "LineString", "coordinates": [ [ -1.6617921, 10.8369023 ], [ -1.6586305, 10.8361225 ], [ -1.6554363, 10.8353474 ], [ -1.6522607, 10.8345906 ], [ -1.6490944, 10.8338108 ], [ -1.6459608, 10.8330448 ], [ -1.642902, 10.8323018 ], [ -1.6398011, 10.8315541 ], [ -1.6371999, 10.8309074 ], [ -1.634584, 10.8302826 ], [ -1.6313775, 10.829497 ], [ -1.6282984, 10.8287496 ], [ -1.6251768, 10.8279953 ], [ -1.6221437, 10.8272653 ], [ -1.6189089, 10.8264693 ], [ -1.6161802, 10.8258157 ], [ -1.6130303, 10.8250371 ], [ -1.6102591, 10.8243801 ], [ -1.607502, 10.8237022 ], [ -1.6044229, 10.8229513 ], [ -1.601128, 10.8221448 ], [ -1.5984169, 10.8214844 ], [ -1.5957581, 10.8208376 ], [ -1.5926486, 10.8200813 ], [ -1.5899215, 10.8194179 ], [ -1.5840103, 10.8180004 ], [ -1.5814124, 10.8173455 ], [ -1.5789858, 10.8167642 ], [ -1.5736003, 10.8154742 ], [ -1.5700987, 10.8146354 ], [ -1.5650083, 10.8134161 ], [ -1.5617884, 10.8126534 ], [ -1.559061, 10.8119634 ], [ -1.555491, 10.81112 ], [ -1.5526777, 10.8104171 ], [ -1.5497994, 10.8096923 ], [ -1.5467259, 10.8090075 ], [ -1.5440142, 10.8083326 ], [ -1.5408878, 10.8075819 ], [ -1.5380827, 10.806907 ], [ -1.5349888, 10.8061403 ], [ -1.5323097, 10.8055053 ], [ -1.5289069, 10.8046747 ], [ -1.5227599, 10.8032091 ], [ -1.5196458, 10.8024424 ], [ -1.5133158, 10.8009049 ], [ -1.5107871, 10.8002939 ], [ -1.496249, 10.7967597 ], [ -1.4928462, 10.795949 ], [ -1.4851987, 10.7940949 ], [ -1.4696262, 10.8011036 ], [ -1.4669329, 10.8022891 ], [ -1.4637724, 10.8037284 ], [ -1.4610225, 10.8049764 ], [ -1.4583504, 10.8062071 ], [ -1.4554942, 10.807476 ], [ -1.4523337, 10.8089117 ], [ -1.4496156, 10.8101285 ], [ -1.4467099, 10.8114704 ], [ -1.4436096, 10.8128435 ], [ -1.4411817, 10.8139594 ], [ -1.4381522, 10.81535 ], [ -1.4350306, 10.8167231 ], [ -1.4263029, 10.8206896 ], [ -1.4231531, 10.8220974 ], [ -1.4204456, 10.8233315 ], [ -1.4120683, 10.827131 ], [ -1.4093077, 10.8282086 ], [ -1.4065825, 10.8292967 ], [ -1.4037426, 10.8303543 ], [ -1.4013253, 10.8312994 ], [ -1.3986342, 10.8323515 ], [ -1.3961355, 10.833559 ], [ -1.3935104, 10.834833 ], [ -1.3883681, 10.8374838 ], [ -1.383725, 10.8378258 ], [ -1.3811184, 10.8380618 ], [ -1.3779727, 10.838313 ], [ -1.375021, 10.8385339 ], [ -1.3657317, 10.8392269 ], [ -1.3626198, 10.8394932 ], [ -1.3533489, 10.8402043 ], [ -1.3468263, 10.8407127 ], [ -1.3439702, 10.8409215 ], [ -1.341111, 10.8411787 ], [ -1.3383011, 10.841445 ], [ -1.33465, 10.8417839 ], [ -1.3317939, 10.8420562 ], [ -1.3288392, 10.8423286 ], [ -1.3264421, 10.8425525 ], [ -1.3241529, 10.842958 ], [ -1.3212814, 10.8434997 ], [ -1.3160467, 10.8445104 ], [ -1.3129163, 10.8450792 ], [ -1.3101619, 10.8456149 ], [ -1.3048708, 10.8465723 ], [ -1.3019563, 10.8471267 ], [ -1.2970952, 10.8480183 ], [ -1.29566, 10.8483016 ], [ -1.2924234, 10.8489046 ], [ -1.2914486, 10.8490845 ], [ -1.2861738, 10.8500831 ], [ -1.2836658, 10.8505461 ], [ -1.2805047, 10.8511361 ], [ -1.2773471, 10.8517273 ], [ -1.2713872, 10.8528427 ], [ -1.2685604, 10.8533642 ], [ -1.2657024, 10.8538916 ], [ -1.2629587, 10.8543251 ], [ -1.2609239, 10.8547871 ], [ -1.2585212, 10.8546713 ], [ -1.2524332, 10.8543259 ], [ -1.2493617, 10.8541482 ], [ -1.2435074, 10.8537929 ], [ -1.2406026, 10.8536332 ], [ -1.235033, 10.8532499 ], [ -1.2318782, 10.8530343 ], [ -1.2287091, 10.8528206 ], [ -1.2253063, 10.8525951 ], [ -1.2190536, 10.8521858 ], [ -1.2129778, 10.8517805 ], [ -1.2096339, 10.851547 ], [ -1.2034707, 10.8511437 ], [ -1.2003626, 10.85094 ], [ -1.1910466, 10.8503192 ], [ -1.1877861, 10.8501155 ], [ -1.1845805, 10.8498899 ], [ -1.1813627, 10.8496683 ], [ -1.1780127, 10.8494428 ], [ -1.1747969, 10.8492371 ], [ -1.1716157, 10.8490275 ], [ -1.1619562, 10.8483906 ], [ -1.1590372, 10.848177 ], [ -1.1556661, 10.8480873 ], [ -1.1461395, 10.8477574 ], [ -1.1434313, 10.8476485 ], [ -1.1411698, 10.8496033 ], [ -1.1387081, 10.8516398 ], [ -1.1361816, 10.8538305 ], [ -1.134638, 10.8552436 ], [ -1.1312642, 10.857973 ], [ -1.1288117, 10.8600367 ], [ -1.1263715, 10.8620973 ], [ -1.1238173, 10.8642607 ], [ -1.121713, 10.8659976 ], [ -1.1195164, 10.8679051 ], [ -1.1170178, 10.8700147 ], [ -1.1145378, 10.8721243 ], [ -1.1097268, 10.8760984 ], [ -1.1073281, 10.8781016 ], [ -1.1050352, 10.8800621 ], [ -1.1000369, 10.8841708 ], [ -1.0989223, 10.8840089 ], [ -1.0969325, 10.8822016 ], [ -1.0945014, 10.8817744 ], [ -1.0875087, 10.8804649 ], [ -1.086839, 10.8803397 ], [ -1.0796502, 10.8789957 ], [ -1.0780077, 10.8794389 ], [ -1.07591, 10.8801455 ], [ -1.0688442, 10.8823613 ], [ -1.0651487, 10.87989 ], [ -1.0637786, 10.8792871 ] ] } },
{ "type": "Feature", "properties": { "line_id": 930744196, "circuits": 1.0, "tag_frequency": 50.0, "tag_type": "line", "voltage": 330000, "bus0": null, "bus1": null, "length": null, "underground": false, "under_construction": "False", "dc": false, "country": "GH" }, "geometry": { "type": "LineString", "coordinates": [ [ -1.0612554, 10.8755583 ], [ -1.0612661, 10.8749714 ], [ -1.0580341, 10.8728594 ], [ -1.0548264, 10.8708152 ], [ -1.0542746, 10.8664792 ], [ -1.0538257, 10.8628076 ], [ -1.0533698, 10.8596045 ], [ -1.0529889, 10.8563328 ], [ -1.0518731, 10.8535142 ], [ -1.0504408, 10.8499053 ], [ -1.0491319, 10.8466599 ], [ -1.0478069, 10.8431826 ], [ -1.0465355, 10.8400583 ], [ -1.0451576, 10.836499 ], [ -1.0437356, 10.8329669 ], [ -1.0423596, 10.8295596 ], [ -1.0408964, 10.8260283 ], [ -1.0395588, 10.822537 ], [ -1.0382766, 10.819198 ], [ -1.0369975, 10.8159141 ], [ -1.0355917, 10.812462 ], [ -1.0342235, 10.8090674 ], [ -1.0329391, 10.8057509 ], [ -1.0316063, 10.8024438 ], [ -1.0302578, 10.7990608 ], [ -1.0289154, 10.7954927 ], [ -1.026097, 10.7938936 ], [ -1.0228776, 10.7920558 ], [ -1.0199438, 10.790403 ], [ -1.0169188, 10.7886189 ], [ -1.0139728, 10.7869423 ], [ -1.0109053, 10.7851164 ], [ -1.0074977, 10.7831712 ], [ -1.0042662, 10.7813512 ], [ -1.0013263, 10.7796268 ], [ -0.9984896, 10.7779978 ], [ -0.9953857, 10.7762136 ], [ -0.9920327, 10.7742683 ], [ -0.9889106, 10.7724662 ], [ -0.9859221, 10.7707477 ], [ -0.9824415, 10.7687666 ], [ -0.9793315, 10.7669585 ], [ -0.9764038, 10.7652339 ], [ -0.9731358, 10.7633244 ], [ -0.9700623, 10.7616058 ], [ -0.9671649, 10.7599707 ], [ -0.9644254, 10.7583296 ], [ -0.9608841, 10.7563186 ], [ -0.957847, 10.7545284 ], [ -0.9544697, 10.7526247 ], [ -0.9516634, 10.7509717 ], [ -0.945407, 10.7473613 ], [ -0.9423031, 10.745565 ], [ -0.9390169, 10.743715 ], [ -0.9358279, 10.741865 ], [ -0.9327544, 10.7400806 ], [ -0.9296626, 10.7382843 ], [ -0.9264433, 10.7364462 ], [ -0.9237585, 10.7348766 ], [ -0.9206545, 10.7330683 ], [ -0.917587, 10.7313555 ], [ -0.9144953, 10.7295413 ], [ -0.9114096, 10.7277389 ], [ -0.9084939, 10.7261036 ], [ -0.9052078, 10.724164 ], [ -0.9032285, 10.7211963 ], [ -0.9010828, 10.7179337 ], [ -0.8989531, 10.7146763 ], [ -0.8968878, 10.7115717 ], [ -0.8947849, 10.7084302 ], [ -0.8927035, 10.7054258 ], [ -0.890944, 10.7026637 ], [ -0.8910298, 10.700297 ], [ -0.89118, 10.6970657 ], [ -0.8912552, 10.6939241 ], [ -0.8921778, 10.6752106 ], [ -0.8924353, 10.6676194 ], [ -0.8932615, 10.649558 ], [ -0.8929825, 10.6411438 ], [ -0.8899355, 10.6231124 ], [ -0.8672333, 10.59809880000001 ], [ -0.8366776, 10.5580221 ], [ -0.8122212, 10.5069535 ], [ -0.8105743, 10.5036359 ], [ -0.8089221, 10.5003129 ], [ -0.8074093, 10.4969583 ], [ -0.8058107, 10.4937091 ], [ -0.8041263, 10.4903227 ], [ -0.8026242, 10.4872106 ], [ -0.8018518, 10.4837819 ], [ -0.8010846, 10.4802794 ], [ -0.8003712, 10.4767768 ], [ -0.7995665, 10.473174 ], [ -0.798794, 10.4696028 ], [ -0.7980538, 10.46593130000001 ], [ -0.7973135, 10.46233360000001 ], [ -0.7964766, 10.45859870000001 ], [ -0.7957363, 10.45488490000001 ], [ -0.7949102, 10.45123430000001 ], [ -0.794127, 10.44767860000001 ], [ -0.7934189, 10.44392250000001 ], [ -0.7925713, 10.4403351 ], [ -0.7917774, 10.4366632 ], [ -0.7909298, 10.4328647 ], [ -0.7903612, 10.4296676 ], [ -0.7912195, 10.4263861 ], [ -0.7922387, 10.4225874 ], [ -0.7941485, 10.4152538 ], [ -0.7951141, 10.4116345 ], [ -0.7960367, 10.4081364 ], [ -0.796997, 10.4044958 ], [ -0.7979787, 10.40066 ], [ -0.7990193, 10.3969138 ], [ -0.7999849, 10.3928721 ], [ -0.8007574, 10.3901706 ], [ -0.8028066, 10.3872263 ], [ -0.8049846, 10.3839021 ], [ -0.8070552, 10.3808944 ], [ -0.8091366, 10.3778234 ], [ -0.8112717, 10.3745308 ], [ -0.8132511, 10.3712381 ], [ -0.8150214, 10.3683095 ], [ -0.8166093, 10.3665839 ], [ -0.8171511, 10.3632648 ], [ -0.8174944, 10.359439 ], [ -0.8178538, 10.3556818 ], [ -0.8182025, 10.3520089 ], [ -0.8185673, 10.3483677 ], [ -0.818814, 10.345117 ], [ -0.8182132, 10.341444 ], [ -0.8175588, 10.3375071 ], [ -0.8170116, 10.3340979 ], [ -0.8163893, 10.3308365 ], [ -0.8172755, 10.3274498 ], [ -0.8181596, 10.3240707 ], [ -0.8190286, 10.3207458 ], [ -0.8198977, 10.3174209 ], [ -0.8207238, 10.3140432 ], [ -0.8215714, 10.3108554 ], [ -0.8224511, 10.3075621 ], [ -0.8233202, 10.3042053 ], [ -0.8251011, 10.2975023 ], [ -0.8259595, 10.2940083 ], [ -0.8268178, 10.290852 ], [ -0.8276653, 10.2874212 ], [ -0.8286309, 10.2837264 ], [ -0.8294571, 10.2805489 ], [ -0.8295965, 10.2776669 ], [ -0.829736, 10.2744471 ], [ -0.8297682, 10.2711217 ], [ -0.8299077, 10.2677646 ], [ -0.8299613, 10.2644602 ], [ -0.8300901, 10.261008 ], [ -0.8301759, 10.25745020000001 ], [ -0.8302617, 10.25381850000001 ], [ -0.8304119, 10.25000720000001 ], [ -0.8305192, 10.2464598 ], [ -0.8306372, 10.2428068 ], [ -0.8307445, 10.23914320000001 ], [ -0.8308625, 10.2354374 ], [ -0.8309269, 10.2317103 ], [ -0.8310557, 10.2280149 ], [ -0.8312166, 10.22427730000001 ], [ -0.8313131, 10.22085630000001 ], [ -0.8315384, 10.21761480000001 ], [ -0.8300901, 10.214447200000011 ], [ -0.8284271, 10.210994400000011 ], [ -0.8269036, 10.207594500000011 ], [ -0.8252621, 10.204078300000011 ], [ -0.8237305, 10.200879700000012 ], [ -0.8223714, 10.1979387 ], [ -0.8218794, 10.1946749 ] ] } },
{ "type": "Feature", "properties": { "line_id": 943966114, "circuits": 1.0, "tag_frequency": 50.0, "tag_type": "line", "voltage": 330000, "bus0": null, "bus1": null, "length": null, "underground": false, "under_construction": "False", "dc": false, "country": "GH" }, "geometry": { "type": "LineString", "coordinates": [ [ -1.1462259, 9.158609899999979 ], [ -1.1496082, 9.1580432 ], [ -1.1529931, 9.1574394 ], [ -1.1564827, 9.1568092 ], [ -1.1596584, 9.1563061 ], [ -1.1613321, 9.1531629 ], [ -1.163376, 9.1495615 ], [ -1.1653769, 9.1469452 ], [ -1.1677694, 9.1438839 ], [ -1.1701102, 9.1414222 ], [ -1.1730032, 9.1384277 ], [ -1.1756189, 9.135622 ], [ -1.1785524, 9.1325507 ], [ -1.1818953, 9.1290328 ], [ -1.184401, 9.1295819 ], [ -1.1886485, 9.1305414 ], [ -1.1909158, 9.131006 ], [ -1.1936905, 9.1316214 ], [ -1.1972534, 9.1319714 ], [ -1.2006697, 9.132261 ], [ -1.20496, 9.1326593 ], [ -1.2087491, 9.1330575 ], [ -1.2124893, 9.1333713 ], [ -1.2160706, 9.13373330000001 ], [ -1.2198597, 9.13405920000001 ], [ -1.22379, 9.13450840000001 ], [ -1.2275421, 9.13487170000001 ], [ -1.2310408, 9.13521110000001 ], [ -1.2349196, 9.13562210000001 ], [ -1.2390819, 9.1359914 ], [ -1.242846, 9.1363487 ], [ -1.2462543, 9.13564 ], [ -1.2499994, 9.134895 ], [ -1.2537565, 9.1341366 ], [ -1.2573052, 9.1334312 ], [ -1.2610861, 9.1326552 ], [ -1.264872, 9.1318335 ], [ -1.2686921, 9.131085 ], [ -1.2725004, 9.1303451 ], [ -1.2758033, 9.1296894 ], [ -1.2789769, 9.1241073 ], [ -1.2807224, 9.12104640000001 ], [ -1.2825149, 9.1179883 ], [ -1.2843515, 9.1147793 ], [ -1.2863291, 9.11127440000001 ], [ -1.2879159, 9.1085586 ], [ -1.2897378, 9.1054656 ], [ -1.2914539, 9.10241320000001 ], [ -1.2933052, 9.099221600000011 ], [ -1.2951036, 9.096000800000011 ], [ -1.2969549, 9.092878700000011 ], [ -1.298859, 9.089611500000011 ], [ -1.3006633, 9.086384900000011 ], [ -1.3025204, 9.083152400000012 ], [ -1.3061466, 9.076844100000011 ], [ -1.3080449, 9.07361740000001 ], [ -1.3099136, 9.070394900000011 ], [ -1.3116887, 9.067238500000011 ], [ -1.3135566, 9.06404770000001 ], [ -1.3153375, 9.060925700000011 ], [ -1.317101, 9.05778640000001 ], [ -1.3188354, 9.05479610000001 ], [ -1.3205699, 9.0518058 ], [ -1.3223682, 9.0488383 ], [ -1.3240273, 9.0457218 ], [ -1.3258024, 9.0426741 ], [ -1.3276122, 9.0396493 ], [ -1.3293061, 9.0365843 ], [ -1.3312146, 9.0333303 ], [ -1.3331521, 9.0300304 ], [ -1.3436591, 9.0115352 ], [ -1.3469114, 9.0061288 ], [ -1.3508507, 8.9989353 ], [ -1.3537365, 8.9940039 ], [ -1.3583014, 8.9865334 ], [ -1.3644165, 8.976675 ], [ -1.3663493, 8.9735042 ], [ -1.3684856, 8.9699984 ], [ -1.3704637, 8.9666935 ], [ -1.3724079, 8.9635785 ], [ -1.3744085, 8.96045220000001 ], [ -1.3763414, 8.9572254 ], [ -1.3781499, 8.9542442 ], [ -1.3801619, 8.950995 ], [ -1.3818574, 8.9482594 ], [ -1.3835529, 8.945401 ], [ -1.3854857, 8.9421518 ], [ -1.3873441, 8.9391263 ], [ -1.389118, 8.9361175 ], [ -1.3910705, 8.9330535 ], [ -1.3929336, 8.9299674 ], [ -1.3947968, 8.9268152 ], [ -1.3966823, 8.9237843 ], [ -1.3986181, 8.9205493 ], [ -1.4005315, 8.9175128 ], [ -1.4024114, 8.9143991 ], [ -1.4042776, 8.911333 ], [ -1.4061166, 8.9083303 ], [ -1.4079827, 8.90524310000009 ], [ -1.4096886, 8.90237590000009 ], [ -1.412741, 8.89956170000009 ], [ -1.4152059, 8.89731720000009 ], [ -1.4186888, 8.894077700000091 ], [ -1.4207755, 8.892156500000091 ], [ -1.4238467, 8.889310400000092 ], [ -1.4263438, 8.887010200000091 ], [ -1.4282294, 8.884415800000092 ], [ -1.4303322, 8.881465 ], [ -1.4324901, 8.878461100000091 ], [ -1.4346332, 8.875512900000091 ], [ -1.4367239, 8.872554100000089 ], [ -1.4388389, 8.86968 ], [ -1.4409645, 8.86672780000009 ], [ -1.4426129, 8.864459500000022 ], [ -1.4430553, 8.863847 ], [ -1.4432843, 8.863521700000021 ], [ -1.4450334, 8.86110540000009 ], [ -1.447202, 8.85808020000009 ], [ -1.4492579, 8.85522720000009 ], [ -1.4512749, 8.852417900000091 ], [ -1.4533966, 8.849470800000091 ], [ -1.455545, 8.846486600000091 ], [ -1.4577391, 8.843459900000092 ], [ -1.459805, 8.840615500000091 ], [ -1.461698, 8.837952500000091 ], [ -1.4643963, 8.83592760000009 ], [ -1.4674916, 8.833605900000091 ], [ -1.4704903, 8.831411400000091 ], [ -1.4734353, 8.82921150000009 ], [ -1.4764863, 8.826944100000091 ], [ -1.4796084, 8.824606400000091 ], [ -1.4798787, 8.8244037 ], [ -1.4825696, 8.822385300000091 ], [ -1.4852786, 8.820355 ], [ -1.48655, 8.816978300000091 ], [ -1.4879769, 8.813082 ], [ -1.4893609, 8.809376500000091 ], [ -1.489656, 8.805925500000091 ], [ -1.4899081, 8.802882600000091 ], [ -1.4901951, 8.799895300000092 ], [ -1.490466, 8.796521 ], [ -1.4907785, 8.79279150000009 ], [ -1.4893904, 8.78934430000009 ], [ -1.4887413, 8.787736700000011 ], [ -1.4880762, 8.78617270000009 ], [ -1.4866667, 8.782634 ], [ -1.4852733, 8.779248900000091 ], [ -1.4838731, 8.775871800000091 ], [ -1.4824891, 8.772457600000092 ], [ -1.4812499, 8.769377300000091 ], [ -1.4819902, 8.766069 ], [ -1.482693, 8.76288260000009 ], [ -1.4834976, 8.75929330000009 ], [ -1.4843452, 8.755629700000091 ], [ -1.4850587, 8.75237960000009 ], [ -1.4858097, 8.74888560000009 ], [ -1.4866358, 8.74524310000009 ], [ -1.4874512, 8.741632400000091 ], [ -1.488272, 8.737894400000091 ], [ -1.4890659, 8.73438440000009 ], [ -1.4898759, 8.73074170000009 ], [ -1.4906866, 8.72708520000009 ], [ -1.491437, 8.72376190000009 ], [ -1.492247, 8.720179500000089 ], [ -1.4939509, 8.717004700000089 ], [ -1.4957285, 8.713646900000089 ], [ -1.4974907, 8.71022940000009 ], [ -1.4993817, 8.70659980000009 ], [ -1.5012351, 8.703068200000089 ], [ -1.5030938, 8.699494200000089 ], [ -1.5049151, 8.696036800000089 ], [ -1.5067712, 8.69250790000009 ], [ -1.508646, 8.68889930000009 ], [ -1.5102884, 8.685710500000027 ], [ -1.5114737, 8.683470200000029 ], [ -1.5142532, 8.681514200000029 ], [ -1.5171543, 8.67960720000003 ], [ -1.5200132, 8.677624200000031 ], [ -1.5228821, 8.675695100000031 ], [ -1.5252699, 8.674018500000031 ], [ -1.5261799, 8.671422700000031 ], [ -1.5271147, 8.668687100000032 ], [ -1.5280966, 8.665767700000032 ], [ -1.5290636, 8.662995300000032 ], [ -1.5292124, 8.660318500000033 ], [ -1.5294008, 8.657585300000033 ], [ -1.529557, 8.654827600000033 ], [ -1.5308117, 8.651913 ], [ -1.5321953, 8.648613500000032 ], [ -1.5336086, 8.645318800000032 ], [ -1.5349451, 8.642222700000032 ] ] } },
{ "type": "Feature", "properties": { "line_id": 1050516918, "circuits": 2.0, "tag_frequency": 50.0, "tag_type": "line", "voltage": 161000, "bus0": null, "bus1": null, "length": null, "underground": false, "under_construction": "False", "dc": false, "country": "GH" }, "geometry": { "type": "LineString", "coordinates": [ [ -0.4426543, 5.531178900000017 ], [ -0.4423231, 5.5322402 ], [ -0.4388818, 5.5330744 ], [ -0.4345849, 5.534149 ], [ -0.4308821, 5.535008 ], [ -0.4271036, 5.5359637 ], [ -0.4241179, 5.5367158 ], [ -0.4231077, 5.5369708 ], [ -0.4191381, 5.5378906 ], [ -0.4151952, 5.538881 ], [ -0.4111446, 5.5398935 ], [ -0.4077132, 5.5407511 ], [ -0.4033747, 5.541349099999986 ], [ -0.4007985, 5.5416121 ], [ -0.3940648, 5.5423516 ], [ -0.3903325, 5.5427741 ], [ -0.3867377, 5.5431752 ], [ -0.3830463, 5.5450293 ], [ -0.3799952, 5.5465308 ], [ -0.3773554, 5.5478299 ], [ -0.3746134, 5.5491792 ], [ -0.3711986, 5.5497608 ], [ -0.3674264, 5.5504033 ], [ -0.3637891, 5.5510129 ], [ -0.361191, 5.5514484 ], [ -0.3580011, 5.5508651 ], [ -0.3548218, 5.5502756 ], [ -0.3514753, 5.5496551 ], [ -0.347884, 5.5506112 ], [ -0.3441462, 5.5515886 ], [ -0.3401376, 5.5526431 ], [ -0.3363742, 5.5536232 ], [ -0.3323914, 5.554684 ], [ -0.3281924, 5.5560849 ], [ -0.324953, 5.5578442 ], [ -0.3210484, 5.5599364 ], [ -0.317715, 5.5617424 ], [ -0.3138466, 5.563814 ] ] } },
{ "type": "Feature", "properties": { "line_id": 1069597791, "circuits": 1.0, "tag_frequency": 50.0, "tag_type": "line", "voltage": 330000, "bus0": null, "bus1": null, "length": null, "underground": false, "under_construction": "False", "dc": false, "country": "GH" }, "geometry": { "type": "LineString", "coordinates": [ [ -0.9467983, 9.327121099999973 ], [ -0.9462726, 9.326406499999973 ], [ -0.9484935, 9.323235699999973 ], [ -0.9509289, 9.319657199999973 ], [ -0.9531284, 9.316639799999974 ], [ -0.9559822, 9.314437699999974 ], [ -0.9674406, 9.305681799999972 ], [ -0.9704876, 9.303373699999971 ], [ -0.9732986, 9.301213799999973 ], [ -0.9760452, 9.299128 ], [ -0.9790707, 9.296777499999973 ], [ -0.9824825, 9.294172799999973 ], [ -0.9854651, 9.291991699999974 ], [ -0.987804, 9.290191699999975 ], [ -0.9902716, 9.288264699999974 ], [ -0.9932757, 9.285956499999974 ], [ -0.9964085, 9.283563499999975 ], [ -0.9994126, 9.281255299999975 ], [ -1.0023093, 9.279010499999975 ], [ -1.0053134, 9.276786899999975 ], [ -1.0083819, 9.274436299999975 ], [ -1.0113752, 9.272096199999975 ], [ -1.0142183, 9.269999599999975 ], [ -1.0166967, 9.268210099999976 ], [ -1.0189068, 9.266643 ], [ -1.0210955, 9.263413399999976 ], [ -1.0234881, 9.259919 ], [ -1.0252583, 9.257324699999977 ], [ -1.0268784, 9.254973899999976 ], [ -1.0284662, 9.252601899999977 ], [ -1.0302901, 9.249954599999977 ], [ -1.0321462, 9.247159 ], [ -1.0347748, 9.244871699999976 ], [ -1.0375857, 9.242457299999977 ], [ -1.040622, 9.239809899999976 ], [ -1.0433257, 9.237416599999976 ], [ -1.0459328, 9.235256299999977 ], [ -1.0479283, 9.232820699999976 ], [ -1.0500366, 9.230194399999977 ], [ -1.052767, 9.227917499999977 ], [ -1.0555244, 9.225651299999978 ], [ -1.0582388, 9.223363799999978 ], [ -1.0608888, 9.221171599999979 ], [ -1.0635817, 9.218841799999979 ], [ -1.0663176, 9.216628399999978 ], [ -1.0690534, 9.214340899999979 ], [ -1.0717249, 9.212085099999978 ], [ -1.0747075, 9.209681099999978 ], [ -1.0771859, 9.207467699999977 ], [ -1.0795999, 9.205455499999978 ], [ -1.0823679, 9.203220799999977 ], [ -1.0852432, 9.200774399999977 ], [ -1.0880756, 9.198402 ], [ -1.0909617, 9.195987299999977 ], [ -1.093837, 9.193625499999978 ], [ -1.0965943, 9.191274299999979 ], [ -1.0994697, 9.188848899999979 ], [ -1.1024308, 9.186444699999978 ], [ -1.1052203, 9.184051099999978 ], [ -1.1082459, 9.181583299999978 ], [ -1.1111426, 9.179157899999979 ], [ -1.1140072, 9.176721799999978 ], [ -1.1168933, 9.174317499999978 ], [ -1.1197579, 9.172008599999979 ], [ -1.1226332, 9.169572499999978 ], [ -1.1251223, 9.167432899999978 ], [ -1.1278045, 9.166204299999979 ], [ -1.1306691, 9.164890899999978 ], [ -1.1338127, 9.163386899999978 ], [ -1.1369562, 9.161946399999978 ], [ -1.1399388, 9.160527 ], [ -1.1428464, 9.159192399999979 ], [ -1.1462259, 9.158609899999979 ] ] } },
{ "type": "Feature", "properties": { "line_id": 1165841064, "circuits": 1.0, "tag_frequency": 50.0, "tag_type": "line", "voltage": 161000, "bus0": null, "bus1": null, "length": null, "underground": false, "under_construction": "False", "dc": false, "country": "GH" }, "geometry": { "type": "LineString", "coordinates": [ [ -1.0612724, 10.8776722 ], [ -1.0612736, 10.8776034 ], [ -1.0612661, 10.8770657 ], [ -1.0612349, 10.8767889 ] ] } },
{ "type": "Feature", "properties": { "line_id": 1165841065, "circuits": 1.0, "tag_frequency": 50.0, "tag_type": "line", "voltage": 161000, "bus0": null, "bus1": null, "length": null, "underground": false, "under_construction": "False", "dc": false, "country": "GH" }, "geometry": { "type": "LineString", "coordinates": [ [ -1.0614306, 10.8776951 ], [ -1.0614283, 10.8776046 ], [ -1.0614225, 10.8770669 ], [ -1.0614213, 10.876789 ] ] } },
{ "type": "Feature", "properties": { "line_id": 1165841066, "circuits": 1.0, "tag_frequency": 50.0, "tag_type": "line", "voltage": 330000, "bus0": null, "bus1": null, "length": null, "underground": false, "under_construction": "False", "dc": false, "country": "GH" }, "geometry": { "type": "LineString", "coordinates": [ [ -1.0614213, 10.876789 ], [ -1.0614253, 10.8766434 ], [ -1.0614427, 10.875996699999989 ] ] } },
{ "type": "Feature", "properties": { "line_id": 1165841067, "circuits": 1.0, "tag_frequency": 50.0, "tag_type": "line", "voltage": 330000, "bus0": null, "bus1": null, "length": null, "underground": false, "under_construction": "False", "dc": false, "country": "GH" }, "geometry": { "type": "LineString", "coordinates": [ [ -1.0612349, 10.8767889 ], [ -1.0612374, 10.8766381 ], [ -1.0612481, 10.8759973 ], [ -1.0612554, 10.8755583 ] ] } },
{ "type": "Feature", "properties": { "line_id": 1165841068, "circuits": 1.0, "tag_frequency": 50.0, "tag_type": "line", "voltage": 330000, "bus0": null, "bus1": null, "length": null, "underground": false, "under_construction": "False", "dc": false, "country": "GH" }, "geometry": { "type": "LineString", "coordinates": [ [ -1.0628923, 10.8760075 ], [ -1.0628924, 10.8765919 ], [ -1.0628897, 10.8767916 ] ] } },
{ "type": "Feature", "properties": { "line_id": 1165841069, "circuits": 1.0, "tag_frequency": 50.0, "tag_type": "line", "voltage": 330000, "bus0": null, "bus1": null, "length": null, "underground": false, "under_construction": "False", "dc": false, "country": "GH" }, "geometry": { "type": "LineString", "coordinates": [ [ -1.0630532, 10.876007 ], [ -1.0630372, 10.8765916 ], [ -1.0630332, 10.8767877 ] ] } },
{ "type": "Feature", "properties": { "line_id": 1165841070, "circuits": 1.0, "tag_frequency": 50.0, "tag_type": "line", "voltage": 330000, "bus0": null, "bus1": null, "length": null, "underground": false, "under_construction": "False", "dc": false, "country": "GH" }, "geometry": { "type": "LineString", "coordinates": [ [ -1.0631499, 10.8760067 ], [ -1.0630532, 10.876007 ], [ -1.0628923, 10.8760075 ], [ -1.0627462, 10.876008 ], [ -1.0626443, 10.8761463 ], [ -1.0617618, 10.8761331 ], [ -1.0616425, 10.875996099999989 ], [ -1.0614427, 10.875996699999989 ], [ -1.0612481, 10.8759973 ], [ -1.0611784, 10.8759975 ] ] } },
{ "type": "Feature", "properties": { "line_id": 1165841071, "circuits": 1.0, "tag_frequency": 50.0, "tag_type": "line", "voltage": 330000, "bus0": null, "bus1": null, "length": null, "underground": false, "under_construction": "False", "dc": false, "country": "GH" }, "geometry": { "type": "LineString", "coordinates": [ [ -1.0631338, 10.8765914 ], [ -1.0630372, 10.8765916 ], [ -1.0628924, 10.8765919 ], [ -1.0617042, 10.8765941 ], [ -1.0615459, 10.8766467 ], [ -1.0614253, 10.8766434 ], [ -1.0612374, 10.8766381 ], [ -1.0611704, 10.8766362 ] ] } },
{ "type": "Feature", "properties": { "line_id": 1165841072, "circuits": 1.0, "tag_frequency": 50.0, "tag_type": "line", "voltage": 225000, "bus0": null, "bus1": null, "length": null, "underground": false, "under_construction": "False", "dc": false, "country": "GH" }, "geometry": { "type": "LineString", "coordinates": [ [ -1.0630117, 10.8775792 ], [ -1.0630332, 10.8767877 ] ] } },
{ "type": "Feature", "properties": { "line_id": 1165841073, "circuits": 1.0, "tag_frequency": 50.0, "tag_type": "line", "voltage": 225000, "bus0": null, "bus1": null, "length": null, "underground": false, "under_construction": "False", "dc": false, "country": "GH" }, "geometry": { "type": "LineString", "coordinates": [ [ -1.0628897, 10.8767916 ], [ -1.062878, 10.8775815 ] ] } },
{ "type": "Feature", "properties": { "line_id": 1165868829, "circuits": 1.0, "tag_frequency": 50.0, "tag_type": "line", "voltage": 161000, "bus0": null, "bus1": null, "length": null, "underground": false, "under_construction": "False", "dc": false, "country": "GH" }, "geometry": { "type": "LineString", "coordinates": [ [ -1.0610246, 10.8770576 ], [ -1.0610186, 10.8776016 ], [ -1.0610177, 10.8776825 ] ] } },
{ "type": "Feature", "properties": { "line_id": 1165868830, "circuits": 1.0, "tag_frequency": 50.0, "tag_type": "line", "voltage": 161000, "bus0": null, "bus1": null, "length": null, "underground": false, "under_construction": "False", "dc": false, "country": "GH" }, "geometry": { "type": "LineString", "coordinates": [ [ -1.0609338, 10.8784355 ], [ -1.0603067, 10.878345 ], [ -1.0593554, 10.8757259 ], [ -1.0582443, 10.8749399 ], [ -1.0562755, 10.8735175 ], [ -1.0539956, 10.8716895 ], [ -1.052043, 10.8702144 ], [ -1.0497148, 10.8684179 ], [ -1.0479231, 10.8671746 ], [ -1.0462441, 10.8660367 ], [ -1.0426588, 10.8635106 ], [ -1.0403619, 10.8618805 ], [ -1.0385109, 10.8605597 ], [ -1.034593, 10.8577755 ], [ -1.0306291, 10.8549392 ], [ -1.0284772, 10.8533959 ], [ -1.0263927, 10.8519395 ], [ -1.0241346, 10.8503545 ], [ -1.0220501, 10.8489224 ], [ -1.0198947, 10.8474243 ], [ -1.017527, 10.8457593 ], [ -1.0153327, 10.8442264 ], [ -1.0130888, 10.8426796 ], [ -1.0111069, 10.8412787 ], [ -1.0090187, 10.8398014 ], [ -1.0066652, 10.8381573 ], [ -1.004846, 10.8368989 ], [ -1.0026163, 10.8353208 ], [ -1.0003973, 10.833833 ], [ -0.9981145, 10.8323105 ], [ -0.9958282, 10.8308018 ], [ -0.9935418, 10.829321 ], [ -0.9912201, 10.8277775 ], [ -0.9886542, 10.8273361 ], [ -0.9862192, 10.8268668 ], [ -0.9846298, 10.8265929 ], [ -0.9837984, 10.8264496 ], [ -0.9814342, 10.8260255 ], [ -0.9788648, 10.8255736 ], [ -0.9764334, 10.8251495 ], [ -0.9741577, 10.8247289 ], [ -0.9718253, 10.8243257 ], [ -0.9695567, 10.8239607 ], [ -0.9672633, 10.8235748 ], [ -0.9647009, 10.8231959 ], [ -0.962451, 10.8228424 ], [ -0.9600478, 10.822521 ], [ -0.9575265, 10.8221575 ], [ -0.9548711, 10.8217623 ], [ -0.954045, 10.8216253 ], [ -0.9525054, 10.8214356 ], [ -0.9499841, 10.8203765 ], [ -0.9476828, 10.8194703 ], [ -0.9474494, 10.819381599999955 ], [ -0.945478, 10.8186325 ], [ -0.9437399, 10.8179528 ], [ -0.9417175, 10.8172256 ], [ -0.9405374, 10.8167619 ], [ -0.9385525, 10.8160822 ], [ -0.9357577, 10.8151022 ], [ -0.9333866, 10.8143013 ], [ -0.9311175, 10.8135267 ], [ -0.9291165, 10.812868 ], [ -0.9267079, 10.812025 ], [ -0.9244012, 10.811614 ], [ -0.9219354, 10.8111931 ], [ -0.9200177, 10.8108628 ], [ -0.9168388, 10.8103338 ], [ -0.9102394, 10.8079558 ], [ -0.9081549, 10.8072113 ], [ -0.9059093, 10.8064528 ], [ -0.9035462, 10.8056581 ], [ -0.9011472, 10.8049089 ], [ -0.8987224, 10.8041294 ], [ -0.8961824, 10.8032846 ], [ -0.8936935, 10.8024153 ], [ -0.8914639, 10.8016678 ], [ -0.8892902, 10.8008756 ], [ -0.8868663, 10.8000408 ], [ -0.8843516, 10.799160299999981 ], [ -0.8841504, 10.7990898 ], [ -0.8816859, 10.7982477 ], [ -0.8791215, 10.7973331 ], [ -0.8765387, 10.7964075 ], [ -0.8739485, 10.7955074 ], [ -0.8735801, 10.795375599999977 ], [ -0.8718792, 10.7947669 ], [ -0.8705749, 10.7939793 ], [ -0.8705416, 10.7943241 ] ] } },
{ "type": "Feature", "properties": { "line_id": 1165868831, "circuits": 1.0, "tag_frequency": 50.0, "tag_type": "line", "voltage": 161000, "bus0": null, "bus1": null, "length": null, "underground": false, "under_construction": "False", "dc": false, "country": "GH" }, "geometry": { "type": "LineString", "coordinates": [ [ -1.0615016, 10.8776051 ], [ -1.0614283, 10.8776046 ], [ -1.0612736, 10.8776034 ], [ -1.0611459, 10.8776025 ], [ -1.0610186, 10.8776016 ], [ -1.0609692, 10.8776012 ] ] } },
{ "type": "Feature", "properties": { "line_id": 1165902649, "circuits": 1.0, "tag_frequency": 50.0, "tag_type": "line", "voltage": 330000, "bus0": null, "bus1": null, "length": null, "underground": false, "under_construction": "False", "dc": false, "country": "GH" }, "geometry": { "type": "LineString", "coordinates": [ [ -1.6611457, 4.9721527 ], [ -1.662342, 4.9709262 ], [ -1.6645736, 4.9707285 ], [ -1.6650295, 4.9706937 ], [ -1.6675293, 4.9707044 ], [ -1.6704261, 4.9671184 ], [ -1.6742939, 4.9669848 ], [ -1.6783816, 4.9677437 ], [ -1.6808063, 4.9676368 ], [ -1.6837943, 4.967391 ], [ -1.6862887, 4.9648257 ], [ -1.690827, 4.9631049 ], [ -1.692844, 4.9623032 ], [ -1.6944131, 4.9631637 ], [ -1.6954672, 4.9628831 ], [ -1.6967601, 4.9613386 ], [ -1.6998339, 4.9574719 ], [ -1.7034817, 4.9550429 ], [ -1.7059627, 4.9499203 ], [ -1.7056704, 4.9474512 ], [ -1.7076525, 4.9460055 ], [ -1.7087817, 4.9429833 ], [ -1.7052358, 4.9411554 ], [ -1.7009872, 4.9405569 ], [ -1.6971731, 4.9392581 ] ] } },
{ "type": "Feature", "properties": { "line_id": 1165939809, "circuits": 2.0, "tag_frequency": 50.0, "tag_type": "line", "voltage": 330000, "bus0": null, "bus1": null, "length": null, "underground": false, "under_construction": "False", "dc": false, "country": "GH" }, "geometry": { "type": "LineString", "coordinates": [ [ -1.5152146, 6.697421500000014 ], [ -1.5177063, 6.695373100000015 ], [ -1.5181516, 6.694754700000015 ] ] } },
{ "type": "Feature", "properties": { "line_id": 1165939810, "circuits": 1.0, "tag_frequency": 50.0, "tag_type": "line", "voltage": 330000, "bus0": null, "bus1": null, "length": null, "underground": false, "under_construction": "False", "dc": false, "country": "GH" }, "geometry": { "type": "LineString", "coordinates": [ [ -1.5152146, 6.697421500000014 ], [ -1.5149868, 6.6981099 ], [ -1.5139622, 6.7007365 ], [ -1.5100944, 6.7021058 ], [ -1.5066612, 6.7033738 ], [ -1.5035713, 6.7044713 ], [ -1.5006155, 6.7055475 ], [ -1.4980084, 6.7064745 ], [ -1.4935505, 6.7081101 ], [ -1.4926815, 6.7104969 ], [ -1.4916354, 6.7130595 ], [ -1.4904714, 6.716011 ], [ -1.4886153, 6.718483 ], [ -1.489951, 6.722825 ], [ -1.4897847, 6.7258617 ], [ -1.4895862, 6.7289356 ], [ -1.4902836, 6.7316793 ], [ -1.4915603, 6.736687 ], [ -1.4924938, 6.7399527 ], [ -1.494484, 6.7433782 ], [ -1.4959216, 6.7472991 ], [ -1.4970589, 6.7503569 ], [ -1.498003, 6.7530525 ], [ -1.4992422, 6.7564246 ], [ -1.5002132, 6.7590722 ], [ -1.5009588, 6.7612616 ], [ -1.5029383, 6.7626147 ], [ -1.5057975, 6.7645857 ], [ -1.5079272, 6.7683093 ], [ -1.5102661, 6.7693801 ], [ -1.5135089, 6.7720276 ], [ -1.5154856, 6.7732315 ], [ -1.5173954, 6.7743821 ], [ -1.521129, 6.7750427 ], [ -1.5246803, 6.7775197 ], [ -1.5271908, 6.7792616 ], [ -1.5299213, 6.7811313 ], [ -1.5335101, 6.7821328 ], [ -1.5363425, 6.7829052 ], [ -1.5384668, 6.7856538 ], [ -1.5406931, 6.7883226 ], [ -1.5425009, 6.7914654 ], [ -1.5449953, 6.793676 ], [ -1.5487182, 6.796936 ], [ -1.5507567, 6.7987311 ], [ -1.5525296, 6.8008298 ], [ -1.5552092, 6.8028752 ], [ -1.5575963, 6.8064174 ], [ -1.5595919, 6.809608 ], [ -1.5612602, 6.8123459 ], [ -1.5629607, 6.815153 ], [ -1.5645969, 6.8177896 ], [ -1.5649241, 6.8196805 ], [ -1.5684003, 6.8213157 ], [ -1.5711415, 6.8227432 ], [ -1.5715814, 6.8256834 ], [ -1.5720964, 6.8285916 ], [ -1.5708786, 6.83232 ], [ -1.5697843, 6.8358141 ], [ -1.5687275, 6.8390525 ], [ -1.5692371, 6.8420937 ], [ -1.5699399, 6.8456889 ], [ -1.5706372, 6.8491296 ], [ -1.5740436, 6.8507115 ], [ -1.5774125, 6.8523253 ], [ -1.5803415, 6.8537047 ], [ -1.5833294, 6.8552014 ], [ -1.5865749, 6.8568365 ], [ -1.5903407, 6.8587139 ], [ -1.5935299, 6.8602824 ], [ -1.5972823, 6.8621572 ], [ -1.6006136, 6.8638402 ], [ -1.6038001, 6.8654113 ], [ -1.6073889, 6.8672062 ], [ -1.610055, 6.868527 ], [ -1.6145772, 6.8708012 ], [ -1.617195, 6.872106 ], [ -1.6212559, 6.8741085 ], [ -1.6240883, 6.8754933 ], [ -1.625644, 6.8783053 ], [ -1.6273606, 6.8811173 ], [ -1.6298497, 6.8835991 ], [ -1.6318184, 6.8855483 ], [ -1.6336209, 6.8886905 ], [ -1.6353214, 6.891593 ], [ -1.6371989, 6.8947405 ], [ -1.6388941, 6.8976163 ], [ -1.6408628, 6.9009874 ], [ -1.6429281, 6.9044649 ], [ -1.6447842, 6.9076443 ], [ -1.6462594, 6.9101472 ], [ -1.6479009, 6.9129271 ], [ -1.6483247, 6.9167348 ], [ -1.6486841, 6.9203613 ], [ -1.6490328, 6.9237429 ], [ -1.6494137, 6.9272895 ], [ -1.6498911, 6.9311876 ], [ -1.6502988, 6.934665 ], [ -1.6525626, 6.9375619 ], [ -1.6544616, 6.940038 ], [ -1.6569615, 6.9432118 ], [ -1.6582489, 6.9448732 ], [ -1.6608506, 6.9481002 ], [ -1.661945, 6.9508372 ], [ -1.6632003, 6.9539843 ], [ -1.6647506, 6.9578875 ], [ -1.6666603, 6.9624935 ], [ -1.6677547, 6.9652678 ], [ -1.6689402, 6.9681591 ], [ -1.6707695, 6.972616 ], [ -1.6743743, 6.9815029 ], [ -1.6757047, 6.9849213 ], [ -1.6767776, 6.9875197 ], [ -1.6783816, 6.9914598 ], [ -1.6795778, 6.9944948 ], [ -1.6808277, 6.9975564 ], [ -1.6822118, 7.0009108 ], [ -1.6834348, 7.0041374 ], [ -1.684556, 7.0068155 ], [ -1.6858059, 7.0098983 ], [ -1.6869378, 7.0126989 ], [ -1.6882281, 7.0158209 ], [ -1.6897434, 7.0194873 ], [ -1.6911006, 7.0230971 ], [ -1.6927207, 7.0269465 ], [ -1.6940403, 7.0302847 ], [ -1.6968244, 7.0371634 ], [ -1.6996622, 7.0441484 ], [ -1.7007405, 7.0469914 ], [ -1.7023646, 7.0509622 ], [ -1.7038304, 7.0545459 ], [ -1.7068505, 7.0619673 ], [ -1.7082828, 7.0655182 ], [ -1.7094255, 7.0685207 ], [ -1.7097259, 7.0747919 ], [ -1.7089641, 7.0787739 ], [ -1.7082453, 7.0822928 ], [ -1.7074943, 7.0858116 ], [ -1.7079127, 7.0883615 ], [ -1.7086047, 7.0928917 ], [ -1.7090875, 7.0960165 ], [ -1.709581, 7.0986995 ], [ -1.7102194, 7.1030379 ], [ -1.7105788, 7.1053429 ], [ -1.7110509, 7.1084889 ], [ -1.7123008, 7.1163618 ], [ -1.7128694, 7.1198112 ], [ -1.7136473, 7.124208 ], [ -1.7140657, 7.1270345 ], [ -1.7146558, 7.1311917 ], [ -1.7158628, 7.1334167 ], [ -1.7175365, 7.1366956 ], [ -1.7193228, 7.1403098 ], [ -1.7206854, 7.1427051 ], [ -1.7226058, 7.1465109 ], [ -1.7243761, 7.1499813 ], [ -1.7298746, 7.1553998 ], [ -1.7360759, 7.1613025 ], [ -1.7391497, 7.1643257 ], [ -1.7441171, 7.1692118 ], [ -1.7531026, 7.1779672 ], [ -1.7573404, 7.182108 ], [ -1.7597652, 7.1844924 ], [ -1.7620719, 7.1867064 ], [ -1.7647004, 7.1893037 ], [ -1.7686594, 7.1931464 ], [ -1.7753112, 7.1998416 ], [ -1.7792165, 7.2034394 ], [ -1.7819256, 7.20419510000001 ], [ -1.7857879, 7.20526480000001 ], [ -1.7929387, 7.20713290000001 ], [ -1.7962056, 7.21434420000001 ], [ -1.7977721, 7.21785130000001 ], [ -1.7994779, 7.22158730000001 ], [ -1.801039, 7.22476970000001 ], [ -1.8030882, 7.22694640000001 ], [ -1.8057489, 7.22951150000001 ], [ -1.8082541, 7.23193290000001 ], [ -1.8104857, 7.234019 ], [ -1.8134844, 7.2370736 ], [ -1.8161988, 7.2397664 ], [ -1.8188596, 7.24228890000001 ], [ -1.8214989, 7.24491770000001 ], [ -1.8240631, 7.24736570000001 ], [ -1.8266487, 7.250015800000011 ], [ -1.8295401, 7.25284150000001 ], [ -1.8320024, 7.25517760000001 ], [ -1.834352, 7.257561700000011 ], [ -1.8369913, 7.260190400000011 ], [ -1.8394429, 7.26250520000001 ], [ -1.8417227, 7.26478810000001 ], [ -1.8443245, 7.267204 ], [ -1.8498123, 7.272653 ], [ -1.8523657, 7.27509010000001 ], [ -1.855756, 7.2784425 ], [ -1.8582773, 7.28089560000001 ], [ -1.8614423, 7.28401380000001 ], [ -1.8640977, 7.28660510000001 ], [ -1.8913007, 7.32064820000001 ], [ -1.9054198, 7.34761270000001 ], [ -1.9207641, 7.3759953 ], [ -1.9227053, 7.3790592 ], [ -1.9241468, 7.3825457 ], [ -1.9256954, 7.3860093 ], [ -1.9275911, 7.3895992 ], [ -1.9315016, 7.3970042 ], [ -1.9320005, 7.39966410000001 ], [ -1.9326496, 7.40334 ], [ -1.933288, 7.406835 ], [ -1.9339263, 7.4103726 ], [ -1.9345111, 7.4133994 ], [ -1.935541, 7.4151549 ], [ -1.9365442, 7.4168412 ], [ -1.9377565, 7.42164470000001 ], [ -1.9385344, 7.42454910000001 ], [ -1.9392854, 7.427528 ], [ -1.9401866, 7.4309909 ], [ -1.9410342, 7.4344485 ], [ -1.9420642, 7.4384114 ], [ -1.9429869, 7.44190080000001 ], [ -1.9438183, 7.44524130000001 ], [ -1.9448161, 7.44918280000001 ], [ -1.9457871, 7.45291150000001 ], [ -1.9466722, 7.456454 ], [ -1.9475842, 7.45991140000001 ], [ -1.9486356, 7.46401760000001 ], [ -1.9494295, 7.46738980000001 ], [ -1.9504595, 7.47132580000001 ], [ -1.9513714, 7.474916 ], [ -1.9523156, 7.47857010000001 ], [ -1.953249, 7.48224 ], [ -1.9541717, 7.485633300000011 ], [ -1.954971, 7.488819200000011 ], [ -1.9531524, 7.491483900000011 ], [ -1.9512534, 7.49434 ], [ -1.9494027, 7.49720140000001 ], [ -1.9484156, 7.49855760000001 ], [ -1.9460446, 7.50210510000001 ], [ -1.9441938, 7.50486530000001 ], [ -1.9426006, 7.50731180000001 ], [ -1.9410127, 7.50968920000001 ], [ -1.9381213, 7.51034330000001 ], [ -1.9338352, 7.51127940000001 ], [ -1.9305682, 7.51205590000001 ], [ -1.9273067, 7.51282170000001 ], [ -1.9234121, 7.51374180000001 ], [ -1.9203651, 7.51444380000001 ], [ -1.9165295, 7.51532130000001 ], [ -1.9133914, 7.51607650000001 ], [ -1.9104946, 7.516752 ], [ -1.9075441, 7.51841660000001 ], [ -1.9043362, 7.52015570000001 ], [ -1.9012946, 7.52188410000001 ], [ -1.8979204, 7.523804 ], [ -1.8942511, 7.52578770000001 ], [ -1.8910754, 7.52765970000001 ], [ -1.8901849, 7.53068040000001 ], [ -1.8894446, 7.53358410000001 ], [ -1.8884468, 7.536785600000011 ], [ -1.8874276, 7.540487 ], [ -1.8870521, 7.54430530000001 ], [ -1.886698, 7.548261900000011 ], [ -1.886301, 7.552372600000011 ], [ -1.8859255, 7.55611640000001 ], [ -1.8877333, 7.561163 ], [ -1.8876422, 7.56451320000001 ], [ -1.8875027, 7.56808670000001 ], [ -1.8871003, 7.57616410000001 ], [ -1.886977, 7.58006720000001 ], [ -1.8869233, 7.58402880000001 ], [ -1.8867624, 7.59028210000001 ], [ -1.8848419, 7.59298340000001 ], [ -1.8827713, 7.596173800000011 ], [ -1.8806362, 7.59932160000001 ], [ -1.8785173, 7.60244290000001 ], [ -1.8763393, 7.60569170000001 ], [ -1.8744779, 7.608648100000011 ], [ -1.8735874, 7.61091320000001 ], [ -1.8725091, 7.614188500000011 ], [ -1.8703848, 7.616623800000011 ], [ -1.8677402, 7.619739600000011 ], [ -1.8653476, 7.622568200000011 ], [ -1.8640924, 7.62563080000001 ], [ -1.8626332, 7.62932080000001 ], [ -1.861099, 7.63321280000001 ], [ -1.8600047, 7.636169 ], [ -1.8582934, 7.64010870000001 ], [ -1.8565929, 7.64441 ], [ -1.854769, 7.64917380000001 ], [ -1.8534815, 7.65279970000001 ], [ -1.8519259, 7.65630870000001 ], [ -1.8507242, 7.65910520000001 ], [ -1.8465614, 7.6644643 ], [ -1.8461216, 7.6673352 ], [ -1.8456066, 7.6709982 ], [ -1.8445283, 7.67354470000001 ], [ -1.8430531, 7.6769047 ], [ -1.8418622, 7.67969570000001 ], [ -1.8405372, 7.68274730000001 ], [ -1.8384826, 7.6875106 ], [ -1.836884, 7.6911363 ], [ -1.8358111, 7.6938741 ], [ -1.8343037, 7.6973827 ], [ -1.8330538, 7.7004076 ], [ -1.8314284, 7.7042457 ], [ -1.8302804, 7.7069781 ], [ -1.8286872, 7.71091190000001 ], [ -1.8272764, 7.71426090000001 ], [ -1.8258816, 7.71750890000001 ], [ -1.8245673, 7.72075160000001 ], [ -1.8233979, 7.72359020000001 ], [ -1.8217671, 7.72747070000001 ], [ -1.8203831, 7.73090460000001 ], [ -1.818881, 7.73441290000001 ], [ -1.817261, 7.738303900000011 ], [ -1.8158019, 7.741684600000011 ], [ -1.8123365, 7.750008700000011 ], [ -1.8030024, 7.772524200000011 ], [ -1.7830867, 7.820371400000011 ], [ -1.7803809, 7.827455900000011 ], [ -1.7789269, 7.830986600000011 ], [ -1.7775536, 7.834451500000011 ], [ -1.7762447, 7.837778300000011 ], [ -1.7749786, 7.841062500000011 ], [ -1.7735839, 7.8446656 ], [ -1.7706978, 7.852116 ], [ -1.7684019, 7.857749 ], [ -1.7659021, 7.8642639 ], [ -1.764518, 7.867633 ], [ -1.7623508, 7.8731913 ], [ -1.7608273, 7.8771448 ], [ -1.7594433, 7.8805562 ], [ -1.7581451, 7.8839251 ], [ -1.7537785, 7.8948287 ], [ -1.7525125, 7.8981869 ], [ -1.751343, 7.9012262 ], [ -1.7499375, 7.9048713 ], [ -1.7486286, 7.9081868 ], [ -1.747314, 7.9115064 ], [ -1.7460371, 7.9147304 ], [ -1.7446831, 7.9181494 ], [ -1.7432579, 7.9217481 ], [ -1.7420239, 7.9248637 ], [ -1.740686, 7.928242 ], [ -1.7393422, 7.9316349 ], [ -1.7367964, 7.9381315 ], [ -1.7354053, 7.9416812 ], [ -1.7339945, 7.9452674 ], [ -1.7325622, 7.9490024 ], [ -1.7312694, 7.9521848 ], [ -1.7298746, 7.95584 ], [ -1.7284906, 7.959288 ], [ -1.7272139, 7.9625659 ], [ -1.7255992, 7.9667098 ], [ -1.7242527, 7.9700196 ], [ -1.7228419, 7.9736959 ], [ -1.7204332, 7.9798106 ], [ -1.718604, 7.9844749 ], [ -1.7171663, 7.9881511 ], [ -1.7159057, 7.9913332 ], [ -1.7146182, 7.9947437 ], [ -1.7132986, 7.9979735 ], [ -1.7117429, 8.0019152 ], [ -1.7105305, 8.0051025 ], [ -1.7079556, 8.0117001 ], [ -1.7066252, 8.0150254 ], [ -1.7053163, 8.0182764 ], [ -1.7038947, 8.0219523 ], [ -1.7000967, 8.0316411 ], [ -1.6974145, 8.0384508 ], [ -1.6940135, 8.0470769 ], [ -1.6950435, 8.0498123 ], [ -1.6964757, 8.0537376 ], [ -1.6989917, 8.0607434 ], [ -1.7015559, 8.0676163 ], [ -1.7027468, 8.0708987 ], [ -1.7055309, 8.0784566 ], [ -1.7066842, 8.0816645 ], [ -1.7055148, 8.0862693 ] ] } },
{ "type": "Feature", "properties": { "line_id": 1165939812, "circuits": 1.0, "tag_frequency": 50.0, "tag_type": "line", "voltage": 161000, "bus0": null, "bus1": null, "length": null, "underground": false, "under_construction": "False", "dc": false, "country": "GH" }, "geometry": { "type": "LineString", "coordinates": [ [ -1.5200937, 6.6940928 ], [ -1.5199582, 6.694536300000052 ] ] } },
{ "type": "Feature", "properties": { "line_id": 1166002692, "circuits": 1.0, "tag_frequency": 50.0, "tag_type": "line", "voltage": 330000, "bus0": null, "bus1": null, "length": null, "underground": false, "under_construction": "False", "dc": false, "country": "GH" }, "geometry": { "type": "LineString", "coordinates": [ [ -1.7055148, 8.0862693 ], [ -1.7054075, 8.0867685 ] ] } },
{ "type": "Feature", "properties": { "line_id": 1166002693, "circuits": 1.0, "tag_frequency": 50.0, "tag_type": "line", "voltage": 330000, "bus0": null, "bus1": null, "length": null, "underground": false, "under_construction": "False", "dc": false, "country": "GH" }, "geometry": { "type": "LineString", "coordinates": [ [ -1.7046699, 8.0887309 ], [ -1.7024463, 8.0992812 ], [ -1.7011696, 8.1026749 ], [ -1.6935575, 8.1226671 ], [ -1.6906017, 8.1306197 ], [ -1.6894484, 8.133768800000011 ], [ -1.6883969, 8.13649830000001 ], [ -1.6873723, 8.139281 ], [ -1.6850871, 8.145356 ], [ -1.6835368, 8.14919 ], [ -1.6812274, 8.1555331 ], [ -1.6787195, 8.1623114 ], [ -1.6758764, 8.1697959 ], [ -1.6732317, 8.17681830000001 ], [ -1.6710806, 8.17954230000001 ], [ -1.6667622, 8.18505920000001 ], [ -1.6580397, 8.19599710000001 ], [ -1.6558617, 8.19876340000001 ], [ -1.6492313, 8.207104700000011 ], [ -1.6470641, 8.209987800000011 ], [ -1.6448915, 8.212669 ], [ -1.6426277, 8.21550160000001 ], [ -1.6404068, 8.21828370000001 ], [ -1.6361153, 8.223739 ], [ -1.6333526, 8.22714750000001 ], [ -1.6307724, 8.23044450000001 ], [ -1.6291845, 8.23247260000001 ], [ -1.6291255, 8.233786600000011 ], [ -1.6289377, 8.237752500000012 ], [ -1.6287956, 8.240914 ], [ -1.6287553, 8.243589800000011 ], [ -1.6267169, 8.245224900000011 ], [ -1.6234982, 8.247847600000011 ], [ -1.6205692, 8.250241900000011 ], [ -1.6179407, 8.252402600000011 ], [ -1.6162562, 8.25471990000001 ], [ -1.6145396, 8.25715930000001 ], [ -1.6128445, 8.25953240000001 ], [ -1.611321, 8.2626167 ], [ -1.6096848, 8.26599310000001 ], [ -1.6065574, 8.27249090000001 ], [ -1.6018421, 8.2822957 ], [ -1.6002703, 8.2855498 ], [ -1.5986073, 8.2890056 ], [ -1.5969712, 8.2923658 ], [ -1.595394, 8.2956516 ], [ -1.5938276, 8.2989056 ], [ -1.5922505, 8.3021436 ], [ -1.5891606, 8.3086195 ], [ -1.5875888, 8.3117938 ], [ -1.585958, 8.3152016 ], [ -1.5843594, 8.3185668 ], [ -1.5811408, 8.3252336 ], [ -1.5797246, 8.3282007 ], [ -1.5771765, 8.3334767 ], [ -1.5749878, 8.3379776 ], [ -1.5739042, 8.3402493 ], [ -1.5728313, 8.3424679 ], [ -1.5699774, 8.3483647 ], [ -1.5702885, 8.3541499 ], [ -1.5706962, 8.360487 ], [ -1.5705299, 8.366962 ], [ -1.570133, 8.3704966 ], [ -1.5698004, 8.3736226 ], [ -1.5697736, 8.376324 ], [ -1.5697414, 8.3792217 ], [ -1.5697306, 8.3821884 ], [ -1.569736, 8.391619 ], [ -1.5696716, 8.3950898 ], [ -1.5695965, 8.4022753 ], [ -1.5695644, 8.409535 ], [ -1.5695, 8.4131542 ], [ -1.5694571, 8.4169856 ], [ -1.5694249, 8.4204667 ], [ -1.5694249, 8.4237674 ], [ -1.5693712, 8.4304111 ], [ -1.5693498, 8.434062 ], [ -1.569339, 8.4378401 ], [ -1.5692854, 8.4415227 ], [ -1.5692639, 8.4449293 ], [ -1.5692532, 8.4485694 ], [ -1.5692049, 8.4520715 ], [ -1.5692049, 8.4557274 ], [ -1.5691781, 8.4593515 ], [ -1.5691245, 8.4630338 ], [ -1.5691245, 8.4667799 ], [ -1.5691137, 8.4704303 ], [ -1.569103, 8.4739959 ], [ -1.5690816, 8.4776675 ], [ -1.5690494, 8.4813603 ], [ -1.5689635, 8.484947 ], [ -1.5689099, 8.4885018 ], [ -1.5689099, 8.4920672 ], [ -1.5689099, 8.4952081 ], [ -1.5704119, 8.498158 ], [ -1.5721178, 8.5013943 ], [ -1.5743387, 8.5043548 ], [ -1.576978, 8.5078457 ], [ -1.5791881, 8.5106682 ], [ -1.5793514, 8.512680900000033 ], [ -1.5795958, 8.5154748 ], [ -1.5800432, 8.518328300000034 ], [ -1.5804623, 8.521381300000034 ], [ -1.5808618, 8.5241807 ], [ -1.5800571, 8.5275494 ], [ -1.5791049, 8.5313661 ], [ -1.5782728, 8.534777300000034 ], [ -1.5772998, 8.5385256 ], [ -1.5764523, 8.5418464 ], [ -1.5755296, 8.5455015 ], [ -1.574682, 8.5492626 ], [ -1.5737164, 8.5530184 ], [ -1.572798, 8.556751100000032 ], [ -1.572002, 8.559990100000032 ], [ -1.570999, 8.563910800000032 ], [ -1.5700829, 8.567543200000033 ], [ -1.5692051, 8.5711647 ], [ -1.5683744, 8.574526100000034 ], [ -1.5666859, 8.577608100000033 ], [ -1.5648336, 8.580810200000032 ], [ -1.5631277, 8.583906800000031 ] ] } },
{ "type": "Feature", "properties": { "line_id": 1166125398, "circuits": 1.0, "tag_frequency": 50.0, "tag_type": "line", "voltage": 330000, "bus0": null, "bus1": null, "length": null, "underground": false, "under_construction": "False", "dc": false, "country": "GH" }, "geometry": { "type": "LineString", "coordinates": [ [ 0.0011471, 5.6946706 ], [ 0.0012285, 5.694700500000019 ], [ 0.0022718, 5.694608400000015 ] ] } },
{ "type": "Feature", "properties": { "line_id": 1166125399, "circuits": 1.0, "tag_frequency": 50.0, "tag_type": "line", "voltage": 330000, "bus0": null, "bus1": null, "length": null, "underground": false, "under_construction": "False", "dc": false, "country": "GH" }, "geometry": { "type": "LineString", "coordinates": [ [ 0.0009746, 5.6950887 ], [ 0.0010488, 5.6951182 ], [ 0.0017327, 5.6957134 ] ] } },
{ "type": "Feature", "properties": { "line_id": 1166190789, "circuits": 1.0, "tag_frequency": 50.0, "tag_type": "line", "voltage": 330000, "bus0": null, "bus1": null, "length": null, "underground": false, "under_construction": "False", "dc": false, "country": "GH" }, "geometry": { "type": "LineString", "coordinates": [ [ -0.9458067, 9.3271265 ], [ -0.9459934, 9.3271831 ], [ -0.9463076, 9.3272807 ], [ -0.9467983, 9.327121099999973 ] ] } },
{ "type": "Feature", "properties": { "line_id": 1166190790, "circuits": 1.0, "tag_frequency": 50.0, "tag_type": "line", "voltage": 330000, "bus0": null, "bus1": null, "length": null, "underground": false, "under_construction": "False", "dc": false, "country": "GH" }, "geometry": { "type": "LineString", "coordinates": [ [ -0.9463477, 9.328677399999973 ], [ -0.9459693, 9.3283194 ], [ -0.9457038, 9.3282485 ], [ -0.9455162, 9.328199 ] ] } },
{ "type": "Feature", "properties": { "line_id": 1166190791, "circuits": 1.0, "tag_frequency": 50.0, "tag_type": "line", "voltage": 330000, "bus0": null, "bus1": null, "length": null, "underground": false, "under_construction": "False", "dc": false, "country": "GH" }, "geometry": { "type": "LineString", "coordinates": [ [ -0.8218794, 10.1946749 ], [ -0.8213592, 10.191212 ], [ -0.8208106, 10.1876904 ], [ -0.8203531, 10.1844872 ], [ -0.8198228, 10.1809467 ], [ -0.8192822, 10.1773438 ], [ -0.8187377, 10.1737067 ], [ -0.8181822, 10.1699719 ], [ -0.8176176, 10.1662999 ], [ -0.817082, 10.1626742 ], [ -0.8165656, 10.1592867 ], [ -0.8160408, 10.155714 ], [ -0.8155221, 10.1522359 ], [ -0.814983, 10.1486896 ], [ -0.8144152, 10.1450625 ], [ -0.8138987, 10.1416263 ], [ -0.8133944, 10.1381795 ], [ -0.8128527, 10.1344295 ], [ -0.8123057, 10.1308718 ], [ -0.8117743, 10.1273468 ], [ -0.8112571, 10.1238394 ], [ -0.8107257, 10.1203177 ], [ -0.8112087, 10.1169685 ], [ -0.8118235, 10.1129971 ], [ -0.8123505, 10.1093478 ], [ -0.8129264, 10.1056376 ], [ -0.8134597, 10.1018863 ], [ -0.8139869, 10.0983568 ], [ -0.8145435, 10.0947185 ], [ -0.8150642, 10.0911131 ], [ -0.8156371, 10.087474 ], [ -0.8161985, 10.0837507 ], [ -0.8167305, 10.0800938 ], [ -0.8172695, 10.076452 ], [ -0.8178063, 10.0728623 ], [ -0.8183313, 10.0692504 ], [ -0.8188972, 10.0655316 ], [ -0.8194324, 10.0618373 ], [ -0.8200143, 10.0581534 ], [ -0.820537, 10.054516 ], [ -0.821065, 10.0510389 ], [ -0.8216351, 10.0475228 ], [ -0.8221255, 10.0439623 ], [ -0.8226579, 10.0403518 ], [ -0.8232189, 10.0366228 ], [ -0.8237218, 10.0331738 ], [ -0.8242725, 10.029498 ], [ -0.8248115, 10.0258258 ], [ -0.8254059, 10.0221223 ], [ -0.8260143, 10.0184565 ], [ -0.8266292, 10.0147509 ], [ -0.8269833, 10.0113795 ], [ -0.8269636, 10.008134 ], [ -0.8269292, 10.0046801 ], [ -0.8269046, 10.0009792 ], [ -0.8268751, 9.9975301 ], [ -0.8269243, 9.9940907 ], [ -0.8268753, 9.9905436 ], [ -0.8293563, 9.9879759 ], [ -0.8316091, 9.9857572 ], [ -0.8340561, 9.9832229 ], [ -0.8367168, 9.9805452 ], [ -0.8364594, 9.976911 ], [ -0.8359108, 9.9694657 ], [ -0.8355612, 9.965951 ], [ -0.8371926, 9.9628905 ], [ -0.8389404, 9.9594857 ], [ -0.8406106, 9.9562531 ], [ -0.8423488, 9.9529438 ], [ -0.8440384, 9.9496155 ], [ -0.8456795, 9.9463062 ], [ -0.8474079, 9.9429873 ], [ -0.8491973, 9.9396328 ], [ -0.8508554, 9.9364324 ], [ -0.852504, 9.9330336 ], [ -0.8543538, 9.9297387 ], [ -0.855897, 9.9264816 ], [ -0.8575934, 9.9232149 ], [ -0.8593282, 9.9199294 ], [ -0.8609097, 9.9167287 ], [ -0.8626445, 9.9133487 ], [ -0.864341, 9.9101386 ], [ -0.8660758, 9.9068151 ], [ -0.8677531, 9.9035388 ], [ -0.8693825, 9.9003191 ], [ -0.8711108, 9.8970013 ], [ -0.8741665, 9.8909155 ], [ -0.8758694, 9.8876722 ], [ -0.8775817, 9.8843729 ], [ -0.8791664, 9.8811901 ], [ -0.8808834, 9.8778954 ], [ -0.8824914, 9.8747465 ], [ -0.8843123, 9.8712047 ], [ -0.8854982, 9.8689783 ], [ -0.8848912, 9.8659424 ], [ -0.8842376, 9.8627132 ], [ -0.8836493, 9.8595346 ], [ -0.8829209, 9.855896 ], [ -0.8821485, 9.8520127 ], [ -0.8813282, 9.8480442 ], [ -0.8806001, 9.8440848 ], [ -0.8798351, 9.8402888 ], [ -0.8791162, 9.8367198 ], [ -0.8777715, 9.8295647 ], [ -0.8769982, 9.8258178 ], [ -0.8762613, 9.8222231 ], [ -0.8755971, 9.8186195 ], [ -0.8748648, 9.8149306 ], [ -0.8741825, 9.8115152 ], [ -0.8734823, 9.8077468 ], [ -0.8728313, 9.8047427 ], [ -0.8711341, 9.8014377 ], [ -0.8691855, 9.7977345 ], [ -0.8673446, 9.7942127 ], [ -0.8654993, 9.7907749 ], [ -0.8638066, 9.7873503 ], [ -0.862096, 9.7840231 ], [ -0.8601968, 9.7804878 ], [ -0.856753, 9.7738022 ], [ -0.8533766, 9.7672801 ], [ -0.8516694, 9.7640701 ], [ -0.8500474, 9.7609255 ], [ -0.8483545, 9.7577371 ], [ -0.8467413, 9.7546449 ], [ -0.8451104, 9.7514521 ], [ -0.8434973, 9.7483248 ], [ -0.8420969, 9.7454989 ], [ -0.8429743, 9.7423191 ], [ -0.8439493, 9.7387987 ], [ -0.8450307, 9.7349069 ], [ -0.84605, 9.7312247 ], [ -0.8470161, 9.7274508 ], [ -0.8481772, 9.7236637 ], [ -0.8491804, 9.7199161 ], [ -0.8502828, 9.7160616 ], [ -0.851337, 9.7124183 ], [ -0.8507158, 9.7093312 ], [ -0.8501822, 9.7060715 ], [ -0.8491243, 9.6991691 ], [ -0.8485198, 9.6956537 ], [ -0.8474231, 9.6886908 ], [ -0.8468532, 9.6848689 ], [ -0.8462487, 9.6814214 ], [ -0.8456443, 9.6773866 ], [ -0.8451261, 9.6737432 ], [ -0.8454888, 9.6707213 ], [ -0.8461192, 9.6657499 ], [ -0.8451557, 9.6589658 ], [ -0.842164, 9.6554451 ], [ -0.8416526, 9.6519412 ], [ -0.8410901, 9.6481263 ], [ -0.8404849, 9.6443618 ], [ -0.8398371, 9.6407737 ], [ -0.8392304, 9.6373918 ], [ -0.8406101, 9.6342897 ], [ -0.8420235, 9.6308476 ], [ -0.8433611, 9.6275298 ], [ -0.8448418, 9.6240875 ], [ -0.846296, 9.6207153 ], [ -0.8476412, 9.6174281 ], [ -0.8490446, 9.6140181 ], [ -0.8504937, 9.6105875 ], [ -0.8518555, 9.6072429 ], [ -0.8533586, 9.6038533 ], [ -0.8545626, 9.6007911 ], [ -0.8559203, 9.5976429 ], [ -0.8587935, 9.59621 ], [ -0.8621567, 9.5944824 ], [ -0.8651212, 9.5929676 ], [ -0.8687418, 9.5911335 ], [ -0.8719139, 9.5895123 ], [ -0.875391, 9.5876904 ], [ -0.8788499, 9.5860094 ], [ -0.8822104, 9.5842879 ], [ -0.8858169, 9.5824694 ], [ -0.8890053, 9.5808045 ], [ -0.8925134, 9.5790022 ], [ -0.8958248, 9.5773696 ], [ -0.898628, 9.575939 ], [ -0.899464, 9.5729971 ], [ -0.900423, 9.5695459 ], [ -0.9012754, 9.5661836 ], [ -0.902177, 9.5626677 ], [ -0.9031442, 9.5592407 ], [ -0.9040704, 9.5559187 ], [ -0.904972, 9.5524997 ], [ -0.9059909, 9.5489964 ], [ -0.9068242, 9.5456615 ], [ -0.9087335, 9.5383614 ], [ -0.9097933, 9.5347391 ], [ -0.9116853, 9.5276138 ], [ -0.9126915, 9.5240974 ], [ -0.9135619, 9.5204826 ], [ -0.9144815, 9.5172643 ], [ -0.9162104, 9.514745899999971 ], [ -0.9181684, 9.511804299999971 ], [ -0.9201265, 9.508852099999972 ], [ -0.9219933, 9.506058599999973 ], [ -0.924139, 9.502905299999973 ], [ -0.926199, 9.499921299999974 ], [ -0.9280873, 9.497043 ], [ -0.930233, 9.494037799999973 ], [ -0.932293, 9.490905499999972 ], [ -0.9343529, 9.487900199999972 ], [ -0.9364557, 9.484767899999971 ], [ -0.9386444, 9.481656799999971 ], [ -0.940758, 9.478535 ], [ -0.9427106, 9.475550699999971 ], [ -0.9446097, 9.472905099999972 ], [ -0.9446848, 9.469497499999973 ], [ -0.944717, 9.466375599999973 ], [ -0.9448886, 9.462777499999973 ], [ -0.9450603, 9.459242799999974 ], [ -0.9451676, 9.455581099999973 ], [ -0.9452963, 9.451982799999973 ], [ -0.9454036, 9.448363399999973 ], [ -0.9455323, 9.444765 ], [ -0.9456611, 9.441166599999974 ], [ -0.9458113, 9.437303599999973 ], [ -0.9459454, 9.433721 ], [ -0.9460151, 9.430276 ], [ -0.9461761, 9.426709299999974 ], [ -0.9463263, 9.422994299999974 ], [ -0.9464443, 9.419247499999974 ], [ -0.9465945, 9.415500699999974 ], [ -0.9467125, 9.411690299999973 ], [ -0.9468198, 9.407498799999974 ], [ -0.9469807, 9.403900099999975 ], [ -0.9464067, 9.401571399999975 ], [ -0.9457362, 9.398417199999974 ], [ -0.945071, 9.395008899999974 ], [ -0.9443629, 9.391632299999975 ], [ -0.943687, 9.388202699999974 ], [ -0.9429896, 9.384900099999975 ], [ -0.9423459, 9.381512799999975 ], [ -0.9416056, 9.378040799999974 ], [ -0.9409082, 9.374452299999975 ], [ -0.9401894, 9.371149599999974 ], [ -0.9395564, 9.367645799999973 ], [ -0.9387946, 9.363940699999974 ], [ -0.93799, 9.360140399999974 ], [ -0.9373891, 9.356964599999975 ], [ -0.9380543, 9.353915799999974 ], [ -0.9387946, 9.350602299999974 ], [ -0.93961, 9.347129899999974 ], [ -0.9403825, 9.343647 ], [ -0.9411764, 9.340217 ], [ -0.9419757, 9.336606899999975 ], [ -0.942893, 9.332711 ], [ -0.9440196, 9.331112399999975 ], [ -0.9454358, 9.329132599999976 ], [ -0.9463477, 9.328677399999973 ] ] } },
{ "type": "Feature", "properties": { "line_id": 1166190792, "circuits": 1.0, "tag_frequency": 50.0, "tag_type": "line", "voltage": 161000, "bus0": null, "bus1": null, "length": null, "underground": false, "under_construction": "False", "dc": false, "country": "GH" }, "geometry": { "type": "LineString", "coordinates": [ [ -0.9450381, 9.3280189 ], [ -0.9451182, 9.32772030000001 ], [ -0.9452133, 9.3273653 ], [ -0.9452899, 9.3270796 ] ] } },
{ "type": "Feature", "properties": { "line_id": 1166190793, "circuits": 1.0, "tag_frequency": 50.0, "tag_type": "line", "voltage": 161000, "bus0": null, "bus1": null, "length": null, "underground": false, "under_construction": "False", "dc": false, "country": "GH" }, "geometry": { "type": "LineString", "coordinates": [ [ -0.8538778, 9.4193407 ], [ -0.854150599999989, 9.4190083 ], [ -0.855290599999989, 9.4162065 ], [ -0.856472499999989, 9.4133473 ], [ -0.857826, 9.4100725 ], [ -0.859054799999989, 9.407142 ], [ -0.860138299999989, 9.4044585 ], [ -0.862521399999989, 9.4022802 ], [ -0.862920199999989, 9.3983334 ], [ -0.864825699999989, 9.39512 ], [ -0.866436699999989, 9.3924068 ], [ -0.867290899999989, 9.3894493 ], [ -0.868158799999989, 9.3863782 ], [ -0.869054099999989, 9.383334 ], [ -0.869947299999989, 9.3802956 ], [ -0.870815199999989, 9.3772399 ], [ -0.8736453, 9.375062200000022 ], [ -0.876577, 9.372848700000022 ], [ -0.8792625, 9.370768900000021 ], [ -0.8817287, 9.368858800000021 ], [ -0.8842372, 9.36693570000002 ], [ -0.887057, 9.364806 ], [ -0.8895688, 9.362908800000021 ], [ -0.8920597, 9.3610157 ], [ -0.8945688, 9.35909660000002 ], [ -0.8970891, 9.35714420000002 ], [ -0.899421, 9.35539520000002 ], [ -0.901863, 9.35351930000002 ], [ -0.904224, 9.351700500000019 ], [ -0.9066297, 9.349854100000019 ], [ -0.9090615, 9.3480412 ], [ -0.9109021, 9.34732890000002 ], [ -0.9123002, 9.3459278 ], [ -0.9139418, 9.344283800000021 ], [ -0.9165444, 9.342101 ], [ -0.9191363, 9.33999080000002 ], [ -0.9217668, 9.3377939 ], [ -0.924598, 9.3353986 ], [ -0.926714, 9.334870699999973 ], [ -0.9285057, 9.334415499999974 ], [ -0.9306085, 9.333886099999974 ], [ -0.9328616, 9.333314399999974 ], [ -0.9350717, 9.332774499999974 ], [ -0.9381509, 9.332033399999974 ], [ -0.9403718, 9.331482899999974 ], [ -0.9434295, 9.330763 ], [ -0.9447062, 9.328905 ], [ -0.9450381, 9.3280189 ] ] } },
{ "type": "Feature", "properties": { "line_id": 1166194029, "circuits": 1.0, "tag_frequency": 50.0, "tag_type": "line", "voltage": 161000, "bus0": null, "bus1": null, "length": null, "underground": false, "under_construction": "False", "dc": false, "country": "GH" }, "geometry": { "type": "LineString", "coordinates": [ [ -0.9452133, 9.3273653 ], [ -0.945431, 9.3274215 ] ] } },
{ "type": "Feature", "properties": { "line_id": 1166194030, "circuits": 1.0, "tag_frequency": 50.0, "tag_type": "line", "voltage": 330000, "bus0": null, "bus1": null, "length": null, "underground": false, "under_construction": "False", "dc": false, "country": "GH" }, "geometry": { "type": "LineString", "coordinates": [ [ -0.9457084, 9.3274895 ], [ -0.945431, 9.3274215 ] ] } },
{ "type": "Feature", "properties": { "line_id": 1166194031, "circuits": 1.0, "tag_frequency": 50.0, "tag_type": "line", "voltage": 161000, "bus0": null, "bus1": null, "length": null, "underground": false, "under_construction": "False", "dc": false, "country": "GH" }, "geometry": { "type": "LineString", "coordinates": [ [ -0.9451182, 9.32772030000001 ], [ -0.9453348, 9.32778610000001 ] ] } },
{ "type": "Feature", "properties": { "line_id": 1166194032, "circuits": 1.0, "tag_frequency": 50.0, "tag_type": "line", "voltage": 330000, "bus0": null, "bus1": null, "length": null, "underground": false, "under_construction": "False", "dc": false, "country": "GH" }, "geometry": { "type": "LineString", "coordinates": [ [ -0.9457964, 9.3279081 ], [ -0.9456088, 9.3278569 ], [ -0.9453348, 9.32778610000001 ] ] } },
{ "type": "Feature", "properties": { "line_id": 1166194033, "circuits": 1.0, "tag_frequency": 50.0, "tag_type": "line", "voltage": 330000, "bus0": null, "bus1": null, "length": null, "underground": false, "under_construction": "False", "dc": false, "country": "GH" }, "geometry": { "type": "LineString", "coordinates": [ [ -0.9454968, 9.3282706 ], [ -0.9455162, 9.328199 ], [ -0.9456088, 9.3278569 ], [ -0.9457084, 9.3274895 ], [ -0.9458067, 9.3271265 ], [ -0.9458384, 9.3270094 ] ] } },
{ "type": "Feature", "properties": { "line_id": 1166194034, "circuits": 1.0, "tag_frequency": 50.0, "tag_type": "line", "voltage": 330000, "bus0": null, "bus1": null, "length": null, "underground": false, "under_construction": "False", "dc": false, "country": "GH" }, "geometry": { "type": "LineString", "coordinates": [ [ -0.9456815, 9.3283306 ], [ -0.9457038, 9.3282485 ], [ -0.9457964, 9.3279081 ], [ -0.9459934, 9.3271831 ], [ -0.9460257, 9.3270644 ] ] } },
{ "type": "Feature", "properties": { "line_id": 1241667293, "circuits": 1.0, "tag_frequency": 50.0, "tag_type": "line", "voltage": 161000, "bus0": null, "bus1": null, "length": null, "underground": false, "under_construction": "False", "dc": false, "country": "GH" }, "geometry": { "type": "LineString", "coordinates": [ [ -2.48874, 10.0709523 ], [ -2.4876052, 10.0720946 ], [ -2.4872634, 10.0734411 ], [ -2.4869797, 10.0747938 ], [ -2.4866524, 10.076337 ], [ -2.4861198, 10.0775854 ], [ -2.4854817, 10.0790169 ], [ -2.4852634, 10.0795491 ], [ -2.484873, 10.0804081 ], [ -2.484254, 10.0818808 ], [ -2.4835431, 10.0833953 ], [ -2.4836921, 10.0849135 ], [ -2.483276, 10.0861164 ], [ -2.4827074, 10.0876342 ], [ -2.4839488, 10.0881186 ], [ -2.4848823, 10.0884959 ], [ -2.4852274, 10.0886438 ], [ -2.4864662, 10.0891397 ], [ -2.4879699, 10.0894325 ], [ -2.4872787, 10.0905418 ], [ -2.4866248, 10.0917038 ], [ -2.4859922, 10.0928359 ], [ -2.4886411, 10.0933604 ], [ -2.4902426, 10.0936996 ], [ -2.4934672, 10.0943712 ], [ -2.4951319, 10.0943381 ], [ -2.4967897, 10.0943597 ], [ -2.4984479, 10.0943114 ], [ -2.4983008, 10.0955606 ], [ -2.498162, 10.0968376 ], [ -2.4980232, 10.0980703 ], [ -2.4981903, 10.099293 ], [ -2.4983526, 10.1005723 ], [ -2.4985032, 10.1017969 ], [ -2.4982018, 10.1034908 ], [ -2.4979567, 10.1050787 ], [ -2.4981049, 10.106654 ], [ -2.498292, 10.1082469 ], [ -2.4982052, 10.1093233 ], [ -2.4980754, 10.1105106 ], [ -2.5003231, 10.1112156 ], [ -2.5016333, 10.1116447 ], [ -2.5029169, 10.1120694 ], [ -2.5042672, 10.1125161 ], [ -2.5056502, 10.1129713 ], [ -2.5071318, 10.1134495 ], [ -2.5087569, 10.1139785 ], [ -2.5102359, 10.1144571 ], [ -2.5117148, 10.1149357 ], [ -2.5133505, 10.1154708 ], [ -2.5147976, 10.1159343 ], [ -2.516073, 10.1159244 ], [ -2.5173484, 10.1159145 ], [ -2.5188021, 10.1158867 ], [ -2.5201553, 10.1158828 ], [ -2.5213744, 10.1169258 ], [ -2.5225103, 10.1179278 ], [ -2.5236891, 10.1188969 ], [ -2.5249042, 10.1199729 ], [ -2.5261273, 10.1210198 ], [ -2.5265135, 10.1228748 ], [ -2.5267141, 10.1246608 ], [ -2.5272122, 10.1275365 ], [ -2.527412, 10.1289913 ], [ -2.5276789, 10.1307591 ], [ -2.5279051, 10.1320595 ], [ -2.5282073, 10.1337968 ], [ -2.5284497, 10.1352876 ], [ -2.528691, 10.1367715 ], [ -2.5289355, 10.1382749 ], [ -2.5294588, 10.1413352 ], [ -2.5299136, 10.1443879 ], [ -2.5301057, 10.1452587 ], [ -2.5304191, 10.147374 ], [ -2.5309018, 10.1504045 ], [ -2.5311454, 10.1518701 ], [ -2.5313979, 10.1534389 ], [ -2.5316488, 10.1549205 ], [ -2.5318833, 10.15643 ], [ -2.5322099, 10.158313 ], [ -2.5324431, 10.1598375 ], [ -2.5326807, 10.1612613 ], [ -2.5329373, 10.1628092 ], [ -2.5331716, 10.164304 ], [ -2.5334246, 10.1658481 ], [ -2.5336592, 10.1673679 ], [ -2.5338873, 10.1687095 ], [ -2.5341176, 10.1704179 ] ] } },
{ "type": "Feature", "properties": { "line_id": 1241667294, "circuits": 1.0, "tag_frequency": 50.0, "tag_type": "line", "voltage": 161000, "bus0": null, "bus1": null, "length": null, "underground": false, "under_construction": "False", "dc": false, "country": "GH" }, "geometry": { "type": "LineString", "coordinates": [ [ -2.7197844, 10.4193615 ], [ -2.7193942, 10.4209299 ], [ -2.7176831, 10.4222162 ], [ -2.7155262, 10.4238575 ], [ -2.7131643, 10.4257113 ], [ -2.7087118, 10.4291095 ], [ -2.706541, 10.4307702 ], [ -2.7043895, 10.4324392 ], [ -2.7022888, 10.4340422 ], [ -2.7000119, 10.4357797 ], [ -2.697955, 10.4373853 ], [ -2.6958517, 10.4389531 ], [ -2.6937465, 10.4405731 ], [ -2.6915718, 10.4422449 ], [ -2.6891577, 10.4441194 ], [ -2.6869857, 10.4457428 ], [ -2.6845185, 10.4476377 ], [ -2.6824313, 10.449241 ], [ -2.6803317, 10.450836 ], [ -2.6781042, 10.4525493 ], [ -2.675773, 10.4543424 ], [ -2.6735547, 10.4560601 ], [ -2.6714477, 10.457709 ], [ -2.6691929, 10.4594101 ], [ -2.666692, 10.461313 ], [ -2.6646526, 10.4628724 ], [ -2.6624471, 10.4645979 ], [ -2.6600663, 10.4663983 ], [ -2.6576168, 10.4682736 ], [ -2.6551753, 10.4701237 ], [ -2.6528589, 10.4711941 ], [ -2.6503044, 10.4723822 ], [ -2.6474488, 10.47371 ], [ -2.6450271, 10.4748474 ], [ -2.6422971, 10.4761297 ], [ -2.6399046, 10.4772162 ], [ -2.6360034, 10.4804465 ], [ -2.6338534, 10.4822541 ], [ -2.631754, 10.4839384 ], [ -2.6293896, 10.4859108 ], [ -2.6273233, 10.4876323 ], [ -2.6226183, 10.4914981 ], [ -2.6181982, 10.4951695 ], [ -2.6158984, 10.4970153 ], [ -2.6136459, 10.4989277 ], [ -2.6115414, 10.5006514 ], [ -2.6092593, 10.5025466 ], [ -2.6070154, 10.5043846 ], [ -2.6048702, 10.5061792 ], [ -2.6027377, 10.5079065 ], [ -2.5978976, 10.5119498 ], [ -2.5955851, 10.5138419 ], [ -2.5896709, 10.5187209 ], [ -2.5875144, 10.5205205 ], [ -2.5854053, 10.5222434 ], [ -2.583344, 10.5239582 ], [ -2.5811713, 10.5257572 ], [ -2.578968, 10.5275725 ], [ -2.5766991, 10.5294363 ], [ -2.5747066, 10.5311265 ], [ -2.5725775, 10.5328707 ], [ -2.5701769, 10.5348345 ], [ -2.5680786, 10.5365587 ], [ -2.5661071, 10.5382295 ], [ -2.564068, 10.5398764 ], [ -2.5625952, 10.5418822 ], [ -2.5609757, 10.5440799 ], [ -2.5592122, 10.5464663 ], [ -2.5573732, 10.5489497 ], [ -2.5557701, 10.5511188 ], [ -2.5541801, 10.553304 ], [ -2.5526281, 10.5553646 ], [ -2.5510538, 10.5575063 ], [ -2.5493823, 10.5597608 ], [ -2.5478413, 10.5618582 ], [ -2.5462199, 10.5640605 ], [ -2.5444557, 10.5664359 ], [ -2.5427565, 10.5687624 ], [ -2.5411166, 10.570939 ], [ -2.5394789, 10.5732093 ], [ -2.5378238, 10.5754401 ], [ -2.536226, 10.5776095 ], [ -2.534502, 10.5799387 ], [ -2.5327592, 10.582305 ], [ -2.5310186, 10.5846544 ], [ -2.529296, 10.5869664 ], [ -2.5276764, 10.5891758 ], [ -2.5261739, 10.5912154 ], [ -2.5245104, 10.5934227 ], [ -2.521239, 10.5978589 ], [ -2.5195584, 10.6001433 ], [ -2.5179886, 10.6022745 ], [ -2.5163938, 10.6044518 ], [ -2.5148424, 10.6065787 ], [ -2.5113003, 10.6113216 ], [ -2.5079586, 10.6158381 ], [ -2.5063811, 10.617992 ], [ -2.5045653, 10.6204571 ], [ -2.5026924, 10.622986 ], [ -2.5008866, 10.625403 ], [ -2.4991483, 10.6273583 ], [ -2.4970337, 10.6296747 ], [ -2.4949708, 10.6319288 ], [ -2.4929331, 10.6342197 ], [ -2.4907973, 10.636526 ], [ -2.488752, 10.6387361 ], [ -2.4868434, 10.640818 ], [ -2.4850287, 10.6428139 ], [ -2.4832029, 10.6448435 ], [ -2.4816104, 10.6465972 ], [ -2.4795834, 10.6488424 ], [ -2.4775625, 10.6510416 ], [ -2.4755413, 10.6532707 ], [ -2.473791, 10.6552094 ], [ -2.4720042, 10.6571643 ], [ -2.4702741, 10.6590393 ], [ -2.4683532, 10.6611558 ], [ -2.4664175, 10.6632906 ], [ -2.46441, 10.6654658 ], [ -2.462704, 10.6673599 ], [ -2.4610715, 10.6691909 ], [ -2.4593413, 10.6710346 ], [ -2.4565633, 10.6723826 ], [ -2.4538284, 10.6737092 ], [ -2.4514199, 10.6748338 ], [ -2.4492418, 10.6758635 ], [ -2.4467414, 10.677066 ], [ -2.4441143, 10.6783397 ], [ -2.4413746, 10.6795989 ], [ -2.438668, 10.6809341 ], [ -2.4358071, 10.6822821 ], [ -2.4329936, 10.6836072 ], [ -2.430346, 10.6848774 ], [ -2.4278831, 10.6860478 ], [ -2.425052, 10.6874264 ], [ -2.4225705, 10.6885881 ], [ -2.4203124, 10.6896942 ], [ -2.4179218, 10.6908239 ], [ -2.4153613, 10.6920145 ], [ -2.4126651, 10.6933123 ], [ -2.4105036, 10.6943347 ], [ -2.4083354, 10.6953354 ], [ -2.4060211, 10.6964633 ], [ -2.4036307, 10.6976025 ], [ -2.4010223, 10.6988312 ], [ -2.3984251, 10.7000655 ], [ -2.3959032, 10.7012937 ], [ -2.3935754, 10.7024168 ], [ -2.3911102, 10.7035693 ], [ -2.388604, 10.7047462 ], [ -2.3860527, 10.7059386 ], [ -2.3809844, 10.7083748 ], [ -2.3784603, 10.709573 ], [ -2.376028, 10.7107197 ], [ -2.3733106, 10.7120133 ], [ -2.3707585, 10.7132305 ], [ -2.3656669, 10.715651 ], [ -2.3631711, 10.7168443 ], [ -2.3603586, 10.7181654 ], [ -2.3578495, 10.7193765 ], [ -2.3551927, 10.7206086 ], [ -2.3526371, 10.7218511 ], [ -2.3499439, 10.7231613 ], [ -2.3473486, 10.7243823 ], [ -2.344591, 10.725685 ], [ -2.3421767, 10.7268412 ], [ -2.3396346, 10.7280524 ], [ -2.3370472, 10.7293072 ], [ -2.3345234, 10.7304985 ], [ -2.331943, 10.7316351 ], [ -2.3292191, 10.7330035 ], [ -2.3265699, 10.7342631 ], [ -2.3237899, 10.7355567 ], [ -2.320931, 10.7369255 ], [ -2.3184646, 10.7381064 ], [ -2.3155779, 10.739485 ], [ -2.3130219, 10.7407079 ], [ -2.310415, 10.7419503 ], [ -2.3078138, 10.7431828 ], [ -2.305311, 10.7443842 ], [ -2.3026791, 10.7456088 ], [ -2.3000017, 10.7469124 ], [ -2.2975363, 10.7480498 ], [ -2.2947582, 10.7493789 ], [ -2.2920549, 10.7506944 ], [ -2.2892674, 10.7519897 ], [ -2.2865319, 10.7532875 ], [ -2.2837091, 10.7546332 ], [ -2.2809345, 10.7559762 ], [ -2.2783756, 10.7571765 ], [ -2.2759268, 10.7583477 ], [ -2.2734337, 10.7595348 ], [ -2.2711511, 10.7606113 ], [ -2.2686325, 10.7617878 ], [ -2.2661246, 10.762996 ], [ -2.2636275, 10.7641804 ], [ -2.2612175, 10.7653359 ], [ -2.2584844, 10.7666349 ], [ -2.2561267, 10.769428 ], [ -2.2530019, 10.7723119 ], [ -2.2509138, 10.7744858 ], [ -2.2489095, 10.7765897 ], [ -2.2468154, 10.7787609 ], [ -2.2448386, 10.7808016 ], [ -2.2428069, 10.7829029 ], [ -2.240873, 10.7849449 ], [ -2.2388814, 10.7869856 ], [ -2.2368269, 10.7891606 ], [ -2.2347495, 10.7912816 ], [ -2.2332984, 10.7929125 ], [ -2.2308388, 10.7953721 ], [ -2.2288835, 10.7974048 ], [ -2.2270234, 10.7993057 ], [ -2.2251485, 10.8013265 ], [ -2.2229934, 10.8035107 ], [ -2.2210273, 10.8055618 ], [ -2.219131, 10.8075852 ], [ -2.21735, 10.8093583 ], [ -2.215329, 10.8114739 ], [ -2.2131953, 10.8136988 ], [ -2.2109918, 10.8160172 ], [ -2.208842, 10.8182025 ], [ -2.2068813, 10.8202601 ], [ -2.2046886, 10.8225416 ], [ -2.2026676, 10.8246281 ], [ -2.2006935, 10.8267067 ], [ -2.1988213, 10.8286378 ], [ -2.1961579, 10.8288064 ], [ -2.1932665, 10.8289934 ], [ -2.1905038, 10.8292121 ], [ -2.1877639, 10.8294834 ], [ -2.1849704, 10.8297034 ], [ -2.1822748, 10.8299049 ], [ -2.1791607, 10.8301658 ], [ -2.1762854, 10.830395 ], [ -2.1735844, 10.8305662 ], [ -2.170819, 10.8307954 ], [ -2.1682066, 10.8310246 ], [ -2.1652669, 10.8312538 ], [ -2.1622494, 10.8315146 ], [ -2.1594706, 10.8317253 ], [ -2.1566543, 10.8319651 ], [ -2.1538138, 10.8321389 ], [ -2.1511021, 10.8323866 ], [ -2.1484226, 10.8326145 ], [ -2.145558, 10.8328147 ], [ -2.1431199, 10.8329675 ], [ -2.1404444, 10.8331888 ], [ -2.1377769, 10.8333613 ], [ -2.1351457, 10.833601 ], [ -2.1323267, 10.8338197 ], [ -2.1293601, 10.8340528 ], [ -2.1262448, 10.8342754 ], [ -2.1234714, 10.8345165 ], [ -2.1203332, 10.8347286 ], [ -2.1174377, 10.834938 ], [ -2.1142298, 10.835208 ], [ -2.1110916, 10.8354754 ], [ -2.1080004, 10.8357046 ], [ -2.1050499, 10.8359219 ], [ -2.1021746, 10.8361577 ], [ -2.0993851, 10.8363843 ], [ -2.0968625, 10.8365858 ], [ -2.0940515, 10.8367873 ], [ -2.0911507, 10.8370139 ], [ -2.0883679, 10.8372075 ], [ -2.0853049, 10.8374578 ], [ -2.0823652, 10.8377028 ], [ -2.0793879, 10.8379293 ], [ -2.0763704, 10.8381506 ], [ -2.0732805, 10.8383851 ], [ -2.0703381, 10.8386406 ], [ -2.0674306, 10.8388487 ], [ -2.0643139, 10.8390568 ], [ -2.0612615, 10.8393466 ], [ -2.0582441, 10.83956 ], [ -2.0554391, 10.8397352 ], [ -2.0530406, 10.8406901 ], [ -2.050471, 10.8416306 ], [ -2.0476574, 10.842687 ], [ -2.0451039, 10.8436696 ], [ -2.042588, 10.8446113 ], [ -2.0400265, 10.8455781 ], [ -2.0371605, 10.8466371 ], [ -2.0345575, 10.8476302 ], [ -2.0319423, 10.8486168 ], [ -2.0291904, 10.8496204 ], [ -2.0267335, 10.850553 ], [ -2.0242497, 10.8514907 ], [ -2.0216721, 10.8524707 ], [ -2.0190543, 10.8534243 ], [ -2.0162594, 10.8544595 ], [ -2.0137167, 10.8554632 ], [ -2.011174, 10.8563851 ], [ -2.0085132, 10.8573861 ], [ -2.0059356, 10.8583265 ], [ -2.0033661, 10.8593381 ], [ -2.0006999, 10.8603167 ], [ -1.9981921, 10.8612584 ], [ -1.9957177, 10.8621869 ], [ -1.9931482, 10.8631523 ], [ -1.9923529, 10.8640532 ], [ -1.9916716, 10.8641704 ], [ -1.9912452, 10.864231 ] ] } },
{ "type": "Feature", "properties": { "line_id": 1241667295, "circuits": 1.0, "tag_frequency": 50.0, "tag_type": "line", "voltage": 161000, "bus0": null, "bus1": null, "length": null, "underground": false, "under_construction": "False", "dc": false, "country": "GH" }, "geometry": { "type": "LineString", "coordinates": [ [ -1.990533, 10.8638069 ], [ -1.9902956, 10.863396 ], [ -1.990365, 10.8630527 ], [ -1.989646, 10.8628342 ], [ -1.9873197, 10.8621276 ], [ -1.985009, 10.8624905 ], [ -1.9829464, 10.8627796 ], [ -1.9819097, 10.8629851 ], [ -1.978797, 10.8634855 ], [ -1.9757232, 10.8639834 ], [ -1.9727594, 10.8644733 ], [ -1.9696681, 10.864958 ], [ -1.9667485, 10.8654473 ], [ -1.9635674, 10.8659485 ], [ -1.9604534, 10.866474 ], [ -1.9573769, 10.8669784 ], [ -1.9547953, 10.8673985 ], [ -1.9523156, 10.8672853 ], [ -1.9492082, 10.8671364 ], [ -1.9474326, 10.867176 ], [ -1.9464127, 10.8670245 ], [ -1.9432246, 10.866841 ], [ -1.9400186, 10.8667109 ], [ -1.936844, 10.8665746 ], [ -1.9337347, 10.8664312 ], [ -1.930467, 10.8662734 ], [ -1.9282417, 10.8661693 ], [ -1.9257467, 10.8660653 ], [ -1.9226826, 10.8659075 ], [ -1.9192152, 10.8657496 ], [ -1.9161075, 10.8656275 ], [ -1.9129283, 10.8654579 ], [ -1.9097822, 10.8653119 ], [ -1.906522, 10.8651593 ], [ -1.9034355, 10.8649999 ], [ -1.9004427, 10.8648718 ], [ -1.8978621, 10.8646691 ], [ -1.894716, 10.8644285 ], [ -1.8916562, 10.8641793 ], [ -1.8886307, 10.8639622 ], [ -1.8857389, 10.8637415 ], [ -1.8824961, 10.8634936 ], [ -1.8790732, 10.8632254 ], [ -1.8759716, 10.8629788 ], [ -1.8728312, 10.8627409 ], [ -1.8701912, 10.8625376 ], [ -1.86516, 10.8621715 ], [ -1.8625692, 10.8619812 ], [ -1.8594469, 10.8617256 ], [ -1.8560447, 10.8614673 ], [ -1.8528739, 10.861235 ], [ -1.849571, 10.8609795 ], [ -1.8463236, 10.86074 ], [ -1.8431591, 10.8604959 ], [ -1.8398439, 10.8602519 ], [ -1.8374181, 10.860067 ], [ -1.8342722, 10.8598272 ], [ -1.830901, 10.85957 ], [ -1.8277115, 10.8593264 ], [ -1.8244403, 10.8590691 ], [ -1.821165, 10.8588394 ], [ -1.8180076, 10.8585905 ], [ -1.8146003, 10.8583447 ], [ -1.8114657, 10.8581075 ], [ -1.8089078, 10.8579274 ], [ -1.8060863, 10.857703 ], [ -1.8026031, 10.8574383 ], [ -1.7995081, 10.8572125 ], [ -1.7962982, 10.8569765 ], [ -1.7933123, 10.856755 ], [ -1.7897281, 10.8565237 ], [ -1.7867467, 10.8562714 ], [ -1.7840085, 10.856095 ], [ -1.781802, 10.8559152 ], [ -1.7790877, 10.855711 ], [ -1.7760621, 10.8555098 ], [ -1.7731567, 10.8552721 ], [ -1.7695994, 10.85502 ], [ -1.7665878, 10.8548027 ], [ -1.7636131, 10.8545875 ], [ -1.7600469, 10.8543063 ], [ -1.7570512, 10.8541064 ], [ -1.7536289, 10.8538473 ], [ -1.7487576, 10.8535228 ], [ -1.7461086, 10.8533087 ], [ -1.7431494, 10.8530922 ], [ -1.7398017, 10.8528579 ], [ -1.7339866, 10.8523872 ], [ -1.7310143, 10.8521573 ], [ -1.7246758, 10.8516788 ], [ -1.7186922, 10.8503366 ], [ -1.7160967, 10.8497452 ], [ -1.7126469, 10.8489758 ], [ -1.7104729, 10.8484761 ], [ -1.7072399, 10.8477376 ], [ -1.7041611, 10.8470975 ], [ -1.6977835, 10.8456126 ], [ -1.694938, 10.8449694 ], [ -1.6917834, 10.8442007 ], [ -1.6890985, 10.8435481 ], [ -1.6859452, 10.8427933 ], [ -1.6829909, 10.8420585 ], [ -1.6797634, 10.8412891 ], [ -1.676612, 10.8405104 ], [ -1.6735388, 10.8397646 ], [ -1.6703615, 10.8389784 ], [ -1.6671483, 10.8382087 ], [ -1.66437, 10.8375373 ], [ -1.6617921, 10.8369023 ] ] } },
{ "type": "Feature", "properties": { "line_id": 1246063589, "circuits": 1.0, "tag_frequency": 50.0, "tag_type": "line", "voltage": 161000, "bus0": null, "bus1": null, "length": null, "underground": false, "under_construction": "False", "dc": false, "country": "GH" }, "geometry": { "type": "LineString", "coordinates": [ [ -1.6594881, 4.9733445 ], [ -1.6590169, 4.9733704 ], [ -1.6586077, 4.9733928 ], [ -1.6583082, 4.9734093 ], [ -1.6581255, 4.9734193 ] ] } },
{ "type": "Feature", "properties": { "line_id": 1246063590, "circuits": 1.0, "tag_frequency": 50.0, "tag_type": "line", "voltage": 161000, "bus0": null, "bus1": null, "length": null, "underground": false, "under_construction": "False", "dc": false, "country": "GH" }, "geometry": { "type": "LineString", "coordinates": [ [ -1.6594452, 4.9727513 ], [ -1.6593941, 4.9727541 ], [ -1.6591681, 4.9727665 ], [ -1.658882, 4.9727822 ], [ -1.6582867, 4.9728149 ], [ -1.6581729, 4.9728211 ], [ -1.6580826, 4.9728261 ] ] } },
{ "type": "Feature", "properties": { "line_id": 1246063597, "circuits": 1.0, "tag_frequency": 50.0, "tag_type": "line", "voltage": 330000, "bus0": null, "bus1": null, "length": null, "underground": false, "under_construction": "False", "dc": false, "country": "GH" }, "geometry": { "type": "LineString", "coordinates": [ [ -1.6618565, 4.9733685 ], [ -1.6610487, 4.9734053 ], [ -1.660215, 4.9734433 ] ] } },
{ "type": "Feature", "properties": { "line_id": 1246063598, "circuits": 1.0, "tag_frequency": 50.0, "tag_type": "line", "voltage": 330000, "bus0": null, "bus1": null, "length": null, "underground": false, "under_construction": "False", "dc": false, "country": "GH" }, "geometry": { "type": "LineString", "coordinates": [ [ -1.6618055, 4.9724841 ], [ -1.6601962, 4.9725642 ] ] } },
{ "type": "Feature", "properties": { "line_id": 1246063600, "circuits": 1.0, "tag_frequency": 50.0, "tag_type": "line", "voltage": 330000, "bus0": null, "bus1": null, "length": null, "underground": false, "under_construction": "False", "dc": false, "country": "GH" }, "geometry": { "type": "LineString", "coordinates": [ [ -1.6655016, 4.9678132 ], [ -1.6650188, 4.9681125 ], [ -1.6648599, 4.9681297 ], [ -1.6647238, 4.9681445 ], [ -1.6640934, 4.9683049 ], [ -1.6645736, 4.9707285 ] ] } },
{ "type": "Feature", "properties": { "line_id": 1246063601, "circuits": 1.0, "tag_frequency": 50.0, "tag_type": "line", "voltage": 330000, "bus0": null, "bus1": null, "length": null, "underground": false, "under_construction": "False", "dc": false, "country": "GH" }, "geometry": { "type": "LineString", "coordinates": [ [ -1.6655982, 4.9683476 ], [ -1.6650724, 4.9683155 ], [ -1.6649032, 4.968333 ], [ -1.6647613, 4.9683476 ], [ -1.6640934, 4.9683049 ] ] } },
{ "type": "Feature", "properties": { "line_id": 1246170558, "circuits": 1.0, "tag_frequency": 50.0, "tag_type": "line", "voltage": 161000, "bus0": null, "bus1": null, "length": null, "underground": false, "under_construction": "False", "dc": false, "country": "GH" }, "geometry": { "type": "LineString", "coordinates": [ [ 0.013442, 5.6765235 ], [ 0.0136928, 5.6761898 ] ] } },
{ "type": "Feature", "properties": { "line_id": 1246170559, "circuits": 1.0, "tag_frequency": 50.0, "tag_type": "line", "voltage": 161000, "bus0": null, "bus1": null, "length": null, "underground": false, "under_construction": "False", "dc": false, "country": "GH" }, "geometry": { "type": "LineString", "coordinates": [ [ 0.0137625, 5.6762565 ], [ 0.013442, 5.6765235 ] ] } },
{ "type": "Feature", "properties": { "line_id": 1246170560, "circuits": 1.0, "tag_frequency": 50.0, "tag_type": "line", "voltage": 161000, "bus0": null, "bus1": null, "length": null, "underground": false, "under_construction": "False", "dc": false, "country": "GH" }, "geometry": { "type": "LineString", "coordinates": [ [ 0.0177804, 5.6781916 ], [ 0.0178555, 5.6778366 ], [ 0.016949, 5.6784612 ], [ 0.015683, 5.6791818 ], [ 0.0154067, 5.6792005 ] ] } },
{ "type": "Feature", "properties": { "line_id": 1246170561, "circuits": 2.0, "tag_frequency": 50.0, "tag_type": "line", "voltage": 161000, "bus0": null, "bus1": null, "length": null, "underground": false, "under_construction": "False", "dc": false, "country": "GH" }, "geometry": { "type": "LineString", "coordinates": [ [ 0.013442, 5.6765235 ], [ 0.0120059, 5.6773412 ], [ 0.0120056, 5.6777353 ], [ 0.0123651, 5.678181 ], [ 0.0137518, 5.6786667 ], [ 0.0154067, 5.6792005 ] ] } },
{ "type": "Feature", "properties": { "line_id": 1246170562, "circuits": 1.0, "tag_frequency": 50.0, "tag_type": "line", "voltage": 161000, "bus0": null, "bus1": null, "length": null, "underground": false, "under_construction": "False", "dc": false, "country": "GH" }, "geometry": { "type": "LineString", "coordinates": [ [ 0.0134871, 5.6752013 ], [ 0.0134077, 5.6752791 ] ] } },
{ "type": "Feature", "properties": { "line_id": 1246170563, "circuits": 1.0, "tag_frequency": 50.0, "tag_type": "line", "voltage": 161000, "bus0": null, "bus1": null, "length": null, "underground": false, "under_construction": "False", "dc": false, "country": "GH" }, "geometry": { "type": "LineString", "coordinates": [ [ 0.0134077, 5.6752791 ], [ 0.0141109, 5.676019 ] ] } },
{ "type": "Feature", "properties": { "line_id": 1246170564, "circuits": 1.0, "tag_frequency": 50.0, "tag_type": "line", "voltage": 161000, "bus0": null, "bus1": null, "length": null, "underground": false, "under_construction": "False", "dc": false, "country": "GH" }, "geometry": { "type": "LineString", "coordinates": [ [ 0.0133276, 5.6751948 ], [ 0.0134036, 5.6751203 ] ] } },
{ "type": "Feature", "properties": { "line_id": 1246170566, "circuits": 2.0, "tag_frequency": 50.0, "tag_type": "line", "voltage": 161000, "bus0": null, "bus1": null, "length": null, "underground": false, "under_construction": "False", "dc": false, "country": "GH" }, "geometry": { "type": "LineString", "coordinates": [ [ 0.0244912, 5.6716682 ], [ 0.0222516, 5.6723196 ], [ 0.0186065, 5.6739557 ], [ 0.0167692, 5.6747832 ], [ 0.0149507, 5.6756507 ], [ 0.0137571, 5.6759683 ] ] } },
{ "type": "Feature", "properties": { "line_id": 1246170568, "circuits": 2.0, "tag_frequency": 50.0, "tag_type": "line", "voltage": 161000, "bus0": null, "bus1": null, "length": null, "underground": false, "under_construction": "False", "dc": false, "country": "GH" }, "geometry": { "type": "LineString", "coordinates": [ [ 0.0188665, 5.6740369 ], [ 0.0159436, 5.6754577 ], [ 0.0142218, 5.6763433 ], [ 0.0139073, 5.6761364 ] ] } },
{ "type": "Feature", "properties": { "line_id": 1246170570, "circuits": 1.0, "tag_frequency": 50.0, "tag_type": "line", "voltage": 161000, "bus0": null, "bus1": null, "length": null, "underground": false, "under_construction": "False", "dc": false, "country": "GH" }, "geometry": { "type": "LineString", "coordinates": [ [ 0.0247036, 5.6949394 ], [ 0.0244569, 5.6950248 ], [ 0.0239043, 5.695556 ], [ 0.0229119, 5.6951663 ], [ 0.0224988, 5.6946593 ], [ 0.0224372, 5.6944084 ], [ 0.023746, 5.6932286 ], [ 0.0246257, 5.6925187 ], [ 0.0265301, 5.6907732 ], [ 0.0262458, 5.689871 ], [ 0.0243414, 5.6890437 ], [ 0.022555, 5.688227 ], [ 0.0206238, 5.6874744 ], [ 0.0188213, 5.6866844 ], [ 0.0180971, 5.6858784 ], [ 0.0187354, 5.6839459 ], [ 0.0193094, 5.6819709 ], [ 0.0191324, 5.6812342 ], [ 0.017802, 5.6806631 ], [ 0.0168203, 5.680156 ], [ 0.0154067, 5.6792005 ] ] } },
{ "type": "Feature", "properties": { "line_id": 1246170571, "circuits": 1.0, "tag_frequency": 50.0, "tag_type": "line", "voltage": 161000, "bus0": null, "bus1": null, "length": null, "underground": false, "under_construction": "False", "dc": false, "country": "GH" }, "geometry": { "type": "LineString", "coordinates": [ [ 0.0106441, 5.6781515 ], [ 0.0116248, 5.6778447 ], [ 0.0120298, 5.6781597 ], [ 0.0152082, 5.679438 ], [ 0.0166433, 5.6804336 ], [ 0.0167023, 5.6809928 ], [ 0.0159084, 5.6828731 ], [ 0.0151789, 5.6847334 ], [ 0.0154739, 5.6851685 ], [ 0.0163809, 5.6856943 ], [ 0.0175231, 5.6863962 ], [ 0.0231343, 5.6888728 ], [ 0.0260312, 5.6900739 ], [ 0.0261331, 5.6906984 ], [ 0.0220616, 5.6942456 ], [ 0.0218471, 5.6954013 ], [ 0.0216003, 5.6956628 ] ] } },
{ "type": "Feature", "properties": { "line_id": 1246170572, "circuits": 1.0, "tag_frequency": 50.0, "tag_type": "line", "voltage": 161000, "bus0": null, "bus1": null, "length": null, "underground": false, "under_construction": "False", "dc": false, "country": "GH" }, "geometry": { "type": "LineString", "coordinates": [ [ 0.0459127, 5.682124 ], [ 0.0466785, 5.6813835 ], [ 0.0467491, 5.6812903 ] ] } },
{ "type": "Feature", "properties": { "line_id": 1246170573, "circuits": 1.0, "tag_frequency": 50.0, "tag_type": "line", "voltage": 161000, "bus0": null, "bus1": null, "length": null, "underground": false, "under_construction": "False", "dc": false, "country": "GH" }, "geometry": { "type": "LineString", "coordinates": [ [ 0.0466071, 5.681185 ], [ 0.0465328, 5.6812822 ], [ 0.0459127, 5.682124 ] ] } },
{ "type": "Feature", "properties": { "line_id": 1246170577, "circuits": 2.0, "tag_frequency": 50.0, "tag_type": "line", "voltage": 161000, "bus0": null, "bus1": null, "length": null, "underground": false, "under_construction": "False", "dc": false, "country": "GH" }, "geometry": { "type": "LineString", "coordinates": [ [ 0.0459127, 5.682124 ], [ 0.0460777, 5.682177499999989 ], [ 0.0459369, 5.681945299999989 ], [ 0.0458199, 5.681819299999989 ] ] } },
{ "type": "Feature", "properties": { "line_id": 1246170578, "circuits": 2.0, "tag_frequency": 50.0, "tag_type": "line", "voltage": 161000, "bus0": null, "bus1": null, "length": null, "underground": false, "under_construction": "False", "dc": false, "country": "GH" }, "geometry": { "type": "LineString", "coordinates": [ [ 0.0455054, 5.681962 ], [ 0.0456063, 5.682087 ], [ 0.0457853, 5.682392400000019 ], [ 0.0459127, 5.682124 ] ] } },
{ "type": "Feature", "properties": { "line_id": 1246170579, "circuits": 2.0, "tag_frequency": 50.0, "tag_type": "line", "voltage": 161000, "bus0": null, "bus1": null, "length": null, "underground": false, "under_construction": "False", "dc": false, "country": "GH" }, "geometry": { "type": "LineString", "coordinates": [ [ 0.0459127, 5.682124 ], [ 0.0457259, 5.681856100000019 ] ] } },
{ "type": "Feature", "properties": { "line_id": 1246170580, "circuits": 1.0, "tag_frequency": 50.0, "tag_type": "line", "voltage": 161000, "bus0": null, "bus1": null, "length": null, "underground": false, "under_construction": "False", "dc": false, "country": "GH" }, "geometry": { "type": "LineString", "coordinates": [ [ 0.0453602, 5.681320300000018 ], [ 0.0453845, 5.681375299999989 ], [ 0.0455969, 5.681856299999989 ], [ 0.0456217, 5.681912399999989 ] ] } },
{ "type": "Feature", "properties": { "line_id": 1246170581, "circuits": 1.0, "tag_frequency": 50.0, "tag_type": "line", "voltage": 161000, "bus0": null, "bus1": null, "length": null, "underground": false, "under_construction": "False", "dc": false, "country": "GH" }, "geometry": { "type": "LineString", "coordinates": [ [ 0.0451356, 5.681423600000019 ], [ 0.045158, 5.681474399999989 ], [ 0.0453705, 5.681955399999989 ], [ 0.0453943, 5.682009399999989 ] ] } },
{ "type": "Feature", "properties": { "line_id": 1246170582, "circuits": 1.0, "tag_frequency": 50.0, "tag_type": "line", "voltage": 161000, "bus0": null, "bus1": null, "length": null, "underground": false, "under_construction": "False", "dc": false, "country": "GH" }, "geometry": { "type": "LineString", "coordinates": [ [ 0.045158, 5.681474399999989 ], [ 0.0452687, 5.681426 ], [ 0.0453845, 5.681375299999989 ], [ 0.0454926, 5.681328 ], [ 0.045585, 5.681287599999989 ] ] } },
{ "type": "Feature", "properties": { "line_id": 1246170583, "circuits": 1.0, "tag_frequency": 50.0, "tag_type": "line", "voltage": 161000, "bus0": null, "bus1": null, "length": null, "underground": false, "under_construction": "False", "dc": false, "country": "GH" }, "geometry": { "type": "LineString", "coordinates": [ [ 0.0453705, 5.681955399999989 ], [ 0.0454811, 5.681907 ], [ 0.0455969, 5.681856299999989 ], [ 0.0457051, 5.681809 ], [ 0.0457975, 5.681768599999989 ] ] } },
{ "type": "Feature", "properties": { "line_id": 1246170584, "circuits": 1.0, "tag_frequency": 50.0, "tag_type": "line", "voltage": 161000, "bus0": null, "bus1": null, "length": null, "underground": false, "under_construction": "False", "dc": false, "country": "GH" }, "geometry": { "type": "LineString", "coordinates": [ [ 0.0458199, 5.681819299999989 ], [ 0.0457975, 5.681768599999989 ], [ 0.045585, 5.681287599999989 ], [ 0.0455563, 5.681222599999989 ] ] } },
{ "type": "Feature", "properties": { "line_id": 1246170612, "circuits": 1.0, "tag_frequency": 50.0, "tag_type": "line", "voltage": 161000, "bus0": null, "bus1": null, "length": null, "underground": false, "under_construction": "False", "dc": false, "country": "GH" }, "geometry": { "type": "LineString", "coordinates": [ [ 0.0128582, 5.6755878 ], [ 0.013645, 5.6763602 ], [ 0.0137003, 5.6764144 ] ] } },
{ "type": "Feature", "properties": { "line_id": 1246170613, "circuits": 1.0, "tag_frequency": 50.0, "tag_type": "line", "voltage": 161000, "bus0": null, "bus1": null, "length": null, "underground": false, "under_construction": "False", "dc": false, "country": "GH" }, "geometry": { "type": "LineString", "coordinates": [ [ 0.0134077, 5.6752791 ], [ 0.0133276, 5.6751948 ], [ 0.0132895, 5.6751547 ] ] } },
{ "type": "Feature", "properties": { "line_id": 1246172863, "circuits": 1.0, "tag_frequency": 50.0, "tag_type": "line", "voltage": 161000, "bus0": null, "bus1": null, "length": null, "underground": false, "under_construction": "False", "dc": false, "country": "GH" }, "geometry": { "type": "LineString", "coordinates": [ [ 0.0023255, 5.6947605 ], [ 0.0022567, 5.6949217 ] ] } },
{ "type": "Feature", "properties": { "line_id": 1246172864, "circuits": 1.0, "tag_frequency": 50.0, "tag_type": "line", "voltage": 161000, "bus0": null, "bus1": null, "length": null, "underground": false, "under_construction": "False", "dc": false, "country": "GH" }, "geometry": { "type": "LineString", "coordinates": [ [ 0.0019526, 5.6956346 ], [ 0.0020085, 5.6955114 ] ] } },
{ "type": "Feature", "properties": { "line_id": 1246172865, "circuits": 1.0, "tag_frequency": 50.0, "tag_type": "line", "voltage": 161000, "bus0": null, "bus1": null, "length": null, "underground": false, "under_construction": "False", "dc": false, "country": "GH" }, "geometry": { "type": "LineString", "coordinates": [ [ 0.0030942, 5.6959638 ], [ 0.0033424, 5.6953741 ] ] } },
{ "type": "Feature", "properties": { "line_id": 1246172866, "circuits": 1.0, "tag_frequency": 50.0, "tag_type": "line", "voltage": 161000, "bus0": null, "bus1": null, "length": null, "underground": false, "under_construction": "False", "dc": false, "country": "GH" }, "geometry": { "type": "LineString", "coordinates": [ [ 0.0029747, 5.695914 ], [ 0.0032228, 5.6953243 ] ] } },
{ "type": "Feature", "properties": { "line_id": 1246172867, "circuits": 1.0, "tag_frequency": 50.0, "tag_type": "line", "voltage": 161000, "bus0": null, "bus1": null, "length": null, "underground": false, "under_construction": "False", "dc": false, "country": "GH" }, "geometry": { "type": "LineString", "coordinates": [ [ 0.0028525, 5.6958631 ], [ 0.0031007, 5.6952734 ] ] } },
{ "type": "Feature", "properties": { "line_id": 1246172868, "circuits": 1.0, "tag_frequency": 50.0, "tag_type": "line", "voltage": 161000, "bus0": null, "bus1": null, "length": null, "underground": false, "under_construction": "False", "dc": false, "country": "GH" }, "geometry": { "type": "LineString", "coordinates": [ [ 0.0027576, 5.6958235 ], [ 0.0030058, 5.6952338 ] ] } },
{ "type": "Feature", "properties": { "line_id": 1246172869, "circuits": 1.0, "tag_frequency": 50.0, "tag_type": "line", "voltage": 161000, "bus0": null, "bus1": null, "length": null, "underground": false, "under_construction": "False", "dc": false, "country": "GH" }, "geometry": { "type": "LineString", "coordinates": [ [ 0.0026491, 5.6957783 ], [ 0.0028973, 5.6951886 ] ] } },
{ "type": "Feature", "properties": { "line_id": 1246172870, "circuits": 1.0, "tag_frequency": 50.0, "tag_type": "line", "voltage": 161000, "bus0": null, "bus1": null, "length": null, "underground": false, "under_construction": "False", "dc": false, "country": "GH" }, "geometry": { "type": "LineString", "coordinates": [ [ 0.0025265, 5.6957272 ], [ 0.0027746, 5.6951375 ] ] } },
{ "type": "Feature", "properties": { "line_id": 1246172871, "circuits": 1.0, "tag_frequency": 50.0, "tag_type": "line", "voltage": 161000, "bus0": null, "bus1": null, "length": null, "underground": false, "under_construction": "False", "dc": false, "country": "GH" }, "geometry": { "type": "LineString", "coordinates": [ [ 0.0024292, 5.6956867 ], [ 0.0026773, 5.695097 ] ] } },
{ "type": "Feature", "properties": { "line_id": 1246172872, "circuits": 1.0, "tag_frequency": 50.0, "tag_type": "line", "voltage": 161000, "bus0": null, "bus1": null, "length": null, "underground": false, "under_construction": "False", "dc": false, "country": "GH" }, "geometry": { "type": "LineString", "coordinates": [ [ 0.0023194, 5.6956409 ], [ 0.0025675, 5.6950512 ] ] } },
{ "type": "Feature", "properties": { "line_id": 1246172873, "circuits": 1.0, "tag_frequency": 50.0, "tag_type": "line", "voltage": 161000, "bus0": null, "bus1": null, "length": null, "underground": false, "under_construction": "False", "dc": false, "country": "GH" }, "geometry": { "type": "LineString", "coordinates": [ [ 0.0022152, 5.6955975 ], [ 0.0024633, 5.6950078 ] ] } },
{ "type": "Feature", "properties": { "line_id": 1246172874, "circuits": 1.0, "tag_frequency": 50.0, "tag_type": "line", "voltage": 161000, "bus0": null, "bus1": null, "length": null, "underground": false, "under_construction": "False", "dc": false, "country": "GH" }, "geometry": { "type": "LineString", "coordinates": [ [ 0.0023577, 5.6949638 ], [ 0.0021096, 5.6955535 ] ] } },
{ "type": "Feature", "properties": { "line_id": 1246172875, "circuits": 1.0, "tag_frequency": 50.0, "tag_type": "line", "voltage": 330000, "bus0": null, "bus1": null, "length": null, "underground": false, "under_construction": "False", "dc": false, "country": "GH" }, "geometry": { "type": "LineString", "coordinates": [ [ 0.0008958, 5.6952795 ], [ 0.0009746, 5.6950887 ], [ 0.0011471, 5.6946706 ], [ 0.0012113, 5.6945152 ] ] } },
{ "type": "Feature", "properties": { "line_id": 1246172876, "circuits": 1.0, "tag_frequency": 50.0, "tag_type": "line", "voltage": 330000, "bus0": null, "bus1": null, "length": null, "underground": false, "under_construction": "False", "dc": false, "country": "GH" }, "geometry": { "type": "LineString", "coordinates": [ [ 0.0005867, 5.6951532 ], [ 0.0008442, 5.694529100000019 ], [ 0.0009021, 5.6943888 ] ] } },
{ "type": "Feature", "properties": { "line_id": 1246172877, "circuits": 1.0, "tag_frequency": 50.0, "tag_type": "line", "voltage": 330000, "bus0": null, "bus1": null, "length": null, "underground": false, "under_construction": "False", "dc": false, "country": "GH" }, "geometry": { "type": "LineString", "coordinates": [ [ 0.0007248, 5.6952084 ], [ 0.0009883, 5.694577200000019 ], [ 0.0010424, 5.6944462 ] ] } },
{ "type": "Feature", "properties": { "line_id": 1246172878, "circuits": 1.0, "tag_frequency": 50.0, "tag_type": "line", "voltage": 330000, "bus0": null, "bus1": null, "length": null, "underground": false, "under_construction": "False", "dc": false, "country": "GH" }, "geometry": { "type": "LineString", "coordinates": [ [ 0.0012702, 5.6945392 ], [ 0.0012113, 5.6945152 ], [ 0.0010424, 5.6944462 ], [ 0.0009021, 5.6943888 ], [ 0.000838, 5.6943627 ] ] } },
{ "type": "Feature", "properties": { "line_id": 1246172879, "circuits": 1.0, "tag_frequency": 50.0, "tag_type": "line", "voltage": 330000, "bus0": null, "bus1": null, "length": null, "underground": false, "under_construction": "False", "dc": false, "country": "GH" }, "geometry": { "type": "LineString", "coordinates": [ [ 0.0009456, 5.6952999 ], [ 0.0008958, 5.6952795 ], [ 0.0007248, 5.6952084 ], [ 0.0005867, 5.6951532 ], [ 0.0005135, 5.6951233 ] ] } },
{ "type": "Feature", "properties": { "line_id": 1246172880, "circuits": 1.0, "tag_frequency": 50.0, "tag_type": "line", "voltage": 161000, "bus0": null, "bus1": null, "length": null, "underground": false, "under_construction": "False", "dc": false, "country": "GH" }, "geometry": { "type": "LineString", "coordinates": [ [ 0.0020085, 5.6955114 ], [ 0.0021096, 5.6955535 ], [ 0.0022152, 5.6955975 ], [ 0.0023194, 5.6956409 ], [ 0.0024292, 5.6956867 ], [ 0.0025265, 5.6957272 ], [ 0.0026491, 5.6957783 ], [ 0.0027576, 5.6958235 ], [ 0.0028525, 5.6958631 ], [ 0.0029747, 5.695914 ], [ 0.0030942, 5.6959638 ] ] } },
{ "type": "Feature", "properties": { "line_id": 1246172881, "circuits": 1.0, "tag_frequency": 50.0, "tag_type": "line", "voltage": 161000, "bus0": null, "bus1": null, "length": null, "underground": false, "under_construction": "False", "dc": false, "country": "GH" }, "geometry": { "type": "LineString", "coordinates": [ [ 0.0022567, 5.6949217 ], [ 0.0020085, 5.6955114 ] ] } },
{ "type": "Feature", "properties": { "line_id": 1246172882, "circuits": 1.0, "tag_frequency": 50.0, "tag_type": "line", "voltage": 161000, "bus0": null, "bus1": null, "length": null, "underground": false, "under_construction": "False", "dc": false, "country": "GH" }, "geometry": { "type": "LineString", "coordinates": [ [ 0.0033424, 5.6953741 ], [ 0.0032228, 5.6953243 ], [ 0.0031007, 5.6952734 ], [ 0.0030058, 5.6952338 ], [ 0.0028973, 5.6951886 ], [ 0.0027746, 5.6951375 ], [ 0.0026773, 5.695097 ], [ 0.0025675, 5.6950512 ], [ 0.0024633, 5.6950078 ], [ 0.0023577, 5.6949638 ], [ 0.0022567, 5.6949217 ] ] } },
{ "type": "Feature", "properties": { "line_id": 1279202194, "circuits": 1.0, "tag_frequency": 50.0, "tag_type": "line", "voltage": 161000, "bus0": null, "bus1": null, "length": null, "underground": false, "under_construction": "False", "dc": false, "country": "GH" }, "geometry": { "type": "LineString", "coordinates": [ [ -2.22295, 6.2471201 ], [ -2.2257145, 6.2472969 ], [ -2.2272867, 6.24751 ], [ -2.2289291, 6.24622 ], [ -2.2316397, 6.2442439 ], [ -2.2327666, 6.2434489 ], [ -2.2345691, 6.242101 ], [ -2.2370488, 6.2402302 ], [ -2.2400413, 6.2380627 ], [ -2.2427339, 6.236038 ], [ -2.245249, 6.2341422 ], [ -2.2472542, 6.2326631 ], [ -2.2555712, 6.2265386 ], [ -2.2636497, 6.2205666 ], [ -2.2659491, 6.2188619 ], [ -2.2679492, 6.2173248 ], [ -2.2772884, 6.2160554 ], [ -2.2843243, 6.2151453 ], [ -2.2865697, 6.2148652 ], [ -2.2935983, 6.2139166 ], [ -2.2966946, 6.2134534 ], [ -2.3006295, 6.2129407 ], [ -2.3055821, 6.2122875 ], [ -2.3088668, 6.2118609 ], [ -2.312312, 6.2114046 ], [ -2.3139455, 6.2111676 ], [ -2.3179682, 6.2106422 ], [ -2.3208843, 6.2102756 ], [ -2.3239137, 6.2098406 ], [ -2.3284023, 6.2092479 ], [ -2.3324986, 6.2086273 ], [ -2.3367873, 6.2081626 ], [ -2.344713, 6.20701 ], [ -2.3591757, 6.2050339 ], [ -2.3610918, 6.2047865 ], [ -2.3636436, 6.2044571 ], [ -2.3683246, 6.2038528 ], [ -2.3703437, 6.2035688 ], [ -2.3736961, 6.20310020000001 ], [ -2.3773981, 6.2026282 ], [ -2.3808646, 6.2021993 ], [ -2.3848661, 6.2016752 ], [ -2.3907397, 6.2008466 ], [ -2.3963778, 6.2009753 ], [ -2.3989239, 6.2011014 ], [ -2.4041882, 6.1999596 ], [ -2.4053765, 6.1997881 ], [ -2.4074147, 6.1994287 ], [ -2.4109746, 6.1987188 ], [ -2.4144529, 6.198053 ], [ -2.4200672, 6.197023 ], [ -2.4278378, 6.2030517 ], [ -2.4370082, 6.2100339 ], [ -2.4426568, 6.2143574 ], [ -2.4463491, 6.2171743 ], [ -2.452024, 6.2214889 ], [ -2.4592552, 6.2270231 ], [ -2.4632406, 6.2300763 ], [ -2.4667794, 6.2327855 ], [ -2.4685421, 6.2341351 ], [ -2.4733742, 6.237853200000014 ], [ -2.4758525, 6.23973170000001 ], [ -2.4784733, 6.241756800000014 ], [ -2.4813265, 6.24392530000001 ], [ -2.4835297, 6.2456467 ], [ -2.4849585, 6.2476577 ], [ -2.486513, 6.249796700000014 ], [ -2.487944, 6.2517658 ], [ -2.4894947, 6.2540037 ], [ -2.4918749, 6.2573682 ], [ -2.4936923, 6.2598787 ], [ -2.4958755, 6.2629179 ], [ -2.4967101, 6.2662265 ], [ -2.4975336, 6.269503400000015 ], [ -2.498468, 6.273222 ], [ -2.4991889, 6.276082 ], [ -2.500248, 6.2802219 ], [ -2.5051826, 6.299647100000015 ], [ -2.5072952, 6.307963 ], [ -2.5089795, 6.314593 ], [ -2.5115206, 6.3246339 ], [ -2.5123728, 6.3279873 ], [ -2.5131034, 6.33101280000001 ], [ -2.5170072, 6.333228600000015 ], [ -2.5256113, 6.338089500000015 ], [ -2.5282792, 6.339581200000015 ], [ -2.5362775, 6.344053500000014 ], [ -2.5402269, 6.346261700000015 ], [ -2.5423713, 6.347460700000014 ], [ -2.5448007, 6.34878680000001 ], [ -2.5452577, 6.34944110000001 ], [ -2.5542257, 6.363922900000015 ], [ -2.5571854, 6.368697 ], [ -2.5589592, 6.371538400000015 ], [ -2.560197, 6.373521200000015 ], [ -2.5621225, 6.37660550000001 ], [ -2.5641256, 6.377952100000015 ], [ -2.5681858, 6.380611600000015 ], [ -2.5698503, 6.381718200000015 ], [ -2.5712674, 6.382660300000015 ], [ -2.5748803, 6.385062200000014 ], [ -2.5770038, 6.386477500000014 ], [ -2.5796614, 6.388245 ], [ -2.5818477, 6.388327700000014 ], [ -2.5882502, 6.388635500000014 ], [ -2.5978075, 6.38910950000001 ], [ -2.6004841, 6.388455300000014 ], [ -2.6069551, 6.386892100000014 ], [ -2.6088324, 6.386438600000014 ], [ -2.6117404, 6.385761700000014 ], [ -2.6176338, 6.384332700000014 ], [ -2.6233898, 6.382948 ], [ -2.6297375, 6.381421 ], [ -2.6327958, 6.380685300000014 ], [ -2.6355334, 6.380026700000013 ], [ -2.6383238, 6.379355400000014 ], [ -2.6416249, 6.378561300000014 ], [ -2.6445108, 6.377867 ], [ -2.6480412, 6.377017700000014 ], [ -2.6496108, 6.376640100000014 ], [ -2.6510709, 6.376288900000014 ], [ -2.6546495, 6.375427900000014 ], [ -2.6564041, 6.375005900000014 ], [ -2.6596762, 6.374218700000013 ], [ -2.6614224, 6.3737909 ], [ -2.6658238, 6.370366400000013 ], [ -2.6681518, 6.368555100000013 ], [ -2.6735432, 6.364314400000013 ], [ -2.6759396, 6.362440800000013 ], [ -2.684955, 6.355392100000013 ], [ -2.686562, 6.354135700000013 ], [ -2.6883204, 6.352760800000013 ], [ -2.6903802, 6.351150400000013 ], [ -2.695234, 6.347355300000014 ], [ -2.6975337, 6.345557300000014 ], [ -2.6992506, 6.344214800000014 ], [ -2.7070108, 6.338147300000013 ], [ -2.7089848, 6.336603800000013 ], [ -2.7138818, 6.332774900000013 ], [ -2.7155111, 6.331501 ], [ -2.7175046, 6.329942300000012 ], [ -2.7197939, 6.328152300000013 ], [ -2.7246315, 6.324369700000013 ], [ -2.7265727, 6.322851900000012 ], [ -2.7283677, 6.321436100000012 ], [ -2.7295854, 6.320531 ], [ -2.7319973, 6.318646400000012 ], [ -2.7341495, 6.316914300000012 ], [ -2.7362901, 6.315281200000012 ], [ -2.7391347, 6.31302860000001 ], [ -2.7431705, 6.312544 ], [ -2.7455477, 6.312228100000011 ], [ -2.7489185, 6.311818300000011 ], [ -2.7514756, 6.311470700000012 ], [ -2.7541382, 6.311133700000012 ], [ -2.7600119, 6.310383 ], [ -2.762342, 6.310096600000011 ], [ -2.7650262, 6.309766800000011 ], [ -2.767768, 6.309401 ], [ -2.7702923, 6.309092800000011 ], [ -2.7725273, 6.308808 ], [ -2.7749266, 6.308511200000011 ], [ -2.7767186, 6.3082753 ], [ -2.7789196, 6.310409400000011 ], [ -2.7814237, 6.31284980000001 ], [ -2.7838385, 6.315179400000011 ], [ -2.7858243, 6.3171322 ], [ -2.7873443, 6.31856040000001 ], [ -2.7939563, 6.324965 ], [ -2.795704, 6.3266428 ], [ -2.7976123, 6.3285058 ], [ -2.8021933, 6.33296 ], [ -2.8060119, 6.3366259 ], [ -2.8092771, 6.3396571 ], [ -2.8106993, 6.3411455 ], [ -2.8127345, 6.3431217 ], [ -2.814686, 6.3450121 ], [ -2.8162667, 6.3456773 ], [ -2.817994, 6.3463972 ], [ -2.821345, 6.3478144 ], [ -2.8245017, 6.3491279 ], [ -2.8272686, 6.3502851 ], [ -2.8303439, 6.3515735 ], [ -2.8321929, 6.3517203 ], [ -2.8324135, 6.3521411 ] ] } },
{ "type": "Feature", "properties": { "line_id": 1279422234, "circuits": 1.0, "tag_frequency": 50.0, "tag_type": "line", "voltage": 161000, "bus0": null, "bus1": null, "length": null, "underground": false, "under_construction": "False", "dc": false, "country": "GH" }, "geometry": { "type": "LineString", "coordinates": [ [ -2.8326869, 6.3527158 ], [ -2.8328526, 6.3531934 ], [ -2.8336493, 6.3559014 ], [ -2.8352559, 6.36130820000001 ], [ -2.8348858, 6.363349700000017 ], [ -2.834, 6.368236700000017 ], [ -2.8329366, 6.3741143 ], [ -2.8281976, 6.381375300000017 ], [ -2.8247846, 6.386583 ], [ -2.8228297, 6.389612800000017 ], [ -2.8209436, 6.392441 ], [ -2.8190144, 6.395415600000017 ], [ -2.8170454, 6.398451400000017 ], [ -2.8151436, 6.401383600000017 ], [ -2.8134432, 6.4040053 ], [ -2.8083741, 6.405028100000017 ], [ -2.8049793, 6.405713100000017 ], [ -2.8020245, 6.406309300000017 ], [ -2.7987948, 6.406961 ], [ -2.7956668, 6.407592200000017 ], [ -2.7922581, 6.408313200000017 ], [ -2.7891978, 6.408935500000017 ], [ -2.7858923, 6.409607600000017 ], [ -2.7830157, 6.410192600000017 ], [ -2.7801544, 6.410774400000017 ], [ -2.7741091, 6.412003700000017 ], [ -2.7711156, 6.412612300000017 ], [ -2.7683352, 6.413177700000017 ], [ -2.7661442, 6.41362320000001 ], [ -2.7641177, 6.413668200000017 ], [ -2.7613996, 6.413751200000017 ], [ -2.758864, 6.413828500000017 ], [ -2.7527306, 6.414015600000017 ], [ -2.7498626, 6.414103100000017 ], [ -2.7473932, 6.414178400000017 ], [ -2.7440922, 6.414279200000017 ], [ -2.7423805, 6.414331400000017 ], [ -2.7391053, 6.414431300000017 ], [ -2.7329439, 6.414619200000018 ], [ -2.729689, 6.414718500000017 ], [ -2.7263831, 6.414819400000017 ], [ -2.7208379, 6.414962600000017 ], [ -2.7172395, 6.415070300000017 ], [ -2.7141094, 6.415185 ], [ -2.6988264, 6.415648600000017 ], [ -2.6969697, 6.4157049 ], [ -2.6941176, 6.41578610000001 ], [ -2.6927178, 6.418150600000017 ], [ -2.6910633, 6.420907300000017 ], [ -2.6899698, 6.422729300000016 ], [ -2.6881123, 6.425824300000016 ], [ -2.6866659, 6.428234300000017 ], [ -2.6814033, 6.437002700000017 ], [ -2.6802103, 6.438990300000016 ], [ -2.6783022, 6.442169400000016 ], [ -2.6772365, 6.443910400000016 ], [ -2.6741614, 6.4490275 ], [ -2.6748818, 6.456883700000016 ], [ -2.6754996, 6.463550100000016 ], [ -2.6758315, 6.467131600000016 ], [ -2.6760885, 6.469905500000016 ], [ -2.6769551, 6.478654600000016 ], [ -2.6781896, 6.4917107 ], [ -2.67399, 6.506033500000017 ], [ -2.6716391, 6.5140603 ], [ -2.6637787, 6.517765700000017 ], [ -2.6611487, 6.519005500000016 ], [ -2.6557635, 6.521544100000017 ], [ -2.6476826, 6.525353400000017 ], [ -2.6448331, 6.526696600000017 ], [ -2.6351067, 6.531281600000017 ], [ -2.6303776, 6.5335108 ], [ -2.6273544, 6.534942600000017 ], [ -2.6249564, 6.536078200000016 ], [ -2.6226189, 6.537185200000017 ], [ -2.6162194, 6.540215800000016 ], [ -2.613312, 6.541592700000017 ], [ -2.6101022, 6.5431128 ], [ -2.6096034, 6.544703200000017 ], [ -2.6085334, 6.548281500000017 ], [ -2.6069975, 6.553417600000016 ], [ -2.605479, 6.558537300000016 ], [ -2.6033333, 6.565712 ], [ -2.6015973, 6.571458600000017 ], [ -2.6006384, 6.574734300000015 ], [ -2.5980627, 6.5833545 ], [ -2.5987169, 6.586824900000015 ], [ -2.5991592, 6.589255200000015 ], [ -2.6009118, 6.598739 ], [ -2.6043615, 6.6171348 ], [ -2.6030828, 6.618535500000015 ], [ -2.6012059, 6.620591500000015 ], [ -2.5977121, 6.624458800000014 ], [ -2.5891838, 6.633869400000014 ], [ -2.5752172, 6.649345500000014 ], [ -2.5718017, 6.653024500000014 ], [ -2.5694532, 6.655715900000014 ], [ -2.5657574, 6.6597977 ], [ -2.5655567, 6.662033400000014 ], [ -2.5652659, 6.665274200000014 ], [ -2.5647112, 6.671454200000014 ], [ -2.5643145, 6.675873900000013 ], [ -2.5639955, 6.67929 ], [ -2.5637884, 6.681591600000013 ], [ -2.5635779, 6.683930600000013 ], [ -2.563361, 6.686341600000014 ], [ -2.5631205, 6.689503300000013 ], [ -2.5628843, 6.691693900000013 ], [ -2.5626366, 6.694451600000013 ], [ -2.5623273, 6.697895300000013 ], [ -2.5621444, 6.6999311 ], [ -2.5584175, 6.702501300000013 ], [ -2.5565899, 6.703750799999742 ], [ -2.5550536, 6.704734099999742 ], [ -2.5536364, 6.705721200000013 ], [ -2.5524188, 6.707249100000014 ], [ -2.5516702, 6.708245500000014 ], [ -2.5474038, 6.713790400000014 ], [ -2.5454504, 6.716319400000014 ], [ -2.5437056, 6.718642400000014 ], [ -2.5420372, 6.720778700000014 ], [ -2.5405751, 6.722663400000013 ], [ -2.5387746, 6.725019200000014 ], [ -2.5367935, 6.727572800000013 ], [ -2.5337226, 6.731590900000013 ], [ -2.5282582, 6.738675 ], [ -2.5267174, 6.740669900000013 ], [ -2.5253741, 6.742416900000013 ], [ -2.5233725, 6.744986900000013 ], [ -2.5220605, 6.746741700000013 ], [ -2.5205798, 6.748647100000013 ], [ -2.5189311, 6.750791500000012 ], [ -2.5173836, 6.75287550000001 ], [ -2.5174995, 6.755590600000012 ], [ -2.5176446, 6.758253800000012 ], [ -2.5180113, 6.764226500000013 ], [ -2.5180538, 6.766105400000013 ], [ -2.5182599, 6.76972 ], [ -2.518428, 6.772756200000012 ], [ -2.5185963, 6.77582650000001 ], [ -2.5200441, 6.777638 ], [ -2.5256374, 6.784619100000013 ], [ -2.531793, 6.792302200000012 ], [ -2.533023, 6.793824300000012 ], [ -2.5341801, 6.79528880000001 ], [ -2.5354142, 6.798496400000013 ], [ -2.5361377, 6.800450500000013 ], [ -2.5382536, 6.8058775 ], [ -2.5382766, 6.812265200000013 ], [ -2.5382339, 6.815442400000013 ], [ -2.5382584, 6.818636 ], [ -2.5382235, 6.823528600000013 ], [ -2.5413608, 6.844976 ], [ -2.5421964, 6.8511044 ], [ -2.5425553, 6.8536144 ], [ -2.5433867, 6.859641500000013 ], [ -2.5438306, 6.862571400000013 ], [ -2.5442075, 6.865218300000013 ], [ -2.5446496, 6.868323100000013 ], [ -2.545772, 6.876028800000013 ], [ -2.5462024, 6.8790278 ], [ -2.5453217, 6.880703700000013 ], [ -2.5442607, 6.882722600000013 ], [ -2.5431263, 6.884881100000014 ], [ -2.5421377, 6.886762300000013 ], [ -2.5390327, 6.8926707 ], [ -2.5384923, 6.894852400000014 ], [ -2.5377907, 6.897778 ], [ -2.5373161, 6.899603 ], [ -2.544909, 6.911639500000014 ], [ -2.5482007, 6.9168451 ], [ -2.5542603, 6.919878700000014 ], [ -2.5566677, 6.92098430000001 ], [ -2.5577284, 6.9203001 ], [ -2.5590911, 6.9180558 ], [ -2.5597054, 6.9164133 ], [ -2.5597279, 6.916135300000014 ] ] } },
{ "type": "Feature", "properties": { "line_id": 1291386751, "circuits": 1.0, "tag_frequency": 50.0, "tag_type": "line", "voltage": 161000, "bus0": null, "bus1": null, "length": null, "underground": false, "under_construction": "False", "dc": false, "country": "GH" }, "geometry": { "type": "LineString", "coordinates": [ [ 0.0028796, 5.6965922 ], [ 0.0022732, 5.6983679 ], [ 0.0018336, 5.7015677 ], [ 0.0014876, 5.7041281 ], [ 0.0017871, 5.7066937 ], [ 0.0021616, 5.7099568 ], [ 0.0025466, 5.7129419 ], [ 0.0029407, 5.715312600000017 ], [ 0.0030599, 5.7160296 ], [ 0.0036222, 5.7192852 ], [ 0.0041376, 5.7222895 ], [ 0.0046782, 5.7254064 ], [ 0.0051338, 5.72820440000001 ], [ 0.0051994, 5.7286072 ], [ 0.0057167, 5.7317369 ], [ 0.0062419, 5.7348145 ], [ 0.0064567, 5.7359555 ] ] } },
{ "type": "Feature", "properties": { "line_id": 1323912799, "circuits": 1.0, "tag_frequency": 50.0, "tag_type": "line", "voltage": 161000, "bus0": null, "bus1": null, "length": null, "underground": false, "under_construction": "False", "dc": false, "country": "GH" }, "geometry": { "type": "LineString", "coordinates": [ [ -1.6633518, 6.6722433 ], [ -1.6624696, 6.6727124 ], [ -1.6616503, 6.6731481 ], [ -1.6600518, 6.6739981 ], [ -1.6600385, 6.6740052 ], [ -1.6586091, 6.6747652 ], [ -1.6573052, 6.6754586 ], [ -1.6560114, 6.6761465 ], [ -1.6548349, 6.6767722 ], [ -1.6520327, 6.6782622 ], [ -1.6493938, 6.6796654 ], [ -1.647736, 6.6805469 ], [ -1.6462758, 6.6813234 ], [ -1.6449875, 6.6820084 ], [ -1.6430775, 6.683024 ], [ -1.6416388, 6.683789 ], [ -1.6395687, 6.6848897 ], [ -1.6357536, 6.6869184 ], [ -1.6332152, 6.6882681 ] ] } },
{ "type": "Feature", "properties": { "line_id": 1323912800, "circuits": 1.0, "tag_frequency": 50.0, "tag_type": "line", "voltage": 161000, "bus0": null, "bus1": null, "length": null, "underground": false, "under_construction": "False", "dc": false, "country": "GH" }, "geometry": { "type": "LineString", "coordinates": [ [ -1.9027246, 7.5293876 ], [ -1.9068088, 7.527219900000029 ], [ -1.9091327, 7.525986500000029 ], [ -1.911754, 7.524595200000029 ], [ -1.9139544, 7.5234273 ], [ -1.9161234, 7.522276100000028 ], [ -1.9182491, 7.5211478 ], [ -1.9204239, 7.519993500000028 ], [ -1.9224059, 7.5189415 ], [ -1.92497, 7.517580600000028 ], [ -1.9270494, 7.516476900000028 ], [ -1.9291351, 7.515369800000029 ], [ -1.9312732, 7.514235 ], [ -1.9334378, 7.513086100000029 ], [ -1.9354535, 7.512016200000029 ], [ -1.9375725, 7.510891400000029 ], [ -1.9405751, 7.509297700000029 ], [ -1.9428104, 7.508111200000029 ], [ -1.9451493, 7.506869800000029 ], [ -1.947184, 7.505789800000029 ], [ -1.9491355, 7.504754 ], [ -1.9519671, 7.503251 ], [ -1.9551996, 7.501535200000029 ], [ -1.9573594, 7.5003888 ], [ -1.9591515, 7.499437600000029 ], [ -1.9613667, 7.498261700000029 ], [ -1.9633641, 7.4972016 ], [ -1.9654317, 7.4961041 ], [ -1.9674165, 7.4950505 ], [ -1.969772, 7.4938003 ], [ -1.971878, 7.4926824 ], [ -1.9740699, 7.4915189 ], [ -1.9760358, 7.4904754 ], [ -1.9780604, 7.4894007 ], [ -1.9813583, 7.4876502 ], [ -1.9832084, 7.4866642 ], [ -1.9833765, 7.4865753 ], [ -1.9853203, 7.4855471 ], [ -1.9875876, 7.4843436 ], [ -1.9900158, 7.4830547 ], [ -1.9919848, 7.4820095 ], [ -1.9941075, 7.4808827 ] ] } },
{ "type": "Feature", "properties": { "line_id": 1376395085, "circuits": 1.0, "tag_frequency": 50.0, "tag_type": "line", "voltage": 69000, "bus0": null, "bus1": null, "length": null, "underground": false, "under_construction": "False", "dc": false, "country": "GH" }, "geometry": { "type": "LineString", "coordinates": [ [ 0.5522266, 6.260624100000029 ], [ 0.5514032, 6.262707699999984 ], [ 0.5502391, 6.265331199999984 ], [ 0.5490723, 6.267944099999984 ], [ 0.5463499, 6.274140199999989 ], [ 0.5462319, 6.277281 ], [ 0.5461299, 6.280320299999989 ], [ 0.5459905, 6.283602299999989 ], [ 0.5458832, 6.286505699999989 ], [ 0.5457517, 6.289625 ], [ 0.5456655, 6.291941199999984 ], [ 0.5455698, 6.294738499999984 ] ] } },
{ "type": "Feature", "properties": { "line_id": 1376395087, "circuits": 1.0, "tag_frequency": 50.0, "tag_type": "line", "voltage": 69000, "bus0": null, "bus1": null, "length": null, "underground": false, "under_construction": "False", "dc": false, "country": "GH" }, "geometry": { "type": "LineString", "coordinates": [ [ 0.4671925, 7.507040599999984 ], [ 0.4636332, 7.508343599999982 ], [ 0.4610744, 7.507008699999982 ], [ 0.4586658, 7.505737599999982 ], [ 0.4561043, 7.498249099999982 ], [ 0.4550073, 7.494887799999982 ], [ 0.4536125, 7.490651499999982 ], [ 0.4522741, 7.486649199999983 ], [ 0.4501846, 7.480120499999983 ], [ 0.4494631, 7.478102 ], [ 0.4476178, 7.473405499999983 ], [ 0.4383185, 7.450419499999983 ], [ 0.4387853, 7.447015199999983 ], [ 0.4392332, 7.443241299999984 ], [ 0.4399037, 7.438161399999983 ], [ 0.4406279, 7.432068099999984 ], [ 0.441151, 7.428719599999983 ], [ 0.44191, 7.422631499999983 ], [ 0.4422319, 7.419990299999982 ], [ 0.4426745, 7.416365099999982 ], [ 0.4430848, 7.413011099999983 ], [ 0.4433584, 7.410372599999983 ], [ 0.4398447, 7.405904099999983 ], [ 0.4380557, 7.403619299999983 ], [ 0.4361701, 7.401273299999983 ], [ 0.4340914, 7.398648 ], [ 0.4313582, 7.395246 ], [ 0.4292634, 7.392612699999982 ], [ 0.4264659, 7.389019099999982 ], [ 0.4246768, 7.386819399999982 ], [ 0.422405, 7.384018399999982 ], [ 0.417982, 7.378507 ], [ 0.4161125, 7.376112899999982 ], [ 0.4135564, 7.372833099999982 ], [ 0.4098281, 7.368225899999983 ], [ 0.4077145, 7.365589799999983 ], [ 0.4054722, 7.362730199999983 ], [ 0.4036403, 7.360402599999983 ], [ 0.401524, 7.357769099999983 ], [ 0.3996679, 7.355420199999982 ], [ 0.3975168, 7.352736099999983 ], [ 0.3952396, 7.349895099999983 ], [ 0.3931501, 7.347208299999982 ], [ 0.3908274, 7.344356599999982 ], [ 0.3886521, 7.341624499999982 ], [ 0.386171, 7.33856 ], [ 0.3842962, 7.336184399999983 ], [ 0.3818929, 7.333191599999982 ], [ 0.3798303, 7.330337099999983 ], [ 0.3780225, 7.328256699999983 ], [ 0.3761128, 7.325899699999983 ], [ 0.374313, 7.323625099999983 ], [ 0.3693965, 7.319147799999984 ], [ 0.3670388, 7.317652599999984 ], [ 0.364767, 7.316232 ], [ 0.3620955, 7.314617199999984 ], [ 0.3594053, 7.312933099999984 ], [ 0.3562188, 7.310929899999984 ], [ 0.353145, 7.308971799999983 ], [ 0.3500578, 7.307088199999983 ], [ 0.3477752, 7.305659599999983 ], [ 0.3467211, 7.303156099999983 ], [ 0.3450233, 7.299045699999983 ], [ 0.3437036, 7.295757299999983 ], [ 0.3411233, 7.289318899999983 ], [ 0.3398117, 7.286296499999983 ], [ 0.3371349, 7.279807399999983 ], [ 0.3353244, 7.275404099999983 ], [ 0.3340504, 7.272312399999984 ], [ 0.3324196, 7.268308199999984 ], [ 0.3310785, 7.264990299999984 ], [ 0.3281763, 7.257891599999984 ], [ 0.3272107, 7.255603399999984 ], [ 0.3283238, 7.249382499999984 ], [ 0.3290105, 7.245513799999984 ], [ 0.3296006, 7.241937599999984 ], [ 0.3301907, 7.238106 ], [ 0.3308773, 7.234407499999985 ], [ 0.3315854, 7.230437499999985 ], [ 0.3321487, 7.227217799999985 ], [ 0.3328299, 7.223327499999985 ], [ 0.3335112, 7.219474499999984 ], [ 0.3341067, 7.216190899999985 ], [ 0.3347826, 7.212034399999985 ], [ 0.3361317, 7.204439899999985 ], [ 0.3366441, 7.201294599999986 ], [ 0.3370839, 7.198646799999985 ], [ 0.3355551, 7.196408799999985 ], [ 0.3337634, 7.193689199999985 ], [ 0.3318214, 7.190740699999986 ], [ 0.3299385, 7.187914599999986 ], [ 0.3281361, 7.185163 ], [ 0.3267199, 7.182917 ], [ 0.3248477, 7.180218499999985 ], [ 0.3233188, 7.177876699999985 ], [ 0.3212857, 7.174821699999986 ], [ 0.3196925, 7.172463799999986 ], [ 0.3192365, 7.169297 ], [ 0.3182575, 7.162359 ], [ 0.3177103, 7.158761 ], [ 0.3171873, 7.154955299999986 ], [ 0.3166616, 7.151152299999986 ], [ 0.3161225, 7.147500899999987 ], [ 0.3156638, 7.144049099999987 ], [ 0.3151408, 7.140677099999987 ], [ 0.3145534, 7.136719599999987 ], [ 0.3141001, 7.133557799999987 ], [ 0.3135556, 7.129576199999986 ], [ 0.3129521, 7.125400399999987 ], [ 0.3124827, 7.122126699999987 ], [ 0.3119945, 7.118996799999986 ], [ 0.3134751, 7.117336 ], [ 0.3151971, 7.115494199999986 ], [ 0.3170907, 7.113375599999986 ], [ 0.3186947, 7.111432599999986 ], [ 0.3189307, 7.108616699999986 ], [ 0.319376, 7.103317399999987 ], [ 0.3196576, 7.100363 ], [ 0.3219241, 7.097938199999986 ], [ 0.3237104, 7.095997899999986 ], [ 0.3266072, 7.092934299999986 ], [ 0.328635, 7.090765 ], [ 0.3277686, 7.085359099999986 ], [ 0.3270364, 7.080687699999985 ], [ 0.3265053, 7.077783799999986 ], [ 0.3259367, 7.073674 ], [ 0.3254861, 7.070847099999986 ], [ 0.3248316, 7.0667 ], [ 0.3243864, 7.064043499999986 ], [ 0.323866, 7.060338199999986 ], [ 0.3232276, 7.056329399999986 ], [ 0.3225249, 7.051841399999986 ], [ 0.3219563, 7.048391599999985 ], [ 0.321393, 7.044845899999985 ], [ 0.3208002, 7.040927399999985 ], [ 0.3201887, 7.037213899999985 ], [ 0.3195879, 7.033282199999985 ], [ 0.3190863, 7.030644099999985 ], [ 0.3207868, 7.028581 ], [ 0.3221387, 7.026994399999984 ], [ 0.3250891, 7.023416599999984 ], [ 0.3303409, 7.017118099999984 ], [ 0.3299251, 7.008591199999985 ], [ 0.3277928, 7.006871399999985 ], [ 0.3258911, 7.005332699999984 ], [ 0.3233215, 7.003274799999985 ], [ 0.3212133, 7.001589699999984 ], [ 0.3184386, 6.999333399999984 ], [ 0.3158811, 6.997291499999984 ], [ 0.3136656, 6.995510499999984 ], [ 0.3118685, 6.993387299999984 ], [ 0.3100982, 6.991209599999984 ], [ 0.3080919, 6.988877399999985 ], [ 0.3060052, 6.986361599999984 ], [ 0.3043717, 6.98445 ], [ 0.3023118, 6.981974099999984 ], [ 0.3003859, 6.979655199999985 ], [ 0.2986076, 6.97756 ], [ 0.2970198, 6.975667 ], [ 0.2953944, 6.973712799999984 ], [ 0.2937341, 6.971782599999984 ], [ 0.2927068, 6.969618099999984 ], [ 0.2910948, 6.969298599999984 ], [ 0.2905476, 6.969767199999984 ], [ 0.2909392, 6.971673499999984 ], [ 0.2912852, 6.973617 ], [ 0.2912074, 6.973917899999984 ] ] } },
{ "type": "Feature", "properties": { "line_id": 1380104390, "circuits": 1.0, "tag_frequency": 50.0, "tag_type": "line", "voltage": 225000, "bus0": null, "bus1": null, "length": null, "underground": false, "under_construction": "False", "dc": false, "country": "GH" }, "geometry": { "type": "LineString", "coordinates": [ [ -1.0628517, 10.8786803 ], [ -1.0630117, 10.8775792 ] ] } },
{ "type": "Feature", "properties": { "line_id": 1380104391, "circuits": 1.0, "tag_frequency": 50.0, "tag_type": "line", "voltage": 225000, "bus0": null, "bus1": null, "length": null, "underground": false, "under_construction": "False", "dc": false, "country": "GH" }, "geometry": { "type": "LineString", "coordinates": [ [ -1.062878, 10.8775815 ], [ -1.0628517, 10.8786803 ] ] } },
{ "type": "Feature", "properties": { "line_id": 1380104392, "circuits": 2.0, "tag_frequency": 50.0, "tag_type": "line", "voltage": 161000, "bus0": null, "bus1": null, "length": null, "underground": false, "under_construction": "False", "dc": false, "country": "GH" }, "geometry": { "type": "LineString", "coordinates": [ [ -1.0637786, 10.8792871 ], [ -1.0630102, 10.8789697 ], [ -1.0625801, 10.8787983 ], [ -1.0615405, 10.8785006 ] ] } },
{ "type": "Feature", "properties": { "line_id": 1380104393, "circuits": 2.0, "tag_frequency": 50.0, "tag_type": "line", "voltage": 161000, "bus0": null, "bus1": null, "length": null, "underground": false, "under_construction": "False", "dc": false, "country": "GH" }, "geometry": { "type": "LineString", "coordinates": [ [ -1.0615405, 10.8785006 ], [ -1.0614306, 10.8776951 ] ] } },
{ "type": "Feature", "properties": { "line_id": 1380104394, "circuits": 2.0, "tag_frequency": 50.0, "tag_type": "line", "voltage": 161000, "bus0": null, "bus1": null, "length": null, "underground": false, "under_construction": "False", "dc": false, "country": "GH" }, "geometry": { "type": "LineString", "coordinates": [ [ -1.0615405, 10.8785006 ], [ -1.0625411, 10.878922 ], [ -1.0629776, 10.8790994 ], [ -1.0637786, 10.8792871 ] ] } },
{ "type": "Feature", "properties": { "line_id": 1380104395, "circuits": 1.0, "tag_frequency": 50.0, "tag_type": "line", "voltage": 161000, "bus0": null, "bus1": null, "length": null, "underground": false, "under_construction": "False", "dc": false, "country": "GH" }, "geometry": { "type": "LineString", "coordinates": [ [ -2.7214581, 10.4187563 ], [ -2.7197844, 10.4193615 ] ] } },
{ "type": "Feature", "properties": { "line_id": 1380104396, "circuits": 1.0, "tag_frequency": 50.0, "tag_type": "line", "voltage": 161000, "bus0": null, "bus1": null, "length": null, "underground": false, "under_construction": "False", "dc": false, "country": "GH" }, "geometry": { "type": "LineString", "coordinates": [ [ -1.0609338, 10.8784355 ], [ -1.0611452, 10.8776841 ] ] } },
{ "type": "Feature", "properties": { "line_id": 1380104397, "circuits": 1.0, "tag_frequency": 50.0, "tag_type": "line", "voltage": 161000, "bus0": null, "bus1": null, "length": null, "underground": false, "under_construction": "False", "dc": false, "country": "GH" }, "geometry": { "type": "LineString", "coordinates": [ [ -1.0611452, 10.8776841 ], [ -1.0611459, 10.8776025 ], [ -1.0611504, 10.8770559 ] ] } },
{ "type": "Feature", "properties": { "line_id": 1380104398, "circuits": 1.0, "tag_frequency": 50.0, "tag_type": "line", "voltage": 161000, "bus0": null, "bus1": null, "length": null, "underground": false, "under_construction": "False", "dc": false, "country": "GH" }, "geometry": { "type": "LineString", "coordinates": [ [ -1.0610177, 10.8776825 ], [ -1.0609338, 10.8784355 ] ] } },
{ "type": "Feature", "properties": { "line_id": 1429532746, "circuits": 1.0, "tag_frequency": 50.0, "tag_type": "line", "voltage": 69000, "bus0": null, "bus1": null, "length": null, "underground": false, "under_construction": "False", "dc": false, "country": "GH" }, "geometry": { "type": "LineString", "coordinates": [ [ 0.53145510000001, 6.078032400000019 ], [ 0.53046430000001, 6.080397500000019 ], [ 0.52940580000001, 6.082768900000019 ], [ 0.52831820000001, 6.085320100000019 ], [ 0.52733070000001, 6.087665900000019 ], [ 0.5262803, 6.090061500000029 ], [ 0.5252409, 6.092432500000029 ], [ 0.5241989, 6.09484750000003 ], [ 0.5231997, 6.097163900000029 ], [ 0.5222073, 6.099496200000029 ], [ 0.5228846, 6.101809800000029 ], [ 0.5237241, 6.104484200000029 ], [ 0.5245583, 6.107157200000029 ], [ 0.5254689, 6.10896940000003 ], [ 0.526118, 6.112347100000029 ], [ 0.5268945, 6.114939400000029 ], [ 0.5276737, 6.117539600000029 ], [ 0.5284783, 6.120214600000029 ], [ 0.5292173, 6.122736100000029 ], [ 0.5299723, 6.125285700000029 ], [ 0.5307502, 6.127879200000029 ], [ 0.5315602, 6.130479400000029 ], [ 0.5323555, 6.133077 ], [ 0.5330837, 6.135585100000029 ], [ 0.5339014, 6.138254300000028 ], [ 0.5347091, 6.140886800000028 ], [ 0.535503, 6.143541600000028 ], [ 0.5362889, 6.146135100000028 ], [ 0.5370279, 6.148592500000028 ], [ 0.5378258, 6.151198 ], [ 0.5386238, 6.153816700000028 ], [ 0.5393721, 6.156323500000028 ], [ 0.5401419, 6.158842200000028 ], [ 0.5409224, 6.161416900000028 ], [ 0.5417418, 6.164220900000029 ], [ 0.5425358, 6.166785 ], [ 0.5433243, 6.169439700000028 ], [ 0.544129, 6.172078300000028 ], [ 0.5449122, 6.174641 ], [ 0.545733, 6.177323600000029 ], [ 0.5465135, 6.180040900000028 ], [ 0.547286, 6.182528900000028 ], [ 0.5480303, 6.184974100000028 ], [ 0.5487833, 6.187493400000029 ], [ 0.549588, 6.190169300000028 ], [ 0.5504014, 6.192868500000029 ], [ 0.5511242, 6.195248400000029 ], [ 0.5518645, 6.197704300000029 ], [ 0.5525793, 6.200030900000029 ], [ 0.5533357, 6.202528100000029 ], [ 0.5540653, 6.204934600000029 ], [ 0.5547465, 6.207222400000029 ], [ 0.5554922, 6.209662300000029 ], [ 0.5562177, 6.212092700000029 ], [ 0.5569272, 6.214429200000029 ], [ 0.5576809, 6.216881700000029 ], [ 0.5570559, 6.219189500000029 ], [ 0.5564176, 6.221577200000029 ], [ 0.5557886, 6.223902400000028 ], [ 0.5551529, 6.226220800000029 ], [ 0.5545051, 6.228611200000029 ], [ 0.5532297, 6.233342700000028 ], [ 0.5531386, 6.235738400000028 ], [ 0.553046, 6.238243400000028 ], [ 0.5529307, 6.241045700000028 ], [ 0.5528435, 6.2437 ], [ 0.5527322, 6.246219600000028 ], [ 0.5526316, 6.249005900000029 ], [ 0.5525418, 6.251441500000029 ], [ 0.5524318, 6.254234400000029 ], [ 0.5523379, 6.256876700000029 ], [ 0.5520415, 6.258353800000028 ], [ 0.5521542, 6.259788200000028 ] ] } },
{ "type": "Feature", "properties": { "line_id": 1443887892, "circuits": 1.0, "tag_frequency": 50.0, "tag_type": "line", "voltage": 69000, "bus0": null, "bus1": null, "length": null, "underground": false, "under_construction": "False", "dc": false, "country": "GH" }, "geometry": { "type": "LineString", "coordinates": [ [ 0.3338251, 6.692883 ], [ 0.3335882, 6.698646299999984 ], [ 0.3335586, 6.701172599999984 ], [ 0.3335244, 6.706366499999985 ], [ 0.3334674, 6.708958899999985 ], [ 0.3334652, 6.714011499999985 ], [ 0.3334196, 6.716977399999985 ], [ 0.3348365, 6.719649499999985 ], [ 0.3362876, 6.722476499999985 ], [ 0.3386636, 6.727009699999985 ], [ 0.3397092, 6.729005299999984 ], [ 0.3444774, 6.7388207 ] ] } },
{ "type": "Feature", "properties": { "line_id": 1470363368, "circuits": 1.0, "tag_frequency": 50.0, "tag_type": "line", "voltage": 161000, "bus0": null, "bus1": null, "length": null, "underground": false, "under_construction": "False", "dc": false, "country": "GH" }, "geometry": { "type": "LineString", "coordinates": [ [ -2.3510495, 7.274795299999981 ], [ -2.3510118, 7.274243899999983 ], [ -2.3495689, 7.271782 ], [ -2.3492315, 7.27118169999998 ] ] } },
{ "type": "Feature", "properties": { "line_id": 1470363369, "circuits": 1.0, "tag_frequency": 50.0, "tag_type": "line", "voltage": 161000, "bus0": null, "bus1": null, "length": null, "underground": false, "under_construction": "False", "dc": false, "country": "GH" }, "geometry": { "type": "LineString", "coordinates": [ [ -2.3532966, 7.269382099999982 ], [ -2.3529223, 7.26964909999998 ], [ -2.34988, 7.270888599999983 ], [ -2.3492315, 7.27118169999998 ], [ -2.3456291, 7.27049 ], [ -2.3439342, 7.270066899999981 ], [ -2.341134, 7.269518799999982 ], [ -2.3386556, 7.268970699999981 ], [ -2.3361058, 7.268368799999982 ], [ -2.3332858, 7.26784519999998 ], [ -2.3304132, 7.26724659999998 ], [ -2.3279643, 7.266741 ], [ -2.3251694, 7.266171699999981 ], [ -2.3211997, 7.265292 ], [ -2.316404, 7.26433579999998 ], [ -2.3128849, 7.26356949999998 ], [ -2.311116, 7.26323159999998 ], [ -2.3078826, 7.26257179999998 ], [ -2.3055053, 7.262069499999983 ], [ -2.3026523, 7.261472899999981 ], [ -2.3004851, 7.26100729999998 ], [ -2.2986665, 7.26062949999998 ], [ -2.2972691, 7.26036339999998 ], [ -2.2925162, 7.259347 ], [ -2.2917679, 7.25926979999998 ], [ -2.2892064, 7.25911819999998 ], [ -2.2867414, 7.25901169999998 ], [ -2.2842899, 7.258884 ], [ -2.2816587, 7.258751 ], [ -2.2787906, 7.258559799999983 ], [ -2.2763371, 7.258455699999979 ], [ -2.2736308, 7.258298699999981 ], [ -2.2708842, 7.258202899999979 ], [ -2.2682476, 7.25805919999998 ], [ -2.2654447, 7.257835699999981 ], [ -2.2628197, 7.257730599999983 ], [ -2.2601044, 7.257646799999979 ], [ -2.2580794, 7.257332799999981 ], [ -2.2548285, 7.256803299999981 ], [ -2.2527069, 7.256476099999981 ], [ -2.2500703, 7.256100899999979 ], [ -2.2472861, 7.25566989999998 ], [ -2.2455856, 7.25543309999998 ], [ -2.2425681, 7.25493819999998 ], [ -2.2407879, 7.254649399999982 ], [ -2.2364554, 7.254030899999981 ], [ -2.2339369, 7.253646199999981 ], [ -2.2312148, 7.253241599999982 ], [ -2.2285278, 7.252785199999982 ], [ -2.2258687, 7.252407799999981 ], [ -2.223197, 7.251998899999982 ], [ -2.2205121, 7.251611 ], [ -2.2181064, 7.251239699999981 ], [ -2.2132784, 7.2505 ], [ -2.2104617, 7.250096099999982 ], [ -2.2082283, 7.249725499999982 ], [ -2.2037458, 7.249047299999981 ], [ -2.2021419, 7.249478299999981 ], [ -2.1998915, 7.250066299999981 ], [ -2.1980247, 7.250585199999981 ], [ -2.1949106, 7.251428600000016 ], [ -2.1939477, 7.252264100000016 ], [ -2.193194, 7.253017100000015 ], [ -2.1929875, 7.253211400000016 ] ] } },
{ "type": "Feature", "properties": { "line_id": 1246170574, "circuits": 1.0, "tag_frequency": 50.0, "tag_type": "cable", "voltage": 330000, "bus0": null, "bus1": null, "length": null, "underground": true, "under_construction": "False", "dc": false, "country": "GH" }, "geometry": { "type": "LineString", "coordinates": [ [ 0.0460904, 5.6807545 ], [ 0.0461565, 5.6807829 ], [ 0.0462225, 5.6808477 ], [ 0.0462866, 5.6808928 ], [ 0.0464223, 5.6809886 ], [ 0.0464751, 5.6810258 ] ] } },
{ "type": "Feature", "properties": { "line_id": 1246170576, "circuits": 1.0, "tag_frequency": 50.0, "tag_type": "cable", "voltage": 161000, "bus0": null, "bus1": null, "length": null, "underground": true, "under_construction": "False", "dc": false, "country": "GH" }, "geometry": { "type": "LineString", "coordinates": [ [ 0.0459369, 5.681945299999989 ], [ 0.0459851, 5.681906599999989 ], [ 0.0460052, 5.681874599999989 ], [ 0.0460093, 5.681833199999989 ], [ 0.0459047, 5.681571699999989 ], [ 0.0458832, 5.681403499999989 ], [ 0.0458336, 5.6812541 ], [ 0.0459301, 5.6812127 ] ] } }
]
}
